id,source,category,split,tactic_authority,tactic_urgency,tactic_scarcity,tactic_reciprocity,tactic_social_proof,tactic_liking,tactic_secrecy,claims,annotators,label_source
bc6984b61ce0a2d5,kaggle_ling,spam,test,0,0,0,0,0,0,0,[],annotator_1+annotator_2+tiebreaker,llm_annotated
b26f5cd8b8e2de3e,phishing_pot,phishing,train,0,1,1,0,0,0,0,[],annotator_1+annotator_2+tiebreaker,llm_annotated
b8f7168628e14fe7,kaggle_ceas08,ham,train,0,0,0,0,0,0,0,[],annotator_1+annotator_2,llm_annotated
1250dfed9b9ba8cd,kaggle_ceas08,ham,test,0,0,0,0,0,0,0,[],annotator_1+annotator_2,llm_annotated
93830c7f49e04a0d,nazario,phishing,train,0,0,0,0,0,0,0,"[{""type"": ""affiliation_external"", ""span"": ""DocuSign"", ""organisation"": ""DocuSign""}, {""type"": ""signature_contact"", ""span"": ""This message was sent to [EMAIL] by DocuSign Electronic Signature Service."", ""organisation"": ""DocuSign""}]",annotator_1+annotator_2+tiebreaker,llm_annotated
9dea9e9b332d7eb5,phishing_pot,phishing,validation,0,0,0,0,0,0,0,[],annotator_1+annotator_2+tiebreaker,llm_annotated
c8e26a6cb844c5e2,nazario,phishing,test,1,0,1,0,0,0,0,"[{""type"": ""signature_contact"", ""span"": ""System Helpdesk 920.056.453"", ""organisation"": ""System Helpdesk""}]",annotator_1+annotator_2+tiebreaker,llm_annotated
339d0c70b8545b37,kaggle_nigerian_fraud,fraud,train,0,0,0,0,0,0,0,"[{""type"": ""reply_direction"", ""span"": ""replyme me through my alternative E-mailaddress:[EMAIL]"", ""organisation"": null}, {""type"": ""signature_contact"", ""span"": ""ELOS UBA, ----------------------------------------------------------------"", ""organisation"": null}]",annotator_1+annotator_2+tiebreaker,llm_annotated
ee2ce3a32e446736,kaggle_ling,ham,train,0,0,0,0,0,0,0,[],annotator_1+annotator_2,llm_annotated
0b8c74f43589dad5,nazario,phishing,train,1,0,1,0,0,0,0,"[{""type"": ""affiliation_internal"", ""span"": ""System Administrator"", ""organisation"": ""System Administrator""}]",annotator_1+annotator_2+tiebreaker,llm_annotated
93e13bbde871f996,kaggle_ceas08,spam,train,0,0,0,0,0,0,0,[],annotator_1+annotator_2,llm_annotated
9da5d8b93b90e539,apache_tomcat_users,ham,validation,0,0,0,0,0,0,0,"[{""type"": ""signature_contact"", ""span"": ""dott. Ivano Mario Luberti Archimede Informatica società cooperativa a r. l. Via Gereschi 36, 56127 Pisa tel.: +39 050/580959"", ""organisation"": ""Archimede Informatica""}]",annotator_1+annotator_2,llm_annotated
49e64a0863241127,nazario,phishing,train,0,0,0,0,0,0,0,"[{""type"": ""affiliation_internal"", ""span"": ""[DOMAIN] email support"", ""organisation"": ""email support""}]",annotator_1+annotator_2+tiebreaker,llm_annotated
8b77a26b7c0028e3,kaggle_ling,ham,validation,0,0,0,0,0,0,0,"[{""type"": ""reply_direction"", ""span"": ""contact our book review editor , andrew carnie , at : [EMAIL]"", ""organisation"": null}]",annotator_1+annotator_2+tiebreaker,llm_annotated
893ab5c54366d8d4,kaggle_nigerian_fraud,fraud,train,0,0,0,0,0,0,0,"[{""type"": ""signature_contact"", ""span"": ""MISS Vivian Mutan"", ""organisation"": null}]",annotator_1+annotator_2+tiebreaker,llm_annotated
2798b85d5e62841b,kaggle_nigerian_fraud,fraud,test,0,0,1,0,0,0,0,"[{""type"": ""affiliation_external"", ""span"": ""INTERNATIONAL COMMERCIAL BANK LTD. (ICB)"", ""organisation"": ""INTERNATIONAL COMMERCIAL BANK LTD. (ICB)""}, {""type"": ""data_request"", ""span"": ""provide me with your Full Names and Address"", ""organisation"": null}]",annotator_1+annotator_2+tiebreaker,llm_annotated
8533404ea4e75480,nazario,phishing,train,1,0,0,0,0,0,0,"[{""type"": ""affiliation_external"", ""span"": ""Regions Bank"", ""organisation"": ""Regions Bank""}]",annotator_1+annotator_2+tiebreaker,llm_annotated
453e82e9bb617060,kaggle_nigerian_fraud,fraud,validation,0,0,0,0,0,0,0,"[{""type"": ""authority"", ""span"": ""Hon. Mr. Hope Sithole one of the Personal Assistants to the young President Joseph Kabila"", ""organisation"": ""Democratic Republic of Congo""}]",annotator_1+annotator_2+tiebreaker,llm_annotated
b458d6aedbbbd5af,kaggle_nigerian_fraud,fraud,train,1,0,1,0,0,0,0,"[{""type"": ""affiliation_external"", ""span"": ""Bank Of Africa"", ""organisation"": ""Bank Of Africa""}, {""type"": ""data_request"", ""span"": ""you must apply first to the bank as relation or next of kin of the deceased indicating your bank name, your bank account number, your private telephone and fax number"", ""organisation"": ""Bank Of Africa""}]",annotator_1+annotator_2+tiebreaker,llm_annotated
e2382f11ed31d4c2,kaggle_nigerian_fraud,fraud,train,0,1,0,0,0,0,1,"[{""type"": ""reply_direction"", ""span"": ""get back to me immediately on Phone:› +234-80-42141411"", ""organisation"": null}, {""type"": ""signature_contact"", ""span"": ""Phone:› 234-80-42141411 Email:› [EMAIL]"", ""organisation"": null}]",annotator_1+annotator_2+tiebreaker,llm_annotated
b914896708a05cf1,apache_kafka_users,ham,test,0,0,0,0,0,0,0,[],annotator_1+annotator_2,llm_annotated
9ae1572fb259ea68,kaggle_enron,ham,validation,0,0,0,0,0,0,0,[],annotator_1+annotator_2+tiebreaker,llm_annotated
b323add102ef16c7,kaggle_ceas08,ham,test,0,0,0,0,0,0,0,[],annotator_1+annotator_2,llm_annotated
d950116ce879e895,apache_tomcat_users,ham,train,0,0,0,0,0,0,0,"[{""type"": ""affiliation_external"", ""span"": ""The Apache Software Foundation"", ""organisation"": ""The Apache Software Foundation""}]",annotator_1+annotator_2,llm_annotated
2d00a12070b77391,kaggle_nigerian_fraud,fraud,test,0,1,0,0,0,0,1,"[{""type"": ""authority"", ""span"": ""former Deputy Minister of Minerals and Energy"", ""organisation"": ""Government of South Africa""}]",annotator_1+annotator_2+tiebreaker,llm_annotated
ace0acd2466e25b2,phishing_pot,phishing,train,0,0,0,0,0,0,0,"[{""type"": ""affiliation_external"", ""span"": ""The Microsoft account team"", ""organisation"": ""Microsoft""}]",annotator_1+annotator_2+tiebreaker,llm_annotated
f8b7d350a8dd38fb,kaggle_enron,spam,train,0,0,0,0,0,0,0,[],annotator_1+annotator_2,llm_annotated
8f85f80f1e02574a,nazario,phishing,validation,0,0,0,0,0,0,0,"[{""type"": ""affiliation_external"", ""span"": ""Bank of America, N.A."", ""organisation"": ""Bank of America""}, {""type"": ""credential_request"", ""span"": ""Please click on sign in to Online Banking"", ""organisation"": ""Bank of America""}]",annotator_1+annotator_2+tiebreaker,llm_annotated
78a76555969f1a4f,nazario,phishing,validation,0,0,0,0,0,0,0,[],annotator_1+annotator_2,llm_annotated
3dfbcfc3ef4ed381,apache_kafka_users,ham,train,0,0,0,0,0,0,0,[],annotator_1+annotator_2+tiebreaker,llm_annotated
70495f6ccf03ef24,kaggle_ceas08,spam,train,0,0,0,0,0,0,0,[],annotator_1+annotator_2,llm_annotated
cf08fdb009784ab0,kaggle_nigerian_fraud,fraud,train,0,0,0,0,0,0,1,"[{""type"": ""reply_direction"", ""span"": ""please do reply this mail, by contacting me strickly on this mail address"", ""organisation"": null}]",annotator_1+annotator_2,llm_annotated
303b3dbc4c5f7d4e,kaggle_enron,spam,test,0,0,0,0,0,0,0,[],annotator_1+annotator_2,llm_annotated
a736bf14f527db9b,nazario,phishing,validation,0,0,0,0,0,0,0,"[{""type"": ""affiliation_internal"", ""span"": ""Microsoft"", ""organisation"": ""Microsoft""}]",annotator_1+annotator_2+tiebreaker,llm_annotated
979d6568f711eb82,phishing_pot,phishing,train,0,0,0,0,0,1,0,"[{""type"": ""signature_contact"", ""span"": ""The Exodus Team"", ""organisation"": ""Exodus""}]",annotator_1+annotator_2+tiebreaker,llm_annotated
e2b390704147a020,spamassassin,ham,train,0,0,0,0,0,0,0,[],annotator_1+annotator_2,llm_annotated
5e067a58296c6c9f,kaggle_enron,ham,train,0,0,0,0,0,0,0,[],annotator_1+annotator_2,llm_annotated
4f712eec2d8befaf,nazario,phishing,test,0,1,1,0,0,0,0,"[{""type"": ""affiliation_internal"", ""span"": ""Email Administrator"", ""organisation"": null}, {""type"": ""credential_request"", ""span"": ""Click here to verify"", ""organisation"": null}]",annotator_1+annotator_2+tiebreaker,llm_annotated
0954ef624964bde8,phishing_pot,phishing,validation,0,0,0,0,0,0,0,"[{""type"": ""affiliation_external"", ""span"": ""Ihr Team von Amazon"", ""organisation"": ""Amazon""}]",annotator_1+annotator_2+tiebreaker,llm_annotated
777c276a7ced43ed,nazario,phishing,train,1,1,1,0,0,0,0,"[{""type"": ""affiliation_internal"", ""span"": ""Admin Staff"", ""organisation"": null}, {""type"": ""credential_request"", ""span"": ""re-validate your mailbox"", ""organisation"": null}]",annotator_1+annotator_2+tiebreaker,llm_annotated
3b6f22ed03620b49,phishing_pot,phishing,validation,0,1,1,0,0,0,0,"[{""type"": ""affiliation_external"", ""span"": ""Ledger Support"", ""organisation"": ""Ledger""}, {""type"": ""reply_direction"", ""span"": ""reply directly to this email"", ""organisation"": null}, {""type"": ""signature_contact"", ""span"": ""Ledger Support ( [URL] )"", ""organisation"": ""Ledger""}]",annotator_1+annotator_2+tiebreaker,llm_annotated
9e6a6547933b882d,phishing_pot,phishing,train,0,0,1,0,0,0,0,[],annotator_1+annotator_2,llm_annotated
468c12a77e8400ba,spamassassin,ham,test,0,0,0,0,0,0,0,[],annotator_1+annotator_2,llm_annotated
8c6a1d566eced697,kaggle_enron,spam,train,0,0,0,0,0,0,0,"[{""type"": ""payment_request"", ""span"": ""buy regalis ( generic cialis )"", ""organisation"": null}]",annotator_1+annotator_2+tiebreaker,llm_annotated
e028ef122e7b6efd,nazario,phishing,validation,0,1,1,0,0,0,0,"[{""type"": ""affiliation_external"", ""span"": ""PayPal Team"", ""organisation"": ""PayPal""}, {""type"": ""signature_contact"", ""span"": ""© Copyright © 1999-2006 PayPal"", ""organisation"": ""PayPal""}, {""type"": ""credential_request"", ""span"": ""click the link below and then complete all steps"", ""organisation"": ""PayPal""}]",annotator_1+annotator_2+tiebreaker,llm_annotated
4eb6f5851f6d373e,kaggle_enron,spam,train,0,0,0,0,0,0,0,[],annotator_1+annotator_2,llm_annotated
62e24ddb6f18e9b9,kaggle_nigerian_fraud,fraud,train,1,0,0,0,0,0,0,"[{""type"": ""affiliation_external"", ""span"": ""NATIONAL PETROLEUM INVESTMENTS MANAGEMENT SERVICES (NAPIMS)"", ""organisation"": ""NAPIMS""}, {""type"": ""authority"", ""span"": ""GENERAL VICTOR MALU"", ""organisation"": ""NAPIMS""}, {""type"": ""signature_contact"", ""span"": ""email: [EMAIL]"", ""organisation"": ""NAPIMS""}]",annotator_1+annotator_2,llm_annotated
f992447f022b7f0e,nazario,phishing,train,1,0,0,0,0,0,0,"[{""type"": ""affiliation_external"", ""span"": ""Regions Bank"", ""organisation"": ""Regions Bank""}, {""type"": ""data_request"", ""span"": ""complete the Regions InterAct Confirmation Form"", ""organisation"": ""Regions Bank""}]",annotator_1+annotator_2+tiebreaker,llm_annotated
a486718b5874b056,spamassassin,spam,test,0,1,1,0,0,0,0,"[{""type"": ""signature_contact"", ""span"": ""1 - 8 0 0 - 8 6 1 - 1 4 8 1"", ""organisation"": null}, {""type"": ""payment_request"", ""span"": ""Only $29.99"", ""organisation"": null}]",annotator_1+annotator_2+tiebreaker,llm_annotated
b9bea558d5927987,phishing_pot,phishing,train,0,0,0,1,0,1,0,"[{""type"": ""affiliation_external"", ""span"": ""Lowe's Home Improvement"", ""organisation"": ""Lowe's""}, {""type"": ""signature_contact"", ""span"": ""1000 Lowes Blvd, Mooresville, NC 28117"", ""organisation"": ""Lowe's""}]",annotator_1+annotator_2+tiebreaker,llm_annotated
483b3025aefe50a9,phishing_pot,phishing,train,0,1,1,0,0,0,0,"[{""type"": ""affiliation_external"", ""span"": ""McDonald's"", ""organisation"": ""McDonald's""}, {""type"": ""data_request"", ""span"": ""Bestätige einfach deine Daten"", ""organisation"": ""McDonald's""}]",annotator_1+annotator_2+tiebreaker,llm_annotated
e6b32a671d64ef11,kaggle_ling,ham,train,0,1,0,0,0,0,0,[],annotator_1+annotator_2+tiebreaker,llm_annotated
2867bcb41cb5e9b4,nazario,phishing,train,0,0,0,0,0,0,1,"[{""type"": ""affiliation_external"", ""span"": ""Docusign"", ""organisation"": ""Docusign""}, {""type"": ""reply_direction"", ""span"": ""reach out to the sender by emailing them directly"", ""organisation"": null}, {""type"": ""credential_request"", ""span"": ""sign in"", ""organisation"": ""Docusign""}]",annotator_1+annotator_2+tiebreaker,llm_annotated
b9c3ed836d11940e,kaggle_nigerian_fraud,fraud,train,1,1,0,0,0,0,0,"[{""type"": ""affiliation_external"", ""span"": ""SunTrust Promotions International"", ""organisation"": ""SunTrust""}, {""type"": ""reply_direction"", ""span"": ""contact our agents by email or telephone"", ""organisation"": null}, {""type"": ""signature_contact"", ""span"": ""Mr. Ben Moore. Payment Officer Email: [EMAIL]"", ""organisation"": ""SunTrust""}]",annotator_1+annotator_2+tiebreaker,llm_annotated
b9af9b6130ead0a8,kaggle_nigerian_fraud,fraud,train,1,1,1,0,0,0,1,"[{""type"": ""authority"", ""span"": ""Auditor General of a bank in Africa"", ""organisation"": null}]",annotator_1+annotator_2+tiebreaker,llm_annotated
86ffe48bf47328e4,kaggle_ling,ham,train,0,0,0,0,0,0,0,[],annotator_1+annotator_2,llm_annotated
c61818f2eda13ee0,phishing_pot,phishing,train,1,1,0,0,0,0,1,"[{""type"": ""affiliation_external"", ""span"": ""COMISSÃO DE INDENIZAÇÃO DA CEDEAO"", ""organisation"": ""CEDEAO""}, {""type"": ""reply_direction"", ""span"": ""ENTRE EM CONTATO COM A SRA. SYLVIE SCHOLASTIQUE IDA COULIBALY"", ""organisation"": ""Western Union""}, {""type"": ""signature_contact"", ""span"": ""E-MAIL: [EMAIL]"", ""organisation"": ""Western Union""}]",annotator_1+annotator_2,llm_annotated
6687e2ae7829f7a1,phishing_pot,phishing,train,1,0,0,0,0,0,0,"[{""type"": ""affiliation_external"", ""span"": ""CAIXA TEM"", ""organisation"": ""Caixa""}]",annotator_1+annotator_2+tiebreaker,llm_annotated
1f93fbc5e38fca03,apache_kafka_users,ham,train,0,0,0,0,1,0,0,[],annotator_1+annotator_2,llm_annotated
ab87b8d2b3646eb4,spamassassin,ham,test,0,1,1,0,0,0,0,"[{""type"": ""signature_contact"", ""span"": ""Please send all questions, comments, and concerns regarding the CNET Auctions Newsletter to [EMAIL]"", ""organisation"": ""CNET""}]",annotator_1+annotator_2+tiebreaker,llm_annotated
445cf992754ea195,phishing_pot,phishing,train,0,0,0,1,1,1,0,"[{""type"": ""affiliation_internal"", ""span"": ""Lieber Decathlon-Kunde"", ""organisation"": ""Decathlon""}]",annotator_1+annotator_2+tiebreaker,llm_annotated
642fb8753de6e81c,phishing_pot,phishing,validation,0,0,0,0,0,0,0,"[{""type"": ""affiliation_external"", ""span"": ""Zilveren Kruis"", ""organisation"": ""Zilveren Kruis""}, {""type"": ""signature_contact"", ""span"": ""neem gerust contact op met ons ondersteuningsteam via [EMAIL] ([URL]) of bel ons op +31 763459313"", ""organisation"": ""Zilveren Kruis""}, {""type"": ""credential_request"", ""span"": ""Log in op uw Zilveren Kruis account"", ""organisation"": ""Zilveren Kruis""}]",annotator_1+annotator_2+tiebreaker,llm_annotated
c7f6e27b9eddb2b6,kaggle_nigerian_fraud,fraud,train,1,0,0,0,0,0,1,"[{""type"": ""affiliation_internal"", ""span"": ""BANK OF AFRICA (BOA)"", ""organisation"": ""BANK OF AFRICA""}, {""type"": ""authority"", ""span"": ""THE BILL AND EXCHANGE MANAGER AUDITING AND ACCOUNTING UNIT"", ""organisation"": ""BANK OF AFRICA""}]",annotator_1+annotator_2+tiebreaker,llm_annotated
db030cc79c0e24a7,kaggle_ceas08,spam,test,0,0,0,0,0,0,0,[],annotator_1+annotator_2,llm_annotated
8370d15025e8e523,nazario,phishing,train,0,1,0,0,0,0,0,"[{""type"": ""affiliation_external"", ""span"": ""PayPal"", ""organisation"": ""PayPal""}, {""type"": ""credential_request"", ""span"": ""Login to your account by clicking on the link below"", ""organisation"": ""PayPal""}]",annotator_1+annotator_2+tiebreaker,llm_annotated
c6e14cee5f2548f4,phishing_pot,phishing,train,0,1,1,0,0,0,0,"[{""type"": ""signature_contact"", ""span"": ""616 Corporate Way Ste.2-9092 Valley Cottage, NY 10989"", ""organisation"": null}]",annotator_1+annotator_2,llm_annotated
66d4a3c6ec732aba,nazario,phishing,test,0,0,0,0,0,0,0,[],annotator_1+annotator_2,llm_annotated
c150d5208e052dad,spamassassin,ham,train,0,0,0,0,0,0,0,[],annotator_1+annotator_2,llm_annotated
da1cfa46cc8c1c8f,kaggle_nigerian_fraud,fraud,train,1,1,0,0,0,0,1,"[{""type"": ""affiliation_external"", ""span"": ""World Trade Organisation"", ""organisation"": ""World Trade Organisation""}, {""type"": ""authority"", ""span"": ""I am the Accounts/ Project Director in-charge of the Middle East regional representation"", ""organisation"": ""United Nations""}]",annotator_1+annotator_2+tiebreaker,llm_annotated
c0a4efa385b467ed,kaggle_nigerian_fraud,fraud,test,0,0,0,0,0,0,0,"[{""type"": ""affiliation_external"", ""span"": ""Benin centre for external trade, tourism department"", ""organisation"": ""Benin centre for external trade""}]",annotator_1+annotator_2+tiebreaker,llm_annotated
a9c1d87a215fde99,kaggle_nigerian_fraud,fraud,train,0,0,0,0,0,0,0,"[{""type"": ""reply_direction"", ""span"": ""contact me if you are Intersted To serve as the guardian of this fund"", ""organisation"": null}]",annotator_1+annotator_2+tiebreaker,llm_annotated
395aa459994ae35f,kaggle_ling,ham,test,0,0,0,0,0,0,0,"[{""type"": ""signature_contact"", ""span"": ""rint sybesma holland academic graphics po box 53292 2505 ag the hague the netherlands fax : + 31 70 448 0177"", ""organisation"": ""holland academic graphics""}]",annotator_1+annotator_2,llm_annotated
e70986f8565f1d63,kaggle_nigerian_fraud,fraud,train,0,0,0,0,0,0,0,[],annotator_1+annotator_2+tiebreaker,llm_annotated
b6447befc734a8c5,nazario,phishing,train,1,1,0,0,0,0,0,"[{""type"": ""affiliation_external"", ""span"": ""eBay"", ""organisation"": ""eBay""}, {""type"": ""credential_request"", ""span"": ""confirm your Account Informations"", ""organisation"": ""eBay""}]",annotator_1+annotator_2,llm_annotated
d303555b9da90068,apache_kafka_users,ham,train,0,0,0,0,0,0,0,[],annotator_1+annotator_2+tiebreaker,llm_annotated
a9e342e85c40f344,nazario,phishing,train,1,1,1,0,0,0,0,"[{""type"": ""affiliation_external"", ""span"": ""eBay"", ""organisation"": ""eBay""}, {""type"": ""credential_request"", ""span"": ""re-update your account information"", ""organisation"": ""eBay""}]",annotator_1+annotator_2,llm_annotated
80c37dc212249976,phishing_pot,phishing,validation,0,1,1,0,0,0,0,"[{""type"": ""affiliation_external"", ""span"": ""AAA | American Automobile Association"", ""organisation"": ""AAA""}]",annotator_1+annotator_2+tiebreaker,llm_annotated
2aac57372f3c85f7,phishing_pot,phishing,validation,1,1,1,0,0,0,0,"[{""type"": ""affiliation_external"", ""span"": ""Ledger Support"", ""organisation"": ""Ledger""}, {""type"": ""signature_contact"", ""span"": ""Ledger, 27 Rue des Rosiers, 75004 Paris, France"", ""organisation"": ""Ledger""}, {""type"": ""credential_request"", ""span"": ""verify whether your recovery phrase has been compromised"", ""organisation"": ""Ledger""}]",annotator_1+annotator_2+tiebreaker,llm_annotated
79f7bbf0065bbe14,kaggle_nigerian_fraud,fraud,train,0,0,0,0,0,0,0,"[{""type"": ""data_request"", ""span"": ""furnish me with your bank particulars: 1) Account name 2) Account number 3) Bank address 4) Your telephone and fax number"", ""organisation"": null}]",annotator_1+annotator_2+tiebreaker,llm_annotated
4ca4de81ab92ae52,kaggle_enron,spam,validation,0,0,0,0,0,0,0,[],annotator_1+annotator_2,llm_annotated
90d8a3b7b74ba3f1,phishing_pot,phishing,train,0,1,1,0,0,0,0,[],annotator_1+annotator_2+tiebreaker,llm_annotated
c7337281425cc7ac,nazario,phishing,test,1,1,1,0,0,0,0,"[{""type"": ""affiliation_internal"", ""span"": ""Chase Online Personal Banking"", ""organisation"": ""Chase""}, {""type"": ""credential_request"", ""span"": ""Click here to login in your Chase Online account"", ""organisation"": ""Chase""}]",annotator_1+annotator_2+tiebreaker,llm_annotated
a1d6296e23f56340,kaggle_ceas08,ham,train,0,0,0,0,0,0,0,"[{""type"": ""affiliation_internal"", ""span"": ""MoveOn member"", ""organisation"": ""MoveOn""}]",annotator_1+annotator_2+tiebreaker,llm_annotated
91929d95359f27fb,kaggle_nigerian_fraud,fraud,train,0,0,0,0,0,0,0,[],annotator_1+annotator_2+tiebreaker,llm_annotated
feb48d5ef02707c1,kaggle_ling,ham,test,0,0,0,0,0,0,0,[],annotator_1+annotator_2,llm_annotated
abf62e802d88aa9a,kaggle_enron,ham,test,0,0,0,0,0,0,0,[],annotator_1+annotator_2,llm_annotated
d809bce6d4643334,kaggle_enron,ham,train,0,0,0,0,0,0,0,[],annotator_1+annotator_2,llm_annotated
56512174813cd1a9,kaggle_nigerian_fraud,fraud,train,1,1,1,0,0,0,0,"[{""type"": ""authority"", ""span"": ""Barr.Myke Utaki,an Attorney at law"", ""organisation"": null}]",annotator_1+annotator_2+tiebreaker,llm_annotated
6a39054dd5170c31,phishing_pot,phishing,train,0,0,0,0,0,0,0,[],annotator_1+annotator_2+tiebreaker,llm_annotated
8a7cc88c54ebaab8,kaggle_ceas08,ham,train,0,0,0,0,0,0,0,[],annotator_1+annotator_2,llm_annotated
be3671d1405e2bce,kaggle_nigerian_fraud,fraud,train,1,1,1,0,0,0,1,"[{""type"": ""authority"", ""span"": ""Bank Manager of Standard Trust Bank Plc"", ""organisation"": ""Standard Trust Bank Plc""}, {""type"": ""signature_contact"", ""span"": ""STANDARD TRUST BANK PLC Tel: 234-1-7760497 Fax: 234-1-7599947 Private Email:[EMAIL]"", ""organisation"": ""Standard Trust Bank Plc""}]",annotator_1+annotator_2+tiebreaker,llm_annotated
0b58503c6e4dde68,kaggle_nigerian_fraud,fraud,train,0,0,0,0,0,0,0,[],annotator_1+annotator_2+tiebreaker,llm_annotated
f2133d4ddc2ff412,phishing_pot,phishing,validation,0,1,1,0,0,0,0,"[{""type"": ""affiliation_external"", ""span"": ""Netflix"", ""organisation"": ""Netflix""}, {""type"": ""payment_change"", ""span"": ""Update your Payment Details"", ""organisation"": ""Netflix""}]",annotator_1+annotator_2+tiebreaker,llm_annotated
e71586bc5a115c3a,apache_kafka_users,ham,train,0,0,0,0,0,0,0,[],annotator_1+annotator_2,llm_annotated
0f064ce8157fdea0,kaggle_ceas08,ham,train,0,0,0,0,0,0,0,[],annotator_1+annotator_2,llm_annotated
117bd2f8fdc4868b,kaggle_enron,spam,train,0,0,0,0,0,0,0,[],annotator_1+annotator_2,llm_annotated
bc8be55333a33a40,spamassassin,spam,validation,0,0,0,0,0,0,0,[],annotator_1+annotator_2,llm_annotated
cce3c7a96a604532,phishing_pot,phishing,train,0,0,0,0,0,0,0,[],annotator_1+annotator_2+tiebreaker,llm_annotated
48ce18b1b4a6fc89,apache_kafka_users,ham,validation,0,0,0,0,0,0,0,[],annotator_1+annotator_2,llm_annotated
da8a4fa181a8dd75,phishing_pot,phishing,train,0,0,0,0,0,0,0,[],annotator_1+annotator_2+tiebreaker,llm_annotated
3010ca1e48bb41bf,kaggle_enron,ham,train,0,0,0,0,0,0,0,[],annotator_1+annotator_2+tiebreaker,llm_annotated
c97be80f2a3dc708,nazario,phishing,validation,0,0,0,0,0,0,0,[],annotator_1+annotator_2,llm_annotated
53f45f69775d487b,phishing_pot,phishing,test,0,1,0,0,0,0,0,[],annotator_1+annotator_2+tiebreaker,llm_annotated
32bf5a33c3257cb4,kaggle_nigerian_fraud,fraud,test,0,0,0,0,0,0,0,[],annotator_1+annotator_2+tiebreaker,llm_annotated
224aac672144b0cb,kaggle_nigerian_fraud,fraud,validation,0,0,0,0,0,0,0,[],annotator_1+annotator_2+tiebreaker,llm_annotated
b9fafaaa1ab98137,kaggle_enron,spam,train,0,0,0,0,0,0,0,"[{""type"": ""signature_contact"", ""span"": ""customerservice @ computron - [DOMAIN] tel + 971 4 8834464"", ""organisation"": ""Computron""}]",annotator_1+annotator_2,llm_annotated
1724d6aa00d42bec,nazario,phishing,train,0,0,0,0,0,0,0,"[{""type"": ""affiliation_external"", ""span"": ""Bank of the West"", ""organisation"": ""Bank of the West""}, {""type"": ""data_request"", ""span"": ""complete Bank of the West Business/Corporate Customer Details Update Form"", ""organisation"": ""Bank of the West""}]",annotator_1+annotator_2+tiebreaker,llm_annotated
2320d62a95784d31,apache_kafka_users,ham,validation,0,0,0,0,0,0,0,[],annotator_1+annotator_2,llm_annotated
83add847b9bac93f,kaggle_nigerian_fraud,fraud,test,0,0,0,0,0,0,1,"[{""type"": ""affiliation_internal"", ""span"": ""I work in the International Operation Department in a Bank here in London"", ""organisation"": null}]",annotator_1+annotator_2+tiebreaker,llm_annotated
83e403f469dd8af4,phishing_pot,phishing,train,0,1,0,0,0,0,0,[],annotator_1+annotator_2+tiebreaker,llm_annotated
7985e3b7110ff0a5,nazario,phishing,train,0,1,1,0,0,0,0,"[{""type"": ""affiliation_external"", ""span"": ""PayPal"", ""organisation"": ""PayPal""}, {""type"": ""credential_request"", ""span"": ""Click here to verify your account"", ""organisation"": ""PayPal""}]",annotator_1+annotator_2+tiebreaker,llm_annotated
975c91b5278ffb4e,nazario,phishing,test,0,0,0,0,0,0,0,[],annotator_1+annotator_2,llm_annotated
2e08a6cc071aa8a9,nazario,phishing,validation,0,1,1,0,0,0,0,"[{""type"": ""affiliation_internal"", ""span"": ""Account Service"", ""organisation"": null}, {""type"": ""credential_request"", ""span"": ""CLICK HERE TO UPDATE YOUR E-MAIL ACCOUNT"", ""organisation"": null}]",annotator_1+annotator_2+tiebreaker,llm_annotated
96a033a20c4c4c7a,nazario,phishing,train,0,0,0,0,0,0,0,"[{""type"": ""affiliation_external"", ""span"": ""PayPal"", ""organisation"": ""PayPal""}, {""type"": ""payment_request"", ""span"": ""PayPal has successfully charged $175 to your credit card"", ""organisation"": ""PayPal""}]",annotator_1+annotator_2+tiebreaker,llm_annotated
16e9379bc58b3acc,nazario,phishing,train,0,0,0,0,0,0,0,"[{""type"": ""affiliation_external"", ""span"": ""PayPal"", ""organisation"": ""PayPal""}, {""type"": ""credential_request"", ""span"": ""Login to your Paypal with your Paypal username and password"", ""organisation"": ""PayPal""}]",annotator_1+annotator_2+tiebreaker,llm_annotated
e820deb8e6626eb9,kaggle_ceas08,ham,train,0,1,0,0,0,0,0,[],annotator_1+annotator_2,llm_annotated
4fd8c90db6316684,kaggle_ceas08,ham,validation,0,0,0,0,0,0,0,[],annotator_1+annotator_2+tiebreaker,llm_annotated
0f2498134aa788c5,nazario,phishing,test,0,1,1,0,0,0,0,"[{""type"": ""affiliation_external"", ""span"": ""National Credit Union Administration"", ""organisation"": ""National Credit Union Administration""}, {""type"": ""data_request"", ""span"": ""update your personal account records"", ""organisation"": ""National Credit Union Administration""}]",annotator_1+annotator_2+tiebreaker,llm_annotated
34207fb347550e03,nazario,phishing,validation,0,0,0,0,0,0,0,"[{""type"": ""affiliation_external"", ""span"": ""eBay International AG"", ""organisation"": ""eBay""}]",annotator_1+annotator_2,llm_annotated
6c250aee1b3b65ad,nazario,phishing,train,0,1,1,0,0,0,0,"[{""type"": ""affiliation_internal"", ""span"": ""Admin Mail Maintenance"", ""organisation"": null}, {""type"": ""credential_request"", ""span"": ""click on your Email below to sign in and verify your mail account"", ""organisation"": null}]",annotator_1+annotator_2+tiebreaker,llm_annotated
3b611fede7a59b3b,nazario,phishing,train,0,0,0,0,0,0,0,"[{""type"": ""affiliation_external"", ""span"": ""GoDaddy Customer Support Team"", ""organisation"": ""GoDaddy""}, {""type"": ""data_request"", ""span"": ""complete GoDaddy Customer Online Form"", ""organisation"": ""GoDaddy""}]",annotator_1+annotator_2+tiebreaker,llm_annotated
ef0c0b4220bab0fb,kaggle_ceas08,ham,train,0,0,0,0,0,0,0,[],annotator_1+annotator_2+tiebreaker,llm_annotated
146df017b6c1234f,kaggle_nigerian_fraud,fraud,validation,0,0,0,0,0,0,0,"[{""type"": ""signature_contact"", ""span"": ""El Hadji Abdul Mohamed. Managing Partner, HST&Associates."", ""organisation"": ""HST&Associates""}]",annotator_1+annotator_2+tiebreaker,llm_annotated
49d30517a005e606,kaggle_nigerian_fraud,fraud,validation,1,0,0,0,0,0,1,"[{""type"": ""authority"", ""span"": ""I am the chairman of the contract award committee of the Gold and Natural resources ministry"", ""organisation"": ""Gold and Natural resources ministry""}]",annotator_1+annotator_2+tiebreaker,llm_annotated
ca3b9fcb09291796,spamassassin,spam,train,0,0,0,0,0,0,0,[],annotator_1+annotator_2+tiebreaker,llm_annotated
e6aade0ef7f00927,kaggle_nigerian_fraud,fraud,validation,0,0,0,0,0,0,0,"[{""type"": ""signature_contact"", ""span"": ""William Mabaye"", ""organisation"": null}]",annotator_1+annotator_2+tiebreaker,llm_annotated
81a4dbdc4697fdc3,kaggle_enron,ham,train,0,0,0,0,0,0,0,[],annotator_1+annotator_2,llm_annotated
7c69f13d12210e9a,spamassassin,spam,train,0,0,0,0,0,0,0,"[{""type"": ""reply_direction"", ""span"": ""Email me with 'Send Link' in the subject line to: [EMAIL]"", ""organisation"": null}]",annotator_1+annotator_2+tiebreaker,llm_annotated
0cbafdf1640ac1e0,phishing_pot,phishing,train,0,0,0,0,0,0,0,"[{""type"": ""prior_relationship"", ""span"": ""In response to our previous email"", ""organisation"": null}]",annotator_1+annotator_2+tiebreaker,llm_annotated
3c266d044eeb338c,spamassassin,spam,train,0,0,0,0,0,0,0,"[{""type"": ""signature_contact"", ""span"": ""Alcohol org Inc. Mr.Paul Smith Tel : 82-2-459-3123 Fax : 82-2-3411-3118"", ""organisation"": ""Alcohol org Inc.""}]",annotator_1+annotator_2,llm_annotated
33f9927c9dae3924,kaggle_nigerian_fraud,fraud,train,0,0,0,0,0,0,1,[],annotator_1+annotator_2+tiebreaker,llm_annotated
bd08f7d2cc006420,kaggle_nigerian_fraud,fraud,train,0,0,0,0,0,0,0,[],annotator_1+annotator_2+tiebreaker,llm_annotated
d1f344bba5b44d52,nazario,phishing,validation,1,1,1,0,0,0,0,"[{""type"": ""affiliation_external"", ""span"": ""eBay"", ""organisation"": ""eBay""}, {""type"": ""credential_request"", ""span"": ""update and verify your information"", ""organisation"": ""eBay""}]",annotator_1+annotator_2,llm_annotated
87384a312667ce31,kaggle_ceas08,spam,validation,0,0,0,0,0,0,0,[],annotator_1+annotator_2,llm_annotated
bd885b00df658dfd,kaggle_enron,ham,train,0,0,0,0,0,0,0,"[{""type"": ""signature_contact"", ""span"": ""billing inquiries : phone : toll free in the u . s . and canada : ( 800 ) 899 - 9723"", ""organisation"": null}, {""type"": ""payment_request"", ""span"": ""amount charged ( us $ ) : $ 35 . 00"", ""organisation"": null}]",annotator_1+annotator_2+tiebreaker,llm_annotated
097a52c577b21578,kaggle_enron,ham,train,0,1,0,0,0,0,0,"[{""type"": ""prior_relationship"", ""span"": ""i did get your phone message about the summer"", ""organisation"": null}]",annotator_1+annotator_2+tiebreaker,llm_annotated
79eccdbe8eb77a1c,spamassassin,ham,train,0,0,0,0,0,0,0,[],annotator_1+annotator_2+tiebreaker,llm_annotated
3e163b23883e383b,kaggle_enron,ham,test,0,0,0,0,0,0,0,[],annotator_1+annotator_2+tiebreaker,llm_annotated
2babeaf40d881297,kaggle_nigerian_fraud,fraud,train,0,1,0,0,0,0,1,"[{""type"": ""affiliation_internal"", ""span"": ""I am a Staff of United Bank for Africa (UBA)"", ""organisation"": ""United Bank for Africa""}, {""type"": ""signature_contact"", ""span"": ""Tel: 234-1-7756809 Fax: 234-1-7599173 E-MAIL:[EMAIL]"", ""organisation"": null}]",annotator_1+annotator_2+tiebreaker,llm_annotated
74187bc00b2999b6,phishing_pot,phishing,train,0,0,0,0,0,0,0,[],annotator_1+annotator_2+tiebreaker,llm_annotated
64368f373b703fcd,nazario,phishing,train,0,1,1,0,0,0,0,"[{""type"": ""affiliation_external"", ""span"": ""Bank of the West"", ""organisation"": ""Bank of the West""}, {""type"": ""credential_request"", ""span"": ""log in to your account"", ""organisation"": ""Bank of the West""}]",annotator_1+annotator_2,llm_annotated
64a8b58d145115d2,nazario,phishing,train,0,1,1,0,0,0,0,"[{""type"": ""affiliation_external"", ""span"": ""eBay Billing Deptartment"", ""organisation"": ""eBay""}, {""type"": ""credential_request"", ""span"": ""update and verify your information"", ""organisation"": ""eBay""}, {""type"": ""data_request"", ""span"": ""Please update and verify your information"", ""organisation"": null}]",annotator_1+annotator_2+tiebreaker,llm_annotated
deb1ae4a2d97b182,nazario,phishing,train,0,1,1,0,0,0,0,"[{""type"": ""credential_request"", ""span"": ""To reset and re validate kindly CLICK HERE"", ""organisation"": null}]",annotator_1+annotator_2+tiebreaker,llm_annotated
c6d14de8daf22cf5,kaggle_nigerian_fraud,fraud,train,0,0,0,0,0,0,1,[],annotator_1+annotator_2+tiebreaker,llm_annotated
1e6f02cc5b3d142c,phishing_pot,phishing,test,0,0,0,0,0,0,0,"[{""type"": ""affiliation_external"", ""span"": ""OpenSea"", ""organisation"": ""OpenSea""}]",annotator_1+annotator_2,llm_annotated
571208b3c22a111d,kaggle_nigerian_fraud,fraud,train,0,0,0,0,0,0,0,"[{""type"": ""authority"", ""span"": ""I AM AN ATTORNEY & CONSULTANT TO AN INFLUENTIAL POLITICIAN"", ""organisation"": null}]",annotator_1+annotator_2+tiebreaker,llm_annotated
9978fc3b58093a40,phishing_pot,phishing,train,0,0,0,0,0,0,0,[],annotator_1+annotator_2+tiebreaker,llm_annotated
6bea768e3371e37e,nazario,phishing,train,1,0,1,0,0,0,0,"[{""type"": ""affiliation_internal"", ""span"": ""IT System Administrator"", ""organisation"": null}, {""type"": ""authority"", ""span"": ""IT System Administrator."", ""organisation"": null}, {""type"": ""credential_request"", ""span"": ""(3) Password: (4) Confirm Password:"", ""organisation"": null}, {""type"": ""data_request"", ""span"": ""FILL THE DATA NEEDED, AND SEND THE EMAIL BELOW (1) E-mail: (2) Username: (3) Password: (4) Confirm Password:"", ""organisation"": null}]",annotator_1+annotator_2+tiebreaker,llm_annotated
3cdbc0116e75a54b,kaggle_nigerian_fraud,fraud,validation,0,0,0,0,0,0,1,[],annotator_1+annotator_2+tiebreaker,llm_annotated
63d167721fb7d1a5,spamassassin,spam,train,0,0,0,0,0,0,0,[],annotator_1+annotator_2,llm_annotated
744231807566655b,nazario,phishing,train,1,1,1,0,0,0,0,"[{""type"": ""affiliation_internal"", ""span"": ""IT-support Team"", ""organisation"": null}, {""type"": ""credential_request"", ""span"": ""Verify User Now"", ""organisation"": null}]",annotator_1+annotator_2,llm_annotated
838cca53792079cf,phishing_pot,phishing,train,0,0,0,0,0,0,0,"[{""type"": ""affiliation_external"", ""span"": ""Jet4bet"", ""organisation"": ""Jet4bet""}]",annotator_1+annotator_2,llm_annotated
7e2f35558268bb24,spamassassin,ham,train,0,0,0,0,0,0,0,[],annotator_1+annotator_2,llm_annotated
6baaf2c4fc6bfd39,phishing_pot,phishing,test,0,0,0,0,0,0,0,"[{""type"": ""affiliation_external"", ""span"": ""we at Ledger"", ""organisation"": ""Ledger""}]",annotator_1+annotator_2+tiebreaker,llm_annotated
3f24564ded307bab,nazario,phishing,train,0,0,0,0,0,0,0,[],annotator_1+annotator_2+tiebreaker,llm_annotated
21060023449a7ef6,kaggle_ceas08,spam,validation,0,0,0,0,0,0,0,[],annotator_1+annotator_2,llm_annotated
cb2911beb848f92f,kaggle_enron,ham,train,0,0,0,0,0,1,0,"[{""type"": ""reply_direction"", ""span"": ""please , call me during the next few days ( 713 ) 853 3848"", ""organisation"": null}, {""type"": ""reply_direction"", ""span"": ""please , contact molly magee to talk about the first day orientation program . her e - mail address is [EMAIL] , and her phone number is ( 713 ) 853 - 4804"", ""organisation"": null}, {""type"": ""signature_contact"", ""span"": ""( 713 ) 853 3848"", ""organisation"": null}]",annotator_1+annotator_2+tiebreaker,llm_annotated
261e313da812ac1a,kaggle_nigerian_fraud,fraud,test,0,0,0,0,0,0,0,"[{""type"": ""data_request"", ""span"": ""include in your response the following: (1)Your full name and contact address"", ""organisation"": null}]",annotator_1+annotator_2+tiebreaker,llm_annotated
5e4801e7ef3e5e40,kaggle_enron,spam,train,0,0,0,0,0,0,0,[],annotator_1+annotator_2+tiebreaker,llm_annotated
dc9d955a4860f4f4,kaggle_nigerian_fraud,fraud,validation,0,0,0,0,0,0,0,"[{""type"": ""affiliation_internal"", ""span"": ""CHIEF AUDITOR MINISTRIE OF FINANCE ECONOMICS COTONOU-BENIN REPUBLIC"", ""organisation"": ""MINISTRIE OF FINANCE ECONOMICS COTONOU-BENIN REPUBLIC""}, {""type"": ""affiliation_external"", ""span"": ""Banque Centrale Des Etats De L`Afrique De L`Ouest (Central Bank of the West African States)"", ""organisation"": ""Banque Centrale Des Etats De L`Afrique De L`Ouest (Central Bank of the West African States)""}, {""type"": ""authority"", ""span"": ""I am AUDITOR EDWARD CHIEF AUDITOR MINISTRIE OF FINANCE ECONOMICS COTONOU-BENIN REPUBLIC"", ""organisation"": ""MINISTRIE OF FINANCE ECONOMICS COTONOU-BENIN REPUBLIC""}]",annotator_1+annotator_2+tiebreaker,llm_annotated
30b5595bf5a431d7,kaggle_enron,spam,test,0,0,0,0,0,0,0,"[{""type"": ""prior_relationship"", ""span"": ""i hope you enjoined the last mordctgage loogan you got from our company"", ""organisation"": null}]",annotator_1+annotator_2+tiebreaker,llm_annotated
e8e26b911462a588,kaggle_nigerian_fraud,fraud,train,0,0,0,0,0,0,0,"[{""type"": ""data_request"", ""span"": ""reply me with your telephone and fax number together with your full resident address"", ""organisation"": null}]",annotator_1+annotator_2+tiebreaker,llm_annotated
ba422cfc5f0e876c,kaggle_nigerian_fraud,fraud,validation,0,1,0,0,0,0,0,"[{""type"": ""affiliation_internal"", ""span"": ""NIGERIAN NATIONAL PETROLEUM CORPORATION (NNPC)"", ""organisation"": ""NIGERIAN NATIONAL PETROLEUM CORPORATION (NNPC)""}, {""type"": ""affiliation_external"", ""span"": ""Central Bank of Nigeria"", ""organisation"": ""Central Bank of Nigeria""}, {""type"": ""authority"", ""span"": ""DR. RICHARD AKUEZE DIRECTOR PROJECT IMPLEMENTATION NIGERIAN NATIONAL PETROLEUM CORPORATION"", ""organisation"": ""NIGERIAN NATIONAL PETROLEUM CORPORATION""}, {""type"": ""reply_direction"", ""span"": ""get in touch with me immediately through my alternative email :[EMAIL]"", ""organisation"": null}]",annotator_1+annotator_2+tiebreaker,llm_annotated
66de9c6d5356bdb1,kaggle_nigerian_fraud,fraud,train,0,0,0,0,0,0,0,[],annotator_1+annotator_2+tiebreaker,llm_annotated
3e4a2c74d4d54365,phishing_pot,phishing,validation,0,1,0,0,0,0,0,"[{""type"": ""signature_contact"", ""span"": ""Mrs. Floria Morton Email: ([EMAIL]‹[EMAIL]›)"", ""organisation"": null}]",annotator_1+annotator_2+tiebreaker,llm_annotated
8a40539c5d28c56e,kaggle_ceas08,spam,train,0,0,0,0,0,0,0,[],annotator_1+annotator_2,llm_annotated
0500e784ed846fb9,kaggle_ceas08,spam,train,0,0,0,0,0,0,0,[],annotator_1+annotator_2+tiebreaker,llm_annotated
885716f7e7392ba3,kaggle_enron,ham,train,1,1,0,0,0,0,0,"[{""type"": ""affiliation_internal"", ""span"": ""executive compensation group"", ""organisation"": null}, {""type"": ""signature_contact"", ""span"": ""contact me if you have any questions at 713 - 853 - 7769 . thanks ! sharon"", ""organisation"": null}, {""type"": ""data_request"", ""span"": ""please provide me with your current personal ene stock holdings"", ""organisation"": null}]",annotator_1+annotator_2+tiebreaker,llm_annotated
263addad2105809e,nazario,phishing,test,0,1,1,0,0,0,0,"[{""type"": ""affiliation_external"", ""span"": ""Vйrifie par Visa (Verified by Visa) et Sйcuritй MasterCard"", ""organisation"": ""Visa/MasterCard""}, {""type"": ""credential_request"", ""span"": ""mettre a jour les informations et les coordonnes de votre Compte bancaire et votre carte de crйdit"", ""organisation"": null}]",annotator_1+annotator_2+tiebreaker,llm_annotated
1a01c091a2d4d671,kaggle_enron,spam,validation,0,0,0,0,0,0,0,[],annotator_1+annotator_2,llm_annotated
0b1bc105037ed3c9,kaggle_nigerian_fraud,fraud,train,0,0,0,0,0,0,0,"[{""type"": ""data_request"", ""span"": ""send me your telephone and fax numbers"", ""organisation"": null}]",annotator_1+annotator_2+tiebreaker,llm_annotated
8ceb9c3782d7ac2d,kaggle_ceas08,spam,train,0,1,1,0,0,0,0,[],annotator_1+annotator_2,llm_annotated
a28a92ea69de4242,kaggle_nigerian_fraud,fraud,validation,0,1,0,0,0,0,1,"[{""type"": ""authority"", ""span"": ""Barrister Miroslav Vlado, representing Mr. Mikhail Khodorkovsky"", ""organisation"": null}, {""type"": ""reply_direction"", ""span"": ""reach me on \""[EMAIL]\"""", ""organisation"": null}]",annotator_1+annotator_2+tiebreaker,llm_annotated
9690f0dc6f86b536,phishing_pot,phishing,train,0,0,0,0,0,0,0,[],annotator_1+annotator_2,llm_annotated
a8d58240a130d536,kaggle_enron,ham,test,0,0,0,0,0,0,0,[],annotator_1+annotator_2+tiebreaker,llm_annotated
70fc5ef94022f020,nazario,phishing,train,0,0,0,0,0,0,0,"[{""type"": ""affiliation_external"", ""span"": ""Moneybookers customer service"", ""organisation"": ""Moneybookers""}]",annotator_1+annotator_2+tiebreaker,llm_annotated
0f5084e9d606132e,spamassassin,ham,train,0,0,0,0,0,0,0,[],annotator_1+annotator_2+tiebreaker,llm_annotated
ca8d8e1070612e82,kaggle_ceas08,spam,train,0,0,0,0,0,0,0,[],annotator_1+annotator_2,llm_annotated
d9586b2df657a395,apache_tomcat_users,ham,train,0,0,0,0,0,0,0,[],annotator_1+annotator_2,llm_annotated
5f3d255c5c099972,nazario,phishing,validation,0,1,0,0,0,0,0,"[{""type"": ""affiliation_external"", ""span"": ""La Banque Postale"", ""organisation"": ""La Banque Postale""}, {""type"": ""credential_request"", ""span"": ""utilisez le lien ci dessous pour verifier immédiatement votre compte"", ""organisation"": null}]",annotator_1+annotator_2,llm_annotated
2ff25a54954da182,kaggle_nigerian_fraud,fraud,train,0,0,1,0,0,0,0,"[{""type"": ""affiliation_external"", ""span"": ""Bank of China Ltd."", ""organisation"": ""Bank of China Ltd.""}, {""type"": ""authority"", ""span"": ""transfer supervisor operations in investment section"", ""organisation"": ""Bank of China Ltd.""}]",annotator_1+annotator_2+tiebreaker,llm_annotated
be4d2881b97a0808,kaggle_nigerian_fraud,fraud,test,0,0,0,0,0,0,1,[],annotator_1+annotator_2+tiebreaker,llm_annotated
5dda4a67775d4ba6,kaggle_ceas08,spam,train,0,0,0,0,0,0,0,[],annotator_1+annotator_2,llm_annotated
b5f588ed32bfbbb8,phishing_pot,phishing,train,0,0,0,0,0,0,0,"[{""type"": ""affiliation_external"", ""span"": ""IRS Tax Return Details"", ""organisation"": ""IRS""}]",annotator_1+annotator_2,llm_annotated
6210f12b5522ed18,phishing_pot,phishing,test,0,0,0,0,0,1,0,"[{""type"": ""reply_direction"", ""span"": ""my email for contact is: [EMAIL]"", ""organisation"": null}]",annotator_1+annotator_2+tiebreaker,llm_annotated
a56e1c8ab90f637b,kaggle_enron,spam,train,0,1,1,0,0,0,0,[],annotator_1+annotator_2+tiebreaker,llm_annotated
f93557db52b98f04,nazario,phishing,test,1,1,1,0,0,0,0,"[{""type"": ""affiliation_external"", ""span"": ""Chase Bank"", ""organisation"": ""Chase Bank""}, {""type"": ""signature_contact"", ""span"": ""Chase Bank - Chase Online Banking Department"", ""organisation"": ""Chase Bank""}, {""type"": ""credential_request"", ""span"": ""confirm your banking details"", ""organisation"": ""Chase Bank""}]",annotator_1+annotator_2+tiebreaker,llm_annotated
dadf9859addad5d7,nazario,phishing,validation,1,1,1,0,0,0,0,"[{""type"": ""affiliation_internal"", ""span"": ""Webmail © 2013 Atualização da Equipe"", ""organisation"": ""Webmail""}, {""type"": ""credential_request"", ""span"": ""validar o seu e-mail agora"", ""organisation"": null}]",annotator_1+annotator_2+tiebreaker,llm_annotated
be356c1eaacd53f8,kaggle_ling,spam,train,0,0,1,0,0,0,0,"[{""type"": ""signature_contact"", ""span"": ""jbphd ( pe in ct , ny & pa ) 1-888 - 542-2236"", ""organisation"": null}]",annotator_1+annotator_2+tiebreaker,llm_annotated
c26768ce9045e2d8,kaggle_enron,ham,train,0,0,0,0,0,0,0,[],annotator_1+annotator_2,llm_annotated
fbe5771190f0541d,phishing_pot,phishing,train,0,0,0,0,0,0,0,[],annotator_1+annotator_2+tiebreaker,llm_annotated
f2a8e63cc03d5a17,nazario,phishing,train,1,0,0,0,0,0,0,"[{""type"": ""affiliation_internal"", ""span"": ""Alliant IT Help Desk"", ""organisation"": ""Alliant""}]",annotator_1+annotator_2+tiebreaker,llm_annotated
ab189f75489b95df,nazario,phishing,train,0,0,0,0,0,0,0,"[{""type"": ""signature_contact"", ""span"": ""support@ [DOMAIN]"", ""organisation"": null}, {""type"": ""credential_request"", ""span"": ""you will be prompted to enter a verification code"", ""organisation"": null}]",annotator_1+annotator_2+tiebreaker,llm_annotated
ef59138fa0a5703a,spamassassin,spam,test,0,0,0,0,0,0,0,[],annotator_1+annotator_2,llm_annotated
bcf871ae936983d9,kaggle_enron,ham,train,0,1,0,0,0,0,0,[],annotator_1+annotator_2,llm_annotated
35837a6a79c81a4e,kaggle_ceas08,ham,train,0,0,0,0,0,0,0,[],annotator_1+annotator_2,llm_annotated
6ba4e84b8be3af22,kaggle_ling,ham,train,0,0,0,0,0,0,0,"[{""type"": ""signature_contact"", ""span"": ""marcus taft , ph . d . associate professor school of psychology university of new south wales sydney n . s . w . 2052 australia ph : 61 - 2-9385 3026 fax : 61 - 2-9385 3641"", ""organisation"": ""University of New South Wales""}]",annotator_1+annotator_2+tiebreaker,llm_annotated
9ac000300326a453,phishing_pot,phishing,test,0,1,1,0,0,0,1,"[{""type"": ""affiliation_external"", ""span"": ""Trabalho no banco como contabilista aqui em Abidjan"", ""organisation"": ""banco""}, {""type"": ""signature_contact"", ""span"": ""Senhorita Cathy Olivia."", ""organisation"": null}]",annotator_1+annotator_2+tiebreaker,llm_annotated
9347ae6549fb1cb3,phishing_pot,phishing,train,0,0,0,0,0,0,0,"[{""type"": ""affiliation_external"", ""span"": ""The Revolution Casino Team"", ""organisation"": ""Revolution Casino""}, {""type"": ""signature_contact"", ""span"": ""The Revolution Casino Team"", ""organisation"": ""Revolution Casino""}]",annotator_1+annotator_2+tiebreaker,llm_annotated
f642d0eaa443fc6f,nazario,phishing,test,1,1,1,0,0,0,0,"[{""type"": ""affiliation_internal"", ""span"": ""Správce systému"", ""organisation"": null}, {""type"": ""credential_request"", ""span"": ""Vaše e-mailová adresa :.......... Heslo :................"", ""organisation"": null}]",annotator_1+annotator_2+tiebreaker,llm_annotated
473d35872f7b0924,nazario,phishing,test,1,1,0,0,0,0,0,"[{""type"": ""affiliation_external"", ""span"": ""PayPal"", ""organisation"": ""PayPal""}, {""type"": ""credential_request"", ""span"": ""verify your identity"", ""organisation"": ""PayPal""}]",annotator_1+annotator_2+tiebreaker,llm_annotated
c4d68811d1750d78,apache_tomcat_users,ham,validation,0,0,0,0,0,0,0,"[{""type"": ""signature_contact"", ""span"": ""Raghu Devaraj"", ""organisation"": null}]",annotator_1+annotator_2+tiebreaker,llm_annotated
f06ef8896f67fa67,kaggle_nigerian_fraud,fraud,train,1,1,1,0,0,0,1,"[{""type"": ""authority"", ""span"": ""I am Jeffery Hill the Auditor General of one of the prime banks"", ""organisation"": null}, {""type"": ""signature_contact"", ""span"": ""Jeffery Hill. PHONE:(874)-762864167, FAX :(874)-762864168"", ""organisation"": null}]",annotator_1+annotator_2+tiebreaker,llm_annotated
0be0d71218373dc7,phishing_pot,phishing,train,0,0,0,0,0,0,0,[],annotator_1+annotator_2,llm_annotated
a6b50b68011fee5e,kaggle_nigerian_fraud,fraud,train,0,0,0,0,0,0,0,"[{""type"": ""authority"", ""span"": ""I am CHARLES TAYLOR, The Former President of Liberia"", ""organisation"": null}, {""type"": ""signature_contact"", ""span"": ""CHARLES TAYLOR Former President of Liberia"", ""organisation"": null}]",annotator_1+annotator_2+tiebreaker,llm_annotated
27eb62179f068b62,phishing_pot,phishing,validation,1,0,0,0,0,0,0,"[{""type"": ""affiliation_external"", ""span"": ""The Microsoft account team"", ""organisation"": ""Microsoft""}]",annotator_1+annotator_2+tiebreaker,llm_annotated
e0f0e274017f93e6,kaggle_nigerian_fraud,fraud,train,0,0,1,0,0,0,0,[],annotator_1+annotator_2+tiebreaker,llm_annotated
62fc0e6243260bf0,nazario,phishing,train,1,1,1,0,0,0,0,"[{""type"": ""affiliation_internal"", ""span"": ""Online Banking Team"", ""organisation"": null}, {""type"": ""credential_request"", ""span"": ""enter it in the appropriate field online"", ""organisation"": null}]",annotator_1+annotator_2+tiebreaker,llm_annotated
994bfc11dd30892a,kaggle_nigerian_fraud,fraud,test,1,0,0,0,0,0,0,"[{""type"": ""authority"", ""span"": ""I am Mr.Dean Gray, the Auditor General of a reputable bank in Spain"", ""organisation"": null}, {""type"": ""signature_contact"", ""span"": ""DEAN GRAY CALLE SEVILLA 112, 28001,MADRID- SPAIN TELL:+34 639 446 879 PRIVATE E-MAIL:[EMAIL]"", ""organisation"": null}]",annotator_1+annotator_2+tiebreaker,llm_annotated
f748b5e8de0a65d7,kaggle_ling,ham,train,0,0,0,0,0,0,0,[],annotator_1+annotator_2,llm_annotated
9a0f59c7f0e210c8,kaggle_ling,ham,train,0,0,0,0,0,0,0,[],annotator_1+annotator_2,llm_annotated
bc9b711510366778,nazario,phishing,validation,1,0,0,0,0,0,0,"[{""type"": ""affiliation_external"", ""span"": ""eBay Service Department"", ""organisation"": ""eBay""}, {""type"": ""credential_request"", ""span"": ""update your account information"", ""organisation"": ""eBay""}]",annotator_1+annotator_2,llm_annotated
95390a3acd3b68a3,kaggle_nigerian_fraud,fraud,train,0,0,0,0,0,0,0,[],annotator_1+annotator_2+tiebreaker,llm_annotated
e3b619d70ea9b8ce,nazario,phishing,train,0,0,0,0,0,0,0,[],annotator_1+annotator_2,llm_annotated
9bde183099b25a73,kaggle_ceas08,spam,validation,0,0,0,0,0,0,0,[],annotator_1+annotator_2+tiebreaker,llm_annotated
0e8add6ba11fab14,nazario,phishing,train,1,1,1,0,0,0,0,"[{""type"": ""affiliation_internal"", ""span"": ""Domain Security"", ""organisation"": null}]",annotator_1+annotator_2+tiebreaker,llm_annotated
eb40757e23dc6292,phishing_pot,phishing,train,0,0,0,0,0,0,0,[],annotator_1+annotator_2+tiebreaker,llm_annotated
d16ca5980834ac65,phishing_pot,phishing,validation,0,0,1,0,0,0,0,"[{""type"": ""affiliation_external"", ""span"": ""State Farm"", ""organisation"": ""State Farm""}, {""type"": ""data_request"", ""span"": ""complete a short survey"", ""organisation"": null}]",annotator_1+annotator_2,llm_annotated
085ca1013608bcd9,phishing_pot,phishing,validation,0,0,0,0,0,0,0,"[{""type"": ""credential_request"", ""span"": ""bestätigen Sie jetzt Ihre Daten"", ""organisation"": null}]",annotator_1+annotator_2,llm_annotated
850e20ced81e2444,nazario,phishing,train,0,0,0,0,0,0,0,"[{""type"": ""signature_contact"", ""span"": ""Ingrid Office clerk"", ""organisation"": null}]",annotator_1+annotator_2+tiebreaker,llm_annotated
3a2e0909268d852c,apache_kafka_users,ham,train,0,0,0,0,0,0,0,"[{""type"": ""signature_contact"", ""span"": ""Josep Prat Open Source Engineering Director, Aiven [EMAIL] | +491715557497"", ""organisation"": ""Aiven""}]",annotator_1+annotator_2+tiebreaker,llm_annotated
4ce85236ddcf06c0,phishing_pot,phishing,test,0,1,1,0,0,0,0,"[{""type"": ""affiliation_external"", ""span"": ""Netto"", ""organisation"": ""Netto""}, {""type"": ""signature_contact"", ""span"": ""Max Steinle - Kundendienst"", ""organisation"": ""Netto""}]",annotator_1+annotator_2,llm_annotated
05c5627a9d7a8ca7,apache_tomcat_users,ham,train,0,0,0,0,0,0,0,[],annotator_1+annotator_2,llm_annotated
c5ba29ca672500ed,nazario,phishing,train,1,0,0,0,0,0,0,"[{""type"": ""affiliation_external"", ""span"": ""Standard Bank"", ""organisation"": ""Standard Bank""}, {""type"": ""signature_contact"", ""span"": ""Standard Bank For any queries please call us on 0861201311"", ""organisation"": ""Standard Bank""}]",annotator_1+annotator_2+tiebreaker,llm_annotated
7c4dd961d82b7ca9,kaggle_nigerian_fraud,fraud,train,0,1,0,0,0,0,1,"[{""type"": ""affiliation_internal"", ""span"": ""African Union Development Bank Plc"", ""organisation"": ""African Union Development Bank""}, {""type"": ""authority"", ""span"": ""I am Dr,Martins Ali and work with African Union Development Bank Plc"", ""organisation"": ""African Union Development Bank""}, {""type"": ""signature_contact"", ""span"": ""Dr.Martins Ali"", ""organisation"": ""African Union Development Bank""}]",annotator_1+annotator_2,llm_annotated
0f54a56769b693b2,nazario,phishing,train,0,1,0,0,0,0,0,"[{""type"": ""affiliation_external"", ""span"": ""eBay"", ""organisation"": ""eBay""}, {""type"": ""credential_request"", ""span"": ""confirm your Account Informations"", ""organisation"": ""eBay""}]",annotator_1+annotator_2+tiebreaker,llm_annotated
add0d08b5159a80b,phishing_pot,phishing,train,0,1,1,0,0,0,0,"[{""type"": ""affiliation_external"", ""span"": ""Trust Wallet"", ""organisation"": ""Trust Wallet""}, {""type"": ""credential_request"", ""span"": ""verify and update your Trust Wallet"", ""organisation"": ""Trust Wallet""}]",annotator_1+annotator_2+tiebreaker,llm_annotated
d70066de8e8aadfb,kaggle_enron,spam,validation,0,0,0,0,0,0,0,[],annotator_1+annotator_2+tiebreaker,llm_annotated
ea4993b9f0b6cc84,kaggle_nigerian_fraud,fraud,train,0,0,0,0,0,0,0,"[{""type"": ""authority"", ""span"": ""I am Peter Kok a top Sudanese Goverment official"", ""organisation"": ""Sudanese Government""}, {""type"": ""reply_direction"", ""span"": ""send an e-mail to the e-mail address below"", ""organisation"": null}, {""type"": ""signature_contact"", ""span"": ""Peter Kok E-mail:[EMAIL]"", ""organisation"": null}]",annotator_1+annotator_2+tiebreaker,llm_annotated
0e6abbc234438428,nazario,phishing,train,0,1,1,0,0,0,0,"[{""type"": ""affiliation_external"", ""span"": ""JPMorgan Chase & Co."", ""organisation"": ""JPMorgan Chase & Co.""}, {""type"": ""credential_request"", ""span"": ""completes our secure online form"", ""organisation"": null}]",annotator_1+annotator_2+tiebreaker,llm_annotated
8147a6af6299f4ce,phishing_pot,phishing,train,0,0,0,0,0,0,0,"[{""type"": ""affiliation_external"", ""span"": ""Facebook"", ""organisation"": ""Facebook""}, {""type"": ""signature_contact"", ""span"": ""The Facebook Team"", ""organisation"": ""Facebook""}]",annotator_1+annotator_2+tiebreaker,llm_annotated
0ed424b59d2a2caf,kaggle_nigerian_fraud,fraud,train,1,0,0,0,0,0,0,[],annotator_1+annotator_2+tiebreaker,llm_annotated
b953d3b0b9764271,kaggle_nigerian_fraud,fraud,validation,1,0,0,0,0,0,1,"[{""type"": ""affiliation_external"", ""span"": ""Independent Committee of Eminent Persons (ICEP)"", ""organisation"": ""ICEP""}, {""type"": ""authority"", ""span"": ""Being a top executive at ICEP"", ""organisation"": ""ICEP""}]",annotator_1+annotator_2+tiebreaker,llm_annotated
63ce7ce7f0a3cf67,kaggle_enron,spam,train,0,1,1,0,0,0,0,[],annotator_1+annotator_2,llm_annotated
0d6556aefb451357,kaggle_ceas08,spam,train,0,0,0,0,0,0,0,"[{""type"": ""affiliation_external"", ""span"": ""Cable News Network"", ""organisation"": ""CNN""}]",annotator_1+annotator_2+tiebreaker,llm_annotated
24f0ea5ab57f4330,spamassassin,ham,test,0,0,0,0,0,0,0,[],annotator_1+annotator_2+tiebreaker,llm_annotated
24597b990e22a87c,phishing_pot,phishing,validation,0,1,0,0,0,0,0,[],annotator_1+annotator_2+tiebreaker,llm_annotated
240fe53b4e88f7da,kaggle_nigerian_fraud,fraud,test,0,0,0,0,0,0,0,"[{""type"": ""affiliation_internal"", ""span"": ""Nigerian Investment Promotion Council"", ""organisation"": ""Nigerian Investment Promotion Council""}, {""type"": ""reply_direction"", ""span"": ""You can equally mail me at : [EMAIL]"", ""organisation"": null}, {""type"": ""signature_contact"", ""span"": ""Josef Bala (Esq) _________________________________________________________________ Powered by x-SubMail- [URL]"", ""organisation"": null}]",annotator_1+annotator_2+tiebreaker,llm_annotated
014a792d6fe886a8,nazario,phishing,train,0,0,0,0,0,0,0,[],annotator_1+annotator_2,llm_annotated
a1a8165f9de09205,kaggle_nigerian_fraud,fraud,train,0,0,0,0,0,0,0,"[{""type"": ""signature_contact"", ""span"": ""Keven wei NINGBO ENVOLT BATTERY CO.,LTD Tel:0086-574-62598358 Fax:0086-574-62598338 [URL] email: [EMAIL]"", ""organisation"": ""NINGBO ENVOLT BATTERY CO.,LTD""}]",annotator_1+annotator_2+tiebreaker,llm_annotated
264ca0c42a995027,phishing_pot,phishing,train,0,0,0,0,0,0,0,"[{""type"": ""affiliation_external"", ""span"": ""Correios"", ""organisation"": ""Correios""}]",annotator_1+annotator_2+tiebreaker,llm_annotated
e13c18325d8417c2,kaggle_enron,spam,train,0,0,0,0,0,0,0,[],annotator_1+annotator_2,llm_annotated
940e6d87a34dd384,nazario,phishing,train,0,0,0,0,0,0,0,"[{""type"": ""affiliation_external"", ""span"": ""USAA"", ""organisation"": ""USAA""}]",annotator_1+annotator_2+tiebreaker,llm_annotated
b868b68a7a3dc267,nazario,phishing,train,0,1,1,0,0,0,0,"[{""type"": ""affiliation_external"", ""span"": ""Online Support"", ""organisation"": null}, {""type"": ""credential_request"", ""span"": ""sign on and fulfil the steps requisite to restore your online access"", ""organisation"": null}]",annotator_1+annotator_2+tiebreaker,llm_annotated
0475477547ee22d1,spamassassin,ham,validation,0,0,0,0,0,0,0,[],annotator_1+annotator_2,llm_annotated
1899e68e3bf29e82,phishing_pot,phishing,validation,0,0,0,0,0,0,0,"[{""type"": ""credential_request"", ""span"": ""Recomendamos que você a ltere s ua senha"", ""organisation"": null}]",annotator_1+annotator_2+tiebreaker,llm_annotated
39cae2c8425d1a59,phishing_pot,phishing,train,0,1,1,0,0,0,0,"[{""type"": ""affiliation_external"", ""span"": ""WagerLand"", ""organisation"": ""WagerLand""}, {""type"": ""signature_contact"", ""span"": ""792 Benson Street, Eau Claire, WI 54701"", ""organisation"": ""Wagerland""}]",annotator_1+annotator_2+tiebreaker,llm_annotated
27d9b03d5314aea4,kaggle_ceas08,spam,train,0,0,0,0,0,0,0,[],annotator_1+annotator_2,llm_annotated
74506e7e39e86ff2,kaggle_enron,spam,train,0,0,0,0,0,0,0,"[{""type"": ""payment_request"", ""span"": ""order our tadalafil pills today"", ""organisation"": null}]",annotator_1+annotator_2+tiebreaker,llm_annotated
fced55124b7a5afe,kaggle_nigerian_fraud,fraud,test,0,0,0,0,0,0,0,"[{""type"": ""data_request"", ""span"": ""Kindly forward the following"", ""organisation"": null}]",annotator_1+annotator_2+tiebreaker,llm_annotated
a583e9a681555580,kaggle_ceas08,spam,validation,0,0,0,0,0,0,0,[],annotator_1+annotator_2,llm_annotated
1258742ed9578f7f,nazario,phishing,train,0,1,1,0,0,0,0,"[{""type"": ""affiliation_external"", ""span"": ""PayPal Team"", ""organisation"": ""PayPal""}, {""type"": ""credential_request"", ""span"": ""Click here to verify your account"", ""organisation"": ""PayPal""}]",annotator_1+annotator_2+tiebreaker,llm_annotated
a43475c0d2568c6d,kaggle_nigerian_fraud,fraud,validation,0,1,0,0,0,0,0,"[{""type"": ""signature_contact"", ""span"": ""MRS.MARIA BANDA Email:[EMAIL] Tel:27-73-590-2653"", ""organisation"": null}]",annotator_1+annotator_2+tiebreaker,llm_annotated
dfed138d7ce8c94f,phishing_pot,phishing,test,0,0,0,0,0,0,0,"[{""type"": ""affiliation_internal"", ""span"": ""Fressnapf Team"", ""organisation"": ""Fressnapf""}, {""type"": ""signature_contact"", ""span"": ""Fressnapf Tiernahrungs GmbH, Westpreußenstr. 32-38 47809 Krefeld"", ""organisation"": ""Fressnapf Tiernahrungs GmbH""}]",annotator_1+annotator_2+tiebreaker,llm_annotated
a5e99f86a2f20c01,kaggle_nigerian_fraud,fraud,test,0,1,0,0,0,0,1,"[{""type"": ""authority"", ""span"": ""DIRECTOR OF FIRST ATLANTIC COMPANY"", ""organisation"": ""FIRST ATLANTIC COMPANY""}, {""type"": ""data_request"", ""span"": ""provide immediately your full names and address"", ""organisation"": null}]",annotator_1+annotator_2+tiebreaker,llm_annotated
7087180b327fa639,phishing_pot,phishing,test,1,1,0,0,0,0,0,"[{""type"": ""authority"", ""span"": ""CEO of Ronald Ruiz Treasure Company"", ""organisation"": ""Ronald Ruiz Treasure Company""}, {""type"": ""data_request"", ""span"": ""complete the following information for your certification. Current Address: Active Mobile Phone Number: Age:"", ""organisation"": null}]",annotator_1+annotator_2+tiebreaker,llm_annotated
e0f602736951059d,kaggle_nigerian_fraud,fraud,train,0,1,0,0,0,0,0,"[{""type"": ""signature_contact"", ""span"": ""JAMES NGOLA. CONFIDENTIAL TEL: 233-27-587908. E-MAIL:([EMAIL])"", ""organisation"": null}]",annotator_1+annotator_2+tiebreaker,llm_annotated
b87ef4c9ff7fe0d5,spamassassin,ham,validation,0,0,0,0,0,0,0,"[{""type"": ""signature_contact"", ""span"": ""Tabor J. Wells [EMAIL]"", ""organisation"": null}]",annotator_1+annotator_2,llm_annotated
c445f92c69071fb8,phishing_pot,phishing,train,0,0,0,0,0,0,0,[],annotator_1+annotator_2+tiebreaker,llm_annotated
0f118c26ba3d497b,phishing_pot,phishing,train,0,1,0,0,0,0,0,"[{""type"": ""affiliation_external"", ""span"": ""Facebook"", ""organisation"": ""Facebook""}, {""type"": ""reply_direction"", ""span"": ""Report the user ([EMAIL]?subject=Send+Statement phishing@[EMAIL])"", ""organisation"": null}, {""type"": ""signature_contact"", ""span"": ""The Facebook Team"", ""organisation"": ""Facebook""}]",annotator_1+annotator_2+tiebreaker,llm_annotated
52ceab3810be8f27,kaggle_nigerian_fraud,fraud,train,1,0,0,0,0,0,0,"[{""type"": ""affiliation_external"", ""span"": ""South African Ministry of Energy and Mineral Resources"", ""organisation"": ""South African Ministry of Energy and Mineral Resources""}, {""type"": ""authority"", ""span"": ""ENGR:KUMALO DILIZA DIRECTOR PROJECT IMPLEMENTATION (MEMR)"", ""organisation"": ""Ministry of Energy and Mineral Resources""}, {""type"": ""signature_contact"", ""span"": ""ENGR:KUMALO DILIZA DIRECTOR PROJECT IMPLEMENTATION (MEMR) DIRECT TEL NO: 0027 731 522 629"", ""organisation"": ""Ministry of Energy and Mineral Resources""}, {""type"": ""data_request"", ""span"": ""1)Bank details ( Name and address / Account no/Beneficiary name ) 2)Private Telephone and Fax number of Beneficiary"", ""organisation"": null}]",annotator_1+annotator_2+tiebreaker,llm_annotated
45d23834e5123d50,phishing_pot,phishing,train,0,0,0,0,0,0,0,"[{""type"": ""affiliation_external"", ""span"": ""Cartão Porto Seguro"", ""organisation"": ""Porto Seguro""}, {""type"": ""signature_contact"", ""span"": ""Central de Relacionamento: 4004 3600 (Capitais e regiões metropolitanas) 0800 727 7477 (Demais localidades)"", ""organisation"": ""Porto Seguro""}]",annotator_1+annotator_2+tiebreaker,llm_annotated
0210a01ae46492f3,kaggle_ling,spam,train,0,0,0,0,0,0,0,"[{""type"": ""signature_contact"", ""span"": ""sender : travelnews , bevere , worcester . email : [EMAIL] tel : + 33 4 94 60 10 65"", ""organisation"": null}]",annotator_1+annotator_2+tiebreaker,llm_annotated
9e2215ccf3836376,kaggle_nigerian_fraud,fraud,train,0,0,0,0,0,0,0,[],annotator_1+annotator_2+tiebreaker,llm_annotated
2f53c8b2f45b9992,kaggle_nigerian_fraud,fraud,train,1,0,0,0,0,0,1,"[{""type"": ""affiliation_external"", ""span"": ""South Africa Department of Mining & Natural Resources"", ""organisation"": ""South Africa Department of Mining & Natural Resources""}, {""type"": ""authority"", ""span"": ""Executive Accountant"", ""organisation"": ""Department of Mining & Natural Resources""}, {""type"": ""prior_relationship"", ""span"": ""a member of the South Africa Export Promotion Council(SEPC) who was at the Government delegation to your country during a trade exhibition gave your enviable credentials/particulars to me"", ""organisation"": ""South Africa Export Promotion Council""}]",annotator_1+annotator_2+tiebreaker,llm_annotated
414a1ad10253164d,spamassassin,spam,train,0,0,0,0,0,0,0,[],annotator_1+annotator_2,llm_annotated
2cdf7e29350ae08f,phishing_pot,phishing,validation,0,0,1,0,0,0,0,"[{""type"": ""affiliation_internal"", ""span"": ""Mi󠄹󠄹c󠄹󠄹r󠄹󠄹o󠄹󠄹s󠄹󠄹o󠄹󠄹f󠄹󠄹t 3󠄹󠄹6󠄹󠄹5 Team"", ""organisation"": ""Microsoft""}, {""type"": ""signature_contact"", ""span"": ""Yanko Diaz Paralegal to Jan A. Hansen"", ""organisation"": null}]",annotator_1+annotator_2+tiebreaker,llm_annotated
843afaf06948fdbb,kaggle_ling,spam,train,0,0,0,0,0,0,0,[],annotator_1+annotator_2+tiebreaker,llm_annotated
f9f5c9c4abb056ca,phishing_pot,phishing,test,0,1,1,0,0,0,0,"[{""type"": ""affiliation_external"", ""span"": ""ITAUCARD"", ""organisation"": ""Itaú""}]",annotator_1+annotator_2+tiebreaker,llm_annotated
6065615ac5d963ef,kaggle_nigerian_fraud,fraud,test,0,0,0,0,0,0,0,[],annotator_1+annotator_2,llm_annotated
ac9200426b61996a,phishing_pot,phishing,validation,0,0,0,0,0,0,0,"[{""type"": ""affiliation_external"", ""span"": ""T-Mobile"", ""organisation"": ""T-Mobile""}]",annotator_1+annotator_2+tiebreaker,llm_annotated
8099b7af13fc59a3,kaggle_ceas08,spam,train,0,0,0,0,0,0,0,[],annotator_1+annotator_2,llm_annotated
c81f9367ba6703dc,phishing_pot,phishing,train,0,1,0,0,0,0,0,"[{""type"": ""signature_contact"", ""span"": ""Juliana Correia de Souza Negocios Imobiliarios CNPJ: 33.346.171/0001-26"", ""organisation"": ""Negocios Imobiliarios""}]",annotator_1+annotator_2+tiebreaker,llm_annotated
ae4b445ddb88e842,nazario,phishing,test,0,0,0,0,0,1,0,"[{""type"": ""affiliation_external"", ""span"": ""Netflix"", ""organisation"": ""Netflix""}]",annotator_1+annotator_2+tiebreaker,llm_annotated
55127234f140c7e0,spamassassin,spam,train,0,0,0,0,0,0,0,[],annotator_1+annotator_2+tiebreaker,llm_annotated
663efb428c1c74ca,kaggle_nigerian_fraud,fraud,validation,0,0,0,0,0,0,0,"[{""type"": ""affiliation_external"", ""span"": ""UNHCR Refugee Camp"", ""organisation"": ""UNHCR""}]",annotator_1+annotator_2+tiebreaker,llm_annotated
04570c98f220e466,kaggle_nigerian_fraud,fraud,train,1,0,0,0,0,0,0,"[{""type"": ""affiliation_external"", ""span"": ""Chief Auditor with NATWEST BANK PLC"", ""organisation"": ""NATWEST BANK PLC""}]",annotator_1+annotator_2+tiebreaker,llm_annotated
fc189864b388cc89,phishing_pot,phishing,train,0,0,0,0,0,0,0,"[{""type"": ""affiliation_external"", ""span"": ""SkyCrown"", ""organisation"": ""SkyCrown""}]",annotator_1+annotator_2+tiebreaker,llm_annotated
a4d2932e0784e24f,kaggle_enron,ham,test,0,0,0,0,0,0,0,[],annotator_1+annotator_2,llm_annotated
8b3e0cd974d83503,phishing_pot,phishing,validation,0,1,1,0,0,0,0,[],annotator_1+annotator_2+tiebreaker,llm_annotated
b423c76cf5690b4d,apache_tomcat_users,ham,test,1,1,0,0,0,0,0,"[{""type"": ""affiliation_internal"", ""span"": ""The Apache Tomcat team"", ""organisation"": ""Apache Tomcat""}]",annotator_1+annotator_2+tiebreaker,llm_annotated
956f3fe0b9c5bbdb,nazario,phishing,validation,1,1,1,0,0,0,0,"[{""type"": ""affiliation_external"", ""span"": ""Trust and Safety Department eBay Inc."", ""organisation"": ""eBay Inc.""}]",annotator_1+annotator_2+tiebreaker,llm_annotated
76bd129f086e41da,phishing_pot,phishing,validation,0,0,0,0,0,0,0,[],annotator_1+annotator_2,llm_annotated
ce55439cd6b3e074,phishing_pot,phishing,validation,0,0,0,0,0,0,0,"[{""type"": ""affiliation_external"", ""span"": ""Deutsche Bahn"", ""organisation"": ""Deutsche Bahn""}]",annotator_1+annotator_2,llm_annotated
55e234992e4950ee,phishing_pot,phishing,test,0,0,0,0,0,0,0,"[{""type"": ""affiliation_external"", ""span"": ""Edeka"", ""organisation"": ""Edeka""}]",annotator_1+annotator_2+tiebreaker,llm_annotated
5cf643b82b11ee2d,phishing_pot,phishing,test,0,0,0,0,0,0,0,"[{""type"": ""signature_contact"", ""span"": ""157 Yesler Way, Ste 400, Seattle, WA 98104"", ""organisation"": null}]",annotator_1+annotator_2+tiebreaker,llm_annotated
7d731b29a6d7e4c0,phishing_pot,phishing,train,0,0,0,0,0,0,0,[],annotator_1+annotator_2,llm_annotated
98a0af33513e2f27,phishing_pot,phishing,validation,0,1,1,0,0,0,0,[],annotator_1+annotator_2,llm_annotated
befeb5598f1bf24c,kaggle_ceas08,ham,train,1,0,0,0,0,0,0,"[{""type"": ""affiliation_external"", ""span"": ""DOD Department of Defense"", ""organisation"": ""DOD""}, {""type"": ""affiliation_external"", ""span"": ""USAID US Agency for International Development"", ""organisation"": ""USAID""}, {""type"": ""affiliation_external"", ""span"": ""DOI Department of the Interior"", ""organisation"": ""DOI""}]",annotator_1+annotator_2+tiebreaker,llm_annotated
327969bc7b2aa140,kaggle_ceas08,ham,validation,0,0,0,0,0,0,0,[],annotator_1+annotator_2,llm_annotated
6cc0ddf36354b097,kaggle_enron,ham,train,0,0,0,0,0,0,0,[],annotator_1+annotator_2,llm_annotated
c8b96401d1aebd85,kaggle_nigerian_fraud,fraud,test,0,0,0,0,0,0,0,[],annotator_1+annotator_2+tiebreaker,llm_annotated
a006c9b9ab8da635,nazario,phishing,train,1,1,1,0,0,0,0,"[{""type"": ""affiliation_external"", ""span"": ""Colonial Bank"", ""organisation"": ""Colonial Bank""}]",annotator_1+annotator_2+tiebreaker,llm_annotated
d74a8d3e51576663,nazario,phishing,validation,1,0,0,0,0,0,0,"[{""type"": ""affiliation_external"", ""span"": ""Halifax"", ""organisation"": ""Halifax""}, {""type"": ""credential_request"", ""span"": ""fill in the necessary fields. Please click on Sign in to Online Banking"", ""organisation"": ""Halifax""}]",annotator_1+annotator_2+tiebreaker,llm_annotated
933f3fdbc6dad44d,phishing_pot,phishing,train,1,1,1,0,0,0,0,"[{""type"": ""affiliation_external"", ""span"": ""McAfee"", ""organisation"": ""McAfee""}]",annotator_1+annotator_2+tiebreaker,llm_annotated
d8a01fe4f8ca4a2a,kaggle_enron,spam,train,0,0,0,0,0,0,0,"[{""type"": ""signature_contact"", ""span"": ""for more information : mini - plants in mobile containers by steven p . leibacher , the financial news , editor"", ""organisation"": ""the financial news""}]",annotator_1+annotator_2,llm_annotated
6418efa06fc67ca8,phishing_pot,phishing,validation,0,0,0,0,0,0,0,[],annotator_1+annotator_2,llm_annotated
b2025b2dc634c2c5,nazario,phishing,train,1,0,1,0,0,0,0,"[{""type"": ""authority"", ""span"": ""System Administrator"", ""organisation"": null}, {""type"": ""credential_request"", ""span"": ""re-validate your mailbox"", ""organisation"": null}]",annotator_1+annotator_2+tiebreaker,llm_annotated
c95c9c0047f4f262,spamassassin,spam,train,0,0,0,0,0,0,0,[],annotator_1+annotator_2,llm_annotated
9a65424836e317c1,phishing_pot,phishing,train,0,1,1,0,0,0,0,"[{""type"": ""affiliation_external"", ""span"": ""Netto-Gutschein"", ""organisation"": ""Netto""}, {""type"": ""signature_contact"", ""span"": ""Max Steinle - Kundendienst"", ""organisation"": ""Netto""}]",annotator_1+annotator_2,llm_annotated
ee189bc68146286b,kaggle_ceas08,spam,train,0,1,0,0,0,0,0,[],annotator_1+annotator_2+tiebreaker,llm_annotated
91bb045039bc561e,phishing_pot,phishing,test,0,1,1,0,0,0,0,"[{""type"": ""affiliation_external"", ""span"": ""Banco do Bradesco (Livelo)"", ""organisation"": ""Banco do Bradesco""}]",annotator_1+annotator_2,llm_annotated
bfd4bb857a796926,nazario,phishing,test,0,0,1,0,0,0,0,[],annotator_1+annotator_2,llm_annotated
cdbfbfa3b87add4c,spamassassin,ham,train,0,0,0,0,0,0,0,[],annotator_1+annotator_2,llm_annotated
34c8eeb787f36e1e,kaggle_nigerian_fraud,fraud,train,1,0,1,0,0,0,1,"[{""type"": ""affiliation_external"", ""span"": ""ZENITH INTERNATIONAL BANK PLC"", ""organisation"": ""ZENITH INTERNATIONAL BANK PLC""}, {""type"": ""authority"", ""span"": ""THE MANAGER, BILLS AND EXCHANGE AT THE FOREIGN REMITTANCE DEPARTMENT"", ""organisation"": ""Zenith International Bank PLC""}, {""type"": ""reply_direction"", ""span"": ""INDICATE YOUR INTEREST BY A RETURN E-MAIL"", ""organisation"": null}, {""type"": ""signature_contact"", ""span"": ""MR. MIKE CHUKWU. ZENITH INTERNATIONAL BANK PLC, LAGOS-NIGERIA. EMAIL: [EMAIL]"", ""organisation"": ""Zenith International Bank PLC""}]",annotator_1+annotator_2+tiebreaker,llm_annotated
77db6b5b1682fd94,spamassassin,spam,train,0,1,0,0,0,0,0,"[{""type"": ""affiliation_external"", ""span"": ""Fairlane Financial Corporation"", ""organisation"": ""Fairlane Financial Corporation""}, {""type"": ""signature_contact"", ""span"": ""Fairlane Financial Corporation"", ""organisation"": ""Fairlane Financial Corporation""}]",annotator_1+annotator_2+tiebreaker,llm_annotated
ce87650bf0ca58a9,nazario,phishing,validation,0,0,0,0,0,0,0,"[{""type"": ""affiliation_external"", ""span"": ""Apple Customer Support"", ""organisation"": ""Apple""}, {""type"": ""credential_request"", ""span"": ""Confirm that you're the owner of the account"", ""organisation"": ""Apple""}]",annotator_1+annotator_2+tiebreaker,llm_annotated
556afee8992fe05b,nazario,phishing,validation,1,0,0,0,0,0,0,"[{""type"": ""affiliation_external"", ""span"": ""U.S. Bank"", ""organisation"": ""U.S. Bank""}, {""type"": ""authority"", ""span"": ""Maintenance Department"", ""organisation"": ""U.S. Bank""}, {""type"": ""data_request"", ""span"": ""customer details confirmation"", ""organisation"": ""U.S. Bank""}]",annotator_1+annotator_2+tiebreaker,llm_annotated
58e1131cefd20e0d,kaggle_nigerian_fraud,fraud,test,1,1,0,0,0,0,0,"[{""type"": ""affiliation_external"", ""span"": ""BANK OF AFRICA (BOA)"", ""organisation"": ""BANK OF AFRICA (BOA)""}, {""type"": ""authority"", ""span"": ""ASSISTANT FOREIGN REMITTANCE DIRECTOR"", ""organisation"": ""Bank of Africa""}, {""type"": ""signature_contact"", ""span"": ""MR HAROUNA HAJI BANK OF AFRICA (BOA) OUAGADOU-BURKINA FASO PHONE NUMBER 00226-76-01-58-41"", ""organisation"": ""Bank of Africa""}]",annotator_1+annotator_2+tiebreaker,llm_annotated
3534984b15868ace,nazario,phishing,validation,0,1,1,0,0,0,0,"[{""type"": ""affiliation_external"", ""span"": ""PayPal"", ""organisation"": ""PayPal""}, {""type"": ""credential_request"", ""span"": ""update your personal records"", ""organisation"": ""PayPal""}]",annotator_1+annotator_2+tiebreaker,llm_annotated
ed1517c7482e2eec,kaggle_nigerian_fraud,fraud,test,1,0,0,0,0,0,0,"[{""type"": ""affiliation_external"", ""span"": ""bank of Scotland"", ""organisation"": ""Bank of Scotland""}, {""type"": ""authority"", ""span"": ""senior staff and auditor head of computing department"", ""organisation"": ""Bank of Scotland""}, {""type"": ""reply_direction"", ""span"": ""my alternative email address: ([EMAIL])"", ""organisation"": null}]",annotator_1+annotator_2+tiebreaker,llm_annotated
f9a2c417552bf434,kaggle_nigerian_fraud,fraud,train,1,0,1,0,0,0,1,"[{""type"": ""affiliation_external"", ""span"": ""AFRICAN DEVELOPMENT BANK(ADB)"", ""organisation"": ""African Development Bank""}, {""type"": ""authority"", ""span"": ""DIRECTOR IN CHARGE OF AUDIT AND ACCOUNTS UNIT"", ""organisation"": ""African Development Bank""}]",annotator_1+annotator_2+tiebreaker,llm_annotated
42af5d9a8273e049,nazario,phishing,validation,1,1,1,0,0,0,0,"[{""type"": ""authority"", ""span"": ""Email Administrator"", ""organisation"": null}]",annotator_1+annotator_2+tiebreaker,llm_annotated
e755816dd62c2d02,nazario,phishing,train,0,1,0,0,0,0,0,"[{""type"": ""affiliation_external"", ""span"": ""USAA"", ""organisation"": ""USAA""}]",annotator_1+annotator_2+tiebreaker,llm_annotated
be66e76704ed4343,kaggle_ling,ham,train,0,0,0,0,0,0,0,"[{""type"": ""signature_contact"", ""span"": ""lisa lai - shen cheng and rint sybesma ‹ mailto : [EMAIL] ›"", ""organisation"": ""glot international""}]",annotator_1+annotator_2,llm_annotated
53b58e853777996d,kaggle_ceas08,ham,train,0,0,0,0,0,0,0,"[{""type"": ""signature_contact"", ""span"": ""Boyd Gerber ZENEZ 1042 East Fort Union #135, Midvale Utah 84047"", ""organisation"": null}]",annotator_1+annotator_2+tiebreaker,llm_annotated
4a903ff42b576627,kaggle_nigerian_fraud,fraud,train,0,0,0,0,0,0,0,[],annotator_1+annotator_2+tiebreaker,llm_annotated
04972e4d2fff3095,kaggle_enron,spam,validation,0,0,0,0,0,1,0,[],annotator_1+annotator_2,llm_annotated
55ae4d808a7aa71a,kaggle_enron,ham,train,0,0,0,0,0,0,0,[],annotator_1+annotator_2,llm_annotated
549e45108a3f66b1,kaggle_nigerian_fraud,fraud,validation,0,0,0,0,0,0,0,[],annotator_1+annotator_2+tiebreaker,llm_annotated
e428b536df3e4d11,kaggle_enron,ham,train,0,0,0,0,0,0,0,"[{""type"": ""signature_contact"", ""span"": ""vanessa c 3 - 5030"", ""organisation"": null}]",annotator_1+annotator_2+tiebreaker,llm_annotated
3f1fd1f3fce8bcef,phishing_pot,phishing,train,0,1,1,0,0,0,0,"[{""type"": ""affiliation_external"", ""span"": ""Ripple Labs and the Ripple Foundation"", ""organisation"": ""Ripple Labs""}]",annotator_1+annotator_2+tiebreaker,llm_annotated
d393d3f9a63a5c6d,phishing_pot,phishing,train,0,1,1,0,0,0,0,"[{""type"": ""affiliation_external"", ""span"": ""McAfee"", ""organisation"": ""McAfee""}]",annotator_1+annotator_2+tiebreaker,llm_annotated
6692585b8b218fd1,kaggle_nigerian_fraud,fraud,train,0,0,0,0,0,0,0,"[{""type"": ""data_request"", ""span"": ""forwarding proofs of identity. Also send a personal telephone and fax numbers"", ""organisation"": null}]",annotator_1+annotator_2+tiebreaker,llm_annotated
e9d9882648b31ed1,nazario,phishing,train,1,0,0,0,0,0,0,"[{""type"": ""affiliation_external"", ""span"": ""Regions Bank"", ""organisation"": ""Regions Bank""}]",annotator_1+annotator_2+tiebreaker,llm_annotated
6a33450e2497fdd4,apache_kafka_users,ham,train,0,0,0,0,0,0,0,"[{""type"": ""signature_contact"", ""span"": ""Please notify the sender immediately"", ""organisation"": null}]",annotator_1+annotator_2+tiebreaker,llm_annotated
b92587c36898560f,nazario,phishing,train,0,0,0,0,0,0,0,"[{""type"": ""affiliation_external"", ""span"": ""COMERICA BANK"", ""organisation"": ""Comerica Bank""}, {""type"": ""credential_request"", ""span"": ""register your DC account"", ""organisation"": ""Comerica Bank""}]",annotator_1+annotator_2+tiebreaker,llm_annotated
cddc94c702ca140c,kaggle_nigerian_fraud,fraud,validation,0,0,0,0,0,0,1,"[{""type"": ""affiliation_external"", ""span"": ""BANK OF AFRICA (BOA)"", ""organisation"": ""Bank of Africa""}, {""type"": ""reply_direction"", ""span"": ""REPLY TO MY PRIVATE EMAIL: [EMAIL]"", ""organisation"": null}]",annotator_1+annotator_2+tiebreaker,llm_annotated
25c7b581c6e35cd0,nazario,phishing,validation,0,1,0,0,0,0,0,"[{""type"": ""affiliation_internal"", ""span"": ""EagleNet Webmail Service"", ""organisation"": ""EagleNet""}, {""type"": ""credential_request"", ""span"": ""re-confirm your e-mail account information"", ""organisation"": ""EagleNet""}]",annotator_1+annotator_2+tiebreaker,llm_annotated
a632bc762e871646,phishing_pot,phishing,train,0,0,0,0,0,0,0,[],annotator_1+annotator_2,llm_annotated
d8ac4487345b2a06,nazario,phishing,test,0,1,0,0,0,0,0,"[{""type"": ""affiliation_internal"", ""span"": ""Squirrel Mail Development Team"", ""organisation"": ""SquirrelMail""}]",annotator_1+annotator_2+tiebreaker,llm_annotated
79f68175f7a8f30a,kaggle_nigerian_fraud,fraud,train,0,1,0,0,0,0,0,"[{""type"": ""data_request"", ""span"": ""FILL AND RETURN THIS INFORMATION"", ""organisation"": null}]",annotator_1+annotator_2+tiebreaker,llm_annotated
bb8a02dea0d52f3b,phishing_pot,phishing,train,0,1,1,0,0,0,0,"[{""type"": ""affiliation_external"", ""span"": ""Netto"", ""organisation"": ""Netto""}]",annotator_1+annotator_2+tiebreaker,llm_annotated
f92cbedb0589fc70,phishing_pot,phishing,test,0,0,0,0,0,0,0,"[{""type"": ""affiliation_external"", ""span"": ""Mercado Pago"", ""organisation"": ""Mercado Pago""}]",annotator_1+annotator_2+tiebreaker,llm_annotated
bce53f30a7515ee5,nazario,phishing,train,0,1,0,0,0,0,0,"[{""type"": ""affiliation_external"", ""span"": ""VISA"", ""organisation"": ""Visa""}, {""type"": ""credential_request"", ""span"": ""create your Verified by Visa password"", ""organisation"": ""Visa""}]",annotator_1+annotator_2+tiebreaker,llm_annotated
ae61072f08c8c75e,phishing_pot,phishing,train,0,1,1,0,0,0,0,"[{""type"": ""affiliation_external"", ""span"": ""FC Bayern"", ""organisation"": ""FC Bayern""}]",annotator_1+annotator_2+tiebreaker,llm_annotated
b0e5b72bc735c8ce,nazario,phishing,train,0,1,0,0,0,0,0,"[{""type"": ""affiliation_external"", ""span"": ""PayPal Inc."", ""organisation"": ""PayPal Inc.""}, {""type"": ""credential_request"", ""span"": ""follow this link to confirm your account access information"", ""organisation"": ""PayPal Inc.""}]",annotator_1+annotator_2+tiebreaker,llm_annotated
0e51784c1174a7b4,kaggle_ling,ham,validation,0,0,0,0,0,0,0,"[{""type"": ""affiliation_internal"", ""span"": ""edward callary , editor names english department northern illinois university"", ""organisation"": ""Northern Illinois University""}, {""type"": ""signature_contact"", ""span"": ""edward callary , editor phone : 815-753 - 6627 names : a journal of onomastics fax : 815-753 - 0606 english department email : [EMAIL] northern illinois university"", ""organisation"": ""Northern Illinois University""}]",annotator_1+annotator_2,llm_annotated
1a2fac803542a801,spamassassin,ham,train,0,0,0,0,0,0,0,[],annotator_1+annotator_2,llm_annotated
5fae7437f791323f,kaggle_ling,spam,train,0,0,0,0,0,0,0,[],annotator_1+annotator_2+tiebreaker,llm_annotated
5d68d57bab2a7fb3,phishing_pot,phishing,train,0,0,0,0,0,0,0,[],annotator_1+annotator_2,llm_annotated
6bc1a77042ccc5ac,phishing_pot,phishing,test,1,0,0,0,0,0,0,"[{""type"": ""affiliation_external"", ""span"": ""TRIBUNAL REGIONAL DO TRABALHO DA 12ª REGIÃO"", ""organisation"": ""TRIBUNAL REGIONAL DO TRABALHO DA 12ª REGIÃO""}]",annotator_1+annotator_2+tiebreaker,llm_annotated
cda3328079e38780,phishing_pot,phishing,train,0,0,0,0,0,0,0,[],annotator_1+annotator_2,llm_annotated
71045cc9a204a16c,phishing_pot,phishing,train,0,0,0,0,0,0,0,[],annotator_1+annotator_2,llm_annotated
0d793620a8c632d2,kaggle_nigerian_fraud,fraud,validation,0,0,0,0,0,0,0,"[{""type"": ""affiliation_external"", ""span"": ""YUKOS OIL"", ""organisation"": ""YUKOS OIL""}]",annotator_1+annotator_2+tiebreaker,llm_annotated
7ebe956232526f77,kaggle_nigerian_fraud,fraud,test,0,1,0,0,0,0,1,[],annotator_1+annotator_2+tiebreaker,llm_annotated
ce4cfc8197623ed4,spamassassin,ham,train,0,0,0,0,0,0,0,[],annotator_1+annotator_2,llm_annotated
d3e63bf47bfa6375,nazario,phishing,train,0,1,1,0,0,0,0,"[{""type"": ""signature_contact"", ""span"": ""Az-oogleads, 1054 Centre St. Suite 214, Thornhill ON, L4J8E5"", ""organisation"": ""Az-oogleads""}]",annotator_1+annotator_2,llm_annotated
3ae4acdae431ae7a,phishing_pot,phishing,test,0,0,0,0,0,0,0,[],annotator_1+annotator_2,llm_annotated
bc274952a07ddc9b,kaggle_enron,ham,train,0,0,0,0,0,0,0,"[{""type"": ""signature_contact"", ""span"": ""tammie schoppe enron americas - office of the chair assistant to louise kitchen 713 . 853 . 4220 office 713 . 646 . 8562 fax 713 . 253 . 2131 mobile"", ""organisation"": ""Enron""}]",annotator_1+annotator_2+tiebreaker,llm_annotated
7d1634cd024f2104,nazario,phishing,test,0,0,0,0,0,0,1,"[{""type"": ""affiliation_external"", ""span"": ""International Private Banking at HSBC Bank"", ""organisation"": ""HSBC Bank""}, {""type"": ""authority"", ""span"": ""de-facto chief operations officer of the private banking sector"", ""organisation"": ""HSBC Bank""}]",annotator_1+annotator_2+tiebreaker,llm_annotated
5e6a2e266ef9e66f,kaggle_ceas08,ham,train,0,0,0,0,0,0,0,[],annotator_1+annotator_2,llm_annotated
50ac3202d16042a2,kaggle_nigerian_fraud,fraud,train,0,0,0,0,0,0,0,[],annotator_1+annotator_2+tiebreaker,llm_annotated
446f0e62fb1607bd,kaggle_nigerian_fraud,fraud,train,0,1,0,0,0,0,0,"[{""type"": ""affiliation_external"", ""span"": ""Manager, Credit and Foreign bills of trust bank of africa limited"", ""organisation"": ""trust bank of africa limited""}]",annotator_1+annotator_2+tiebreaker,llm_annotated
e9b390ef0dbd7ebe,spamassassin,spam,train,0,0,0,0,0,0,0,[],annotator_1+annotator_2,llm_annotated
388e04e1af61f4b2,kaggle_ceas08,ham,train,0,0,0,0,0,0,0,"[{""type"": ""signature_contact"", ""span"": ""Roger Oberholtzer OPQ Systems / Ramböll RST Ramböll Sverige AB Kapellgränd 7 P.O. Box 4205 SE-102 65 Stockholm, Sweden Tel: Int +46 8-615 60 20 Fax: Int +46 8-31 42 23"", ""organisation"": ""OPQ Systems""}]",annotator_1+annotator_2+tiebreaker,llm_annotated
421984b60da539cc,nazario,phishing,train,1,1,1,0,0,0,0,"[{""type"": ""affiliation_internal"", ""span"": ""System Administrator"", ""organisation"": ""Reckitt Benckiser Group plc""}, {""type"": ""credential_request"", ""span"": ""Activate by completing the Microsoft outlook web access page. Click on the Re-activation link below"", ""organisation"": ""Microsoft""}]",annotator_1+annotator_2+tiebreaker,llm_annotated
2937aadade83b790,phishing_pot,phishing,test,0,1,1,0,0,0,0,[],annotator_1+annotator_2,llm_annotated
4683ea1b2211be3e,kaggle_nigerian_fraud,fraud,train,0,1,0,0,0,0,0,"[{""type"": ""data_request"", ""span"": ""sending your full names, age, occupation; address, private telephone and fax numbers"", ""organisation"": null}]",annotator_1+annotator_2+tiebreaker,llm_annotated
ac18e8694ec741c3,kaggle_enron,ham,train,0,0,0,0,0,0,0,[],annotator_1+annotator_2+tiebreaker,llm_annotated
ad1b67969896fc4d,kaggle_ceas08,spam,test,0,1,0,0,0,0,0,[],annotator_1+annotator_2,llm_annotated
6523fd792c5e34e6,nazario,phishing,train,0,1,1,0,0,0,0,"[{""type"": ""affiliation_external"", ""span"": ""Alliance & Leicester Bank Holdings plc"", ""organisation"": ""Alliance & Leicester Bank""}]",annotator_1+annotator_2+tiebreaker,llm_annotated
7165597c23df5301,kaggle_enron,ham,train,0,0,0,0,0,0,0,[],annotator_1+annotator_2+tiebreaker,llm_annotated
1c1c4b40472e2398,kaggle_enron,spam,test,0,0,0,0,0,0,0,[],annotator_1+annotator_2,llm_annotated
f070e843ae95eaea,kaggle_nigerian_fraud,fraud,train,0,1,1,0,0,0,1,"[{""type"": ""authority"", ""span"": ""Barrister Jack Vanrenos, the personal Attorney to Mr. Charles Jones"", ""organisation"": null}, {""type"": ""reply_direction"", ""span"": ""Await your prompt response in my private email address"", ""organisation"": null}, {""type"": ""signature_contact"", ""span"": ""Jack Vanrenos Esq.--Jack Vanrenos [EMAIL]"", ""organisation"": null}]",annotator_1+annotator_2+tiebreaker,llm_annotated
7b4c96bb5464e60b,nazario,phishing,train,0,1,1,0,0,0,0,"[{""type"": ""credential_request"", ""span"": ""phleyase ljog in npow"", ""organisation"": null}]",annotator_1+annotator_2+tiebreaker,llm_annotated
8f12dd3d7f2b78a2,kaggle_nigerian_fraud,fraud,train,0,1,0,0,0,0,1,"[{""type"": ""reply_direction"", ""span"": ""contact me in my private"", ""organisation"": null}, {""type"": ""signature_contact"", ""span"": ""Mrs.Mable Kabila"", ""organisation"": null}]",annotator_1+annotator_2+tiebreaker,llm_annotated
1b834a81d5428126,kaggle_nigerian_fraud,fraud,test,1,0,0,0,0,0,0,"[{""type"": ""affiliation_external"", ""span"": ""CITIZENS INTERNATIONAL BANK LTD"", ""organisation"": ""CITIZENS INTERNATIONAL BANK LTD""}, {""type"": ""authority"", ""span"": ""I am the Operations Officer, BILL AND EXCHANGE"", ""organisation"": ""CITIZENS INTERNATIONAL BANK LTD""}]",annotator_1+annotator_2+tiebreaker,llm_annotated
8309d7a544e426f6,spamassassin,spam,validation,0,1,0,0,0,0,0,[],annotator_1+annotator_2+tiebreaker,llm_annotated
b10489b5ba07eb2a,kaggle_enron,ham,validation,0,0,0,0,0,0,0,[],annotator_1+annotator_2+tiebreaker,llm_annotated
4ac43404ae23e20d,kaggle_nigerian_fraud,fraud,test,0,1,0,0,0,0,1,[],annotator_1+annotator_2+tiebreaker,llm_annotated
4e566b4bc06b4e68,nazario,phishing,train,0,1,1,0,0,0,0,"[{""type"": ""affiliation_internal"", ""span"": ""eBay Billing Department"", ""organisation"": ""eBay""}, {""type"": ""credential_request"", ""span"": ""Please sign in to your eBay account and update your billing information"", ""organisation"": ""eBay""}]",annotator_1+annotator_2+tiebreaker,llm_annotated
f21a8dab35f1c6cf,kaggle_ceas08,spam,validation,0,0,0,0,0,0,0,[],annotator_1+annotator_2,llm_annotated
1c306269c7d220af,kaggle_ling,ham,train,0,0,0,0,0,0,0,[],annotator_1+annotator_2,llm_annotated
b9415499a86ad479,spamassassin,ham,validation,0,0,0,0,0,0,0,[],annotator_1+annotator_2+tiebreaker,llm_annotated
6ff98d42137f6e67,kaggle_ceas08,ham,train,0,0,0,0,0,0,0,[],annotator_1+annotator_2,llm_annotated
2b1cc860ce36d7e6,apache_tomcat_users,ham,test,0,0,0,0,0,0,0,[],annotator_1+annotator_2+tiebreaker,llm_annotated
7c87d940f5e86aa3,kaggle_ceas08,spam,test,0,0,0,0,0,0,0,[],annotator_1+annotator_2,llm_annotated
eef288093037569e,nazario,phishing,train,0,1,0,0,0,0,0,"[{""type"": ""affiliation_external"", ""span"": ""Internal Revenue Service"", ""organisation"": ""Internal Revenue Service""}]",annotator_1+annotator_2+tiebreaker,llm_annotated
9508bb94b5d791a5,kaggle_enron,ham,test,0,0,0,0,0,0,0,"[{""type"": ""signature_contact"", ""span"": ""mrha"", ""organisation"": null}]",annotator_1+annotator_2,llm_annotated
5372eee74c3300f7,nazario,phishing,test,0,1,1,0,0,0,0,"[{""type"": ""affiliation_external"", ""span"": ""PayPal"", ""organisation"": ""PayPal""}, {""type"": ""credential_request"", ""span"": ""click on the link below to log into the account"", ""organisation"": ""PayPal""}]",annotator_1+annotator_2+tiebreaker,llm_annotated
59b7aecb1dafebc3,phishing_pot,phishing,train,0,0,0,0,0,0,0,[],annotator_1+annotator_2,llm_annotated
57a0531dafed6f07,phishing_pot,phishing,train,0,1,1,1,0,1,0,[],annotator_1+annotator_2+tiebreaker,llm_annotated
0ee817a8747ebcf8,nazario,phishing,validation,0,1,1,0,0,0,0,"[{""type"": ""affiliation_internal"", ""span"": ""member service"", ""organisation"": null}, {""type"": ""credential_request"", ""span"": ""open the attachment and update your account"", ""organisation"": null}]",annotator_1+annotator_2+tiebreaker,llm_annotated
eb63ddae986b40e0,spamassassin,spam,validation,0,0,0,0,0,0,0,[],annotator_1+annotator_2+tiebreaker,llm_annotated
6f90c18682f45da3,kaggle_ceas08,ham,validation,0,0,0,0,0,0,0,"[{""type"": ""authority"", ""span"": ""Chief Technology Integrator / Partner"", ""organisation"": ""Empower Information Systems""}, {""type"": ""signature_contact"", ""span"": ""Jason Holbrook\n\nChief Technology Integrator / Partner\n\nEmpower Information Systems\n\n[EMAIL]\n\n[DOMAIN]\n\n[URL]\n\nSkype: holbrook.jason\n\nGtalk: jaholbrook\n\n757-320-2667 (Direct)"", ""organisation"": ""Empower Information Systems""}]",annotator_1+annotator_2,llm_annotated
d8916c7b1f3cf330,kaggle_nigerian_fraud,fraud,validation,0,0,0,0,0,0,0,"[{""type"": ""affiliation_internal"", ""span"": ""Ms. Bhamini Lele \"" from Centrafest Technologies Pvt Limited"", ""organisation"": ""Centrafest Technologies Pvt Limited""}, {""type"": ""prior_relationship"", ""span"": ""In past you had an interaction with us"", ""organisation"": null}]",annotator_1+annotator_2+tiebreaker,llm_annotated
5399b38da33187a0,apache_kafka_users,ham,test,0,0,0,0,0,0,0,"[{""type"": ""signature_contact"", ""span"": ""Andy Li"", ""organisation"": null}]",annotator_1+annotator_2+tiebreaker,llm_annotated
855ef72bcdfc2eed,kaggle_nigerian_fraud,fraud,train,1,0,0,0,0,0,0,"[{""type"": ""affiliation_external"", ""span"": ""senior credit officer of NATWEST BANK PLC"", ""organisation"": ""NATWEST BANK PLC""}, {""type"": ""authority"", ""span"": ""senior credit officer"", ""organisation"": ""NATWEST BANK PLC""}, {""type"": ""data_request"", ""span"": ""provide me with your : 1.Full Names 2.Complete residential Address"", ""organisation"": null}]",annotator_1+annotator_2+tiebreaker,llm_annotated
93ea4e7d07191112,kaggle_ceas08,spam,train,0,0,0,0,0,0,0,[],annotator_1+annotator_2,llm_annotated
caaad77bfca0ea8a,phishing_pot,phishing,train,0,1,1,0,0,0,0,"[{""type"": ""affiliation_external"", ""span"": ""Amazo n Prim e"", ""organisation"": ""Amazon""}, {""type"": ""payment_change"", ""span"": ""review and update your billin g details"", ""organisation"": ""Amazon""}, {""type"": ""credential_request"", ""span"": ""visit this link http s ://amazo n .co m /ap/signi n"", ""organisation"": ""Amazon""}]",annotator_1+annotator_2+tiebreaker,llm_annotated
a3b3d36bcb4ad31f,kaggle_enron,spam,train,0,0,0,0,0,0,0,[],annotator_1+annotator_2,llm_annotated
ae6cf7d4e87ecdab,kaggle_nigerian_fraud,fraud,train,0,1,0,0,0,0,0,"[{""type"": ""reply_direction"", ""span"": ""My alternative email address is ( [EMAIL])"", ""organisation"": null}]",annotator_1+annotator_2+tiebreaker,llm_annotated
6cb6ec66e1d662ec,phishing_pot,phishing,validation,0,0,0,0,0,0,0,[],annotator_1+annotator_2+tiebreaker,llm_annotated
a5c8910747b01dc6,nazario,phishing,train,0,0,1,0,0,0,0,"[{""type"": ""credential_request"", ""span"": ""click here ‹[URL]› to update your account"", ""organisation"": null}]",annotator_1+annotator_2+tiebreaker,llm_annotated
3fbd3ce911414d0a,nazario,phishing,test,0,0,0,0,0,0,0,[],annotator_1+annotator_2,llm_annotated
e8d2eb51fa2cc8d0,phishing_pot,phishing,train,0,1,1,0,0,1,0,"[{""type"": ""affiliation_external"", ""span"": ""Omaha Steaks"", ""organisation"": ""Omaha Steaks""}, {""type"": ""signature_contact"", ""span"": ""11030 O Street, Omaha, Nebraska 68137"", ""organisation"": ""Omaha Steaks""}]",annotator_1+annotator_2+tiebreaker,llm_annotated
26f1c1899c2e0450,phishing_pot,phishing,validation,0,0,0,0,0,1,0,"[{""type"": ""affiliation_external"", ""span"": ""votre expérience avec LIDL"", ""organisation"": ""LIDL""}]",annotator_1+annotator_2+tiebreaker,llm_annotated
f412f0162d6ef1e8,kaggle_enron,ham,test,0,0,0,0,0,0,0,"[{""type"": ""affiliation_internal"", ""span"": ""enron it purchasing"", ""organisation"": ""Enron""}]",annotator_1+annotator_2,llm_annotated
8aaee76c1d633dec,phishing_pot,phishing,train,0,1,0,0,0,0,0,[],annotator_1+annotator_2+tiebreaker,llm_annotated
0297d2a4e0aca0e9,kaggle_ceas08,spam,train,0,0,0,0,0,0,0,[],annotator_1+annotator_2,llm_annotated
e1aefa147d54a91a,spamassassin,spam,train,0,0,0,0,0,0,0,"[{""type"": ""reply_direction"", ""span"": ""simply click Reply, type \""Send Info\"" in the Subject box and hit Send"", ""organisation"": null}, {""type"": ""signature_contact"", ""span"": ""Mark R Sherman"", ""organisation"": null}]",annotator_1+annotator_2+tiebreaker,llm_annotated
dd6e2895a9e12861,kaggle_nigerian_fraud,fraud,train,0,0,0,0,0,0,0,"[{""type"": ""authority"", ""span"": ""I am Dr Blessed Ogbe the Banking officer"", ""organisation"": null}]",annotator_1+annotator_2+tiebreaker,llm_annotated
93c6eb43e60c5d40,nazario,phishing,train,0,1,1,0,0,0,0,"[{""type"": ""affiliation_external"", ""span"": ""Paypal customer"", ""organisation"": ""PayPal""}, {""type"": ""credential_request"", ""span"": ""click on the link below and submit, as we try to verify your account"", ""organisation"": ""PayPal""}]",annotator_1+annotator_2+tiebreaker,llm_annotated
728fb810b8d5affa,kaggle_enron,ham,train,0,1,1,0,0,0,0,"[{""type"": ""payment_request"", ""span"": ""get your registration and payment in pronto !"", ""organisation"": null}]",annotator_1+annotator_2+tiebreaker,llm_annotated
a6fb755470a24899,nazario,phishing,validation,1,1,0,0,0,0,0,"[{""type"": ""affiliation_external"", ""span"": ""eBay PowerSeller Team"", ""organisation"": ""eBay""}, {""type"": ""signature_contact"", ""span"": ""eBay is located at 2145 Hamilton Avenue, San Jose, CA 95125"", ""organisation"": ""eBay""}, {""type"": ""credential_request"", ""span"": ""Become an eBay Power Seller"", ""organisation"": ""eBay""}]",annotator_1+annotator_2,llm_annotated
5aa76719648cb7dd,kaggle_ceas08,ham,test,0,0,0,0,0,0,0,[],annotator_1+annotator_2,llm_annotated
7c3d4a386064a3b6,kaggle_ceas08,spam,test,0,0,0,0,0,0,0,[],annotator_1+annotator_2,llm_annotated
d5357aaf94f8413f,kaggle_nigerian_fraud,fraud,validation,1,0,0,0,0,0,1,"[{""type"": ""affiliation_external"", ""span"": ""AFRICAN DEVELOPMENT BANK (A.D.B)"", ""organisation"": ""African Development Bank""}, {""type"": ""authority"", ""span"": ""I am Mr Mohamat Ali, the Director in charge of Auditing and Accounting section"", ""organisation"": ""African Development Bank""}, {""type"": ""reply_direction"", ""span"": ""PLEASE REPLY ME WITH MY ALTERNATIVE EMAIL OF ( [EMAIL] )"", ""organisation"": null}]",annotator_1+annotator_2+tiebreaker,llm_annotated
9b69fe091a5b8b67,spamassassin,ham,train,0,0,0,0,0,0,0,[],annotator_1+annotator_2,llm_annotated
8692cd87e0c5a21b,phishing_pot,phishing,train,0,0,0,0,0,0,0,[],annotator_1+annotator_2,llm_annotated
2841c6d9533809c1,kaggle_enron,ham,test,0,0,0,0,0,0,0,"[{""type"": ""payment_change"", ""span"": ""please change burlington resources trading , inc . , to burlington resources gathering , inc ."", ""organisation"": ""Burlington Resources""}]",annotator_1+annotator_2,llm_annotated
e7d7465a9c5d75bd,kaggle_enron,spam,test,0,1,0,0,0,0,0,[],annotator_1+annotator_2,llm_annotated
215beabd15f84934,kaggle_nigerian_fraud,fraud,train,0,1,0,0,0,0,1,"[{""type"": ""reply_direction"", ""span"": ""Contact my lawyer with this specified email: [EMAIL]"", ""organisation"": null}]",annotator_1+annotator_2+tiebreaker,llm_annotated
8180fbd43b99c8e2,nazario,phishing,test,0,1,0,0,0,0,0,"[{""type"": ""affiliation_external"", ""span"": ""PayPal"", ""organisation"": ""PayPal""}, {""type"": ""credential_request"", ""span"": ""visit PayPal as soon as possible to update your account"", ""organisation"": ""PayPal""}]",annotator_1+annotator_2+tiebreaker,llm_annotated
85fb42a5425b47bd,phishing_pot,phishing,train,0,0,0,0,0,0,0,[],annotator_1+annotator_2,llm_annotated
727d3988b118e8dd,nazario,phishing,train,0,1,1,0,0,0,0,"[{""type"": ""affiliation_internal"", ""span"": ""[DOMAIN] Support Team"", ""organisation"": ""[DOMAIN]""}, {""type"": ""credential_request"", ""span"": ""Cancel Deactivation Request"", ""organisation"": null}]",annotator_1+annotator_2+tiebreaker,llm_annotated
d8c6e222ee2e5333,kaggle_nigerian_fraud,fraud,validation,0,1,0,0,0,0,1,"[{""type"": ""authority"", ""span"": ""I was the personal confidant to the first vice-president"", ""organisation"": null}]",annotator_1+annotator_2+tiebreaker,llm_annotated
31bfff8049c27583,apache_tomcat_users,ham,train,0,0,0,0,0,0,0,"[{""type"": ""affiliation_internal"", ""span"": ""The Apache Tomcat team"", ""organisation"": ""Apache Tomcat""}]",annotator_1+annotator_2+tiebreaker,llm_annotated
42ecb48c820581ea,kaggle_nigerian_fraud,fraud,validation,0,0,0,0,0,0,0,[],annotator_1+annotator_2+tiebreaker,llm_annotated
475aa14be56c13d4,nazario,phishing,train,0,1,0,0,0,0,0,"[{""type"": ""credential_request"", ""span"": ""Click Here to validate your e-mail"", ""organisation"": null}]",annotator_1+annotator_2+tiebreaker,llm_annotated
a708e8c777682192,nazario,phishing,train,0,0,0,0,0,0,0,"[{""type"": ""signature_contact"", ""span"": ""Order Help-Desk: (866) 774-4274"", ""organisation"": null}]",annotator_1+annotator_2,llm_annotated
378c9b81784d82fb,kaggle_ceas08,spam,validation,0,0,0,0,0,0,0,[],annotator_1+annotator_2,llm_annotated
e877a6364cf38443,kaggle_nigerian_fraud,fraud,train,0,0,0,0,0,0,1,"[{""type"": ""signature_contact"", ""span"": ""Engr. Paul O. Otobo Pretoria South Africa. Email: [EMAIL]"", ""organisation"": null}]",annotator_1+annotator_2+tiebreaker,llm_annotated
1e29b05cc9231992,phishing_pot,phishing,train,0,0,0,0,0,1,0,"[{""type"": ""credential_request"", ""span"": ""access your claim page and redeem your tokens"", ""organisation"": ""Lido""}]",annotator_1+annotator_2+tiebreaker,llm_annotated
85dc52ec0ac02067,phishing_pot,phishing,validation,0,0,1,1,0,1,0,[],annotator_1+annotator_2+tiebreaker,llm_annotated
ac7e7ad10db9d5d6,kaggle_nigerian_fraud,fraud,test,0,0,0,0,0,0,1,"[{""type"": ""authority"", ""span"": ""BARRISTER DAVID EVANS A FAMILY LAWYER"", ""organisation"": ""ADU AKENZUA & CO. CHAMBER""}, {""type"": ""signature_contact"", ""span"": ""ADU AKENZUA & CO. CHAMBER (Legal Practitioners) Blk 804-Law House Building Marina, Lagos - Nigeria. PHONE,+234-8033087058"", ""organisation"": ""ADU AKENZUA & CO. CHAMBER""}]",annotator_1+annotator_2+tiebreaker,llm_annotated
3da4e7c300a8948f,kaggle_ceas08,spam,train,0,0,0,0,0,0,0,[],annotator_1+annotator_2+tiebreaker,llm_annotated
7be1bb5ed8a327f8,nazario,phishing,test,0,0,0,0,0,0,0,"[{""type"": ""affiliation_external"", ""span"": ""eBay"", ""organisation"": ""eBay""}]",annotator_1+annotator_2+tiebreaker,llm_annotated
cd3304e722123a9d,phishing_pot,phishing,test,0,1,0,0,0,0,0,"[{""type"": ""affiliation_external"", ""span"": ""Mercado Pago"", ""organisation"": ""Mercado Pago""}]",annotator_1+annotator_2+tiebreaker,llm_annotated
c0e91ee65b6c8367,phishing_pot,phishing,train,0,0,0,0,0,0,0,"[{""type"": ""affiliation_internal"", ""span"": ""Pyramid IT Consulting Pvt. Ltd."", ""organisation"": ""Pyramid IT Consulting Pvt. Ltd.""}, {""type"": ""signature_contact"", ""span"": ""Harendra Kumar Mob - 8383063372 Pyramid IT Consulting Pvt. Ltd."", ""organisation"": ""Pyramid IT Consulting Pvt. Ltd.""}]",annotator_1+annotator_2+tiebreaker,llm_annotated
7c5bce3732b3b3d7,phishing_pot,phishing,train,0,1,0,0,0,0,0,"[{""type"": ""affiliation_external"", ""span"": ""Dassault Aviation"", ""organisation"": ""Dassault Aviation""}]",annotator_1+annotator_2+tiebreaker,llm_annotated
63d466c936c178bf,phishing_pot,phishing,train,0,1,0,0,0,0,0,"[{""type"": ""affiliation_external"", ""span"": ""DETRAN"", ""organisation"": ""DETRAN""}]",annotator_1+annotator_2+tiebreaker,llm_annotated
98e70bee6e36c2d4,nazario,phishing,train,0,1,1,0,0,0,0,"[{""type"": ""credential_request"", ""span"": ""Click here to confirm your details"", ""organisation"": null}]",annotator_1+annotator_2,llm_annotated
0fa148e8ed9a612a,kaggle_ceas08,ham,test,0,0,0,0,0,0,0,[],annotator_1+annotator_2,llm_annotated
0409237f557205ce,spamassassin,ham,train,0,0,0,0,0,0,0,[],annotator_1+annotator_2,llm_annotated
d281be1b7d4081ed,kaggle_ceas08,ham,train,0,0,0,0,0,0,0,"[{""type"": ""affiliation_internal"", ""span"": ""Massey University Electronic Newsletter"", ""organisation"": ""Massey University""}]",annotator_1+annotator_2,llm_annotated
c10c32905eac6e27,kaggle_nigerian_fraud,fraud,train,0,0,0,0,0,0,1,[],annotator_1+annotator_2+tiebreaker,llm_annotated
38cfbcc6ad1d473a,nazario,phishing,validation,0,1,1,0,0,0,0,"[{""type"": ""affiliation_external"", ""span"": ""PayPal - Customer Service"", ""organisation"": ""PayPal""}, {""type"": ""credential_request"", ""span"": ""confirm your identity"", ""organisation"": ""PayPal""}]",annotator_1+annotator_2+tiebreaker,llm_annotated
cc91a73510e113d8,phishing_pot,phishing,train,0,0,1,0,0,0,0,[],annotator_1+annotator_2+tiebreaker,llm_annotated
2bfaa44e1eb57bc5,kaggle_nigerian_fraud,fraud,train,0,0,0,0,0,0,1,"[{""type"": ""reply_direction"", ""span"": ""Awaiting your urgent reply through my private email address as folow( [EMAIL] )"", ""organisation"": null}]",annotator_1+annotator_2+tiebreaker,llm_annotated
e13be2dc9cff0159,kaggle_nigerian_fraud,fraud,test,1,0,0,0,0,0,1,"[{""type"": ""affiliation_internal"", ""span"": ""Director of Project Implementation with the SouthAfrica Department of Mining & Natural Resources"", ""organisation"": ""South Africa Department of Mining & Natural Resources""}, {""type"": ""authority"", ""span"": ""Director of Project Implementation"", ""organisation"": ""South Africa Department of Mining & Natural Resources""}, {""type"": ""signature_contact"", ""span"": ""MR.TAMBO MOWETE([DOMAIN]/[DOMAIN]). DIRECTOR OF PROJECT IMPLEMENTATION. SOUTH AFRICA MINING & NAT.RESOURCES. E-MAIL:[EMAIL]"", ""organisation"": ""South Africa Department of Mining & Natural Resources""}]",annotator_1+annotator_2+tiebreaker,llm_annotated
ef72fb3ae2e4b58b,kaggle_nigerian_fraud,fraud,train,0,0,0,0,0,0,0,"[{""type"": ""reply_direction"", ""span"": ""REACH ME THROUGH THE EMAIL [EMAIL]"", ""organisation"": null}]",annotator_1+annotator_2+tiebreaker,llm_annotated
b288620cda393c1b,kaggle_enron,ham,train,0,0,0,0,0,0,0,[],annotator_1+annotator_2,llm_annotated
e0387acca037a745,kaggle_nigerian_fraud,fraud,train,0,0,0,0,0,0,0,[],annotator_1+annotator_2,llm_annotated
84b1e8f56d7cc82a,kaggle_enron,ham,train,0,0,0,0,0,0,0,"[{""type"": ""prior_relationship"", ""span"": ""this candidate was forwarded from the norway office"", ""organisation"": null}]",annotator_1+annotator_2+tiebreaker,llm_annotated
111bdd40968a1a95,nazario,phishing,train,0,0,0,0,0,0,0,"[{""type"": ""affiliation_internal"", ""span"": ""The [DOMAIN] Online Webmail App"", ""organisation"": null}, {""type"": ""credential_request"", ""span"": ""please verify your email address"", ""organisation"": null}]",annotator_1+annotator_2+tiebreaker,llm_annotated
0791e7f29e2c75ec,kaggle_nigerian_fraud,fraud,train,0,1,0,0,0,0,0,"[{""type"": ""reply_direction"", ""span"": ""CONFIRMATION SENT TO ME VIA MY E-MAIL ([EMAIL])"", ""organisation"": null}, {""type"": ""payment_request"", ""span"": ""I NEED TO PAY THE TUITION FEE"", ""organisation"": ""American Intercontinental University""}]",annotator_1+annotator_2+tiebreaker,llm_annotated
f92a0502f4ce3a2f,kaggle_ling,spam,train,0,0,0,0,0,0,0,[],annotator_1+annotator_2+tiebreaker,llm_annotated
a4e20fc9f0ee3c7f,spamassassin,ham,train,0,0,0,0,0,0,0,"[{""type"": ""signature_contact"", ""span"": ""List maintainer: [EMAIL]"", ""organisation"": ""Irish Linux Users' Group""}]",annotator_1+annotator_2,llm_annotated
6b5af7459e166e23,kaggle_ceas08,spam,train,0,0,0,0,0,0,0,"[{""type"": ""affiliation_external"", ""span"": ""CNN"", ""organisation"": ""CNN""}]",annotator_1+annotator_2+tiebreaker,llm_annotated
da5ee763fbd97783,phishing_pot,phishing,validation,0,0,0,0,0,0,0,[],annotator_1+annotator_2,llm_annotated
e31d6139d8efe643,kaggle_nigerian_fraud,fraud,train,0,0,0,0,0,0,0,"[{""type"": ""authority"", ""span"": ""i am the personal assistant to Mr Laurence Gbagbo the president of cote d'ivoire"", ""organisation"": ""cote d'ivoire""}]",annotator_1+annotator_2+tiebreaker,llm_annotated
fada7c62691c0cc4,phishing_pot,phishing,train,0,0,0,0,0,0,0,"[{""type"": ""credential_request"", ""span"": ""Per impostare la tua password, visita il seguente indirizzo"", ""organisation"": null}]",annotator_1+annotator_2+tiebreaker,llm_annotated
46c647406b96eb79,phishing_pot,phishing,train,0,0,0,0,0,0,0,"[{""type"": ""affiliation_external"", ""span"": ""The Facebook Team"", ""organisation"": ""Facebook""}, {""type"": ""signature_contact"", ""span"": ""Facebook, Inc., Attention: Community Support, 1 Facebook Way, Menlo Park, CA 94025"", ""organisation"": ""Facebook""}]",annotator_1+annotator_2,llm_annotated
5259735d8e01c155,nazario,phishing,validation,0,1,0,0,0,0,0,"[{""type"": ""affiliation_internal"", ""span"": ""Email Security Team"", ""organisation"": null}, {""type"": ""credential_request"", ""span"": ""Verify Your Email Spam Filter Account settings immediately"", ""organisation"": null}]",annotator_1+annotator_2+tiebreaker,llm_annotated
699bb534bb6ce9a5,kaggle_ceas08,spam,train,0,0,0,0,0,0,0,[],annotator_1+annotator_2,llm_annotated
c829eb02045372f3,phishing_pot,phishing,train,0,1,1,0,0,0,0,"[{""type"": ""affiliation_external"", ""span"": ""LOGISTICS EXPRESS GLOBAL TRACKING SYSTEM"", ""organisation"": ""Global Logistics""}, {""type"": ""signature_contact"", ""span"": ""Global Logistics © 2026 Tracking Solutions"", ""organisation"": ""Global Logistics""}, {""type"": ""payment_request"", ""span"": ""frais de douane impayés (0,99€)"", ""organisation"": null}]",annotator_1+annotator_2+tiebreaker,llm_annotated
70800c45be020aa6,nazario,phishing,train,0,0,1,0,0,0,0,"[{""type"": ""affiliation_external"", ""span"": ""PayPal Inc. Account Departement"", ""organisation"": ""PayPal""}, {""type"": ""credential_request"", ""span"": ""Please follow this link to confirm your account access information"", ""organisation"": ""PayPal""}]",annotator_1+annotator_2+tiebreaker,llm_annotated
019bff15788a4934,nazario,phishing,train,0,0,0,0,0,0,0,"[{""type"": ""affiliation_external"", ""span"": ""The PayPal Team"", ""organisation"": ""PayPal""}, {""type"": ""credential_request"", ""span"": ""Click here to verify your Information"", ""organisation"": ""PayPal""}]",annotator_1+annotator_2,llm_annotated
8b400164a9c50ac4,phishing_pot,phishing,train,0,0,0,0,0,0,0,[],annotator_1+annotator_2,llm_annotated
f9bbddfbc7819172,phishing_pot,phishing,validation,0,0,1,0,0,0,0,"[{""type"": ""affiliation_external"", ""span"": ""promo code from Amazon"", ""organisation"": ""Amazon""}]",annotator_1+annotator_2,llm_annotated
c9369cb242f2585a,nazario,phishing,train,1,0,0,0,0,0,0,"[{""type"": ""affiliation_internal"", ""span"": ""HR Department"", ""organisation"": null}, {""type"": ""authority"", ""span"": ""Director of Human Resources"", ""organisation"": null}]",annotator_1+annotator_2+tiebreaker,llm_annotated
97751bb9b5e96ad2,kaggle_nigerian_fraud,fraud,train,0,1,0,0,0,0,1,"[{""type"": ""signature_contact"", ""span"": ""J.Rodney chesson jr Chesson Family Corporation, Liberia. email: [EMAIL]"", ""organisation"": ""Chesson Family Corporation""}, {""type"": ""prior_relationship"", ""span"": ""I got your email address from an Internet site that portrayed you in good light"", ""organisation"": null}]",annotator_1+annotator_2+tiebreaker,llm_annotated
1aae9cf50589ddf8,phishing_pot,phishing,test,0,0,0,0,0,0,0,"[{""type"": ""signature_contact"", ""span"": ""Harendra Kumar Mob - 8383063372 Pyramid IT Consulting Pvt. Ltd."", ""organisation"": ""Pyramid IT Consulting Pvt. Ltd.""}]",annotator_1+annotator_2+tiebreaker,llm_annotated
d1b7484d42f3a8de,kaggle_ling,ham,train,0,0,0,0,0,0,0,"[{""type"": ""signature_contact"", ""span"": ""geoffrey s. nathan department of linguistics southern illinois university at carbondale"", ""organisation"": ""southern illinois university at carbondale""}]",annotator_1+annotator_2,llm_annotated
47b5ebe580781e41,nazario,phishing,train,1,0,0,0,0,0,0,"[{""type"": ""affiliation_external"", ""span"": ""National Credit Union Association"", ""organisation"": ""National Credit Union Association""}, {""type"": ""credential_request"", ""span"": ""In order to update your account details please access the link below"", ""organisation"": ""National Credit Union Association""}]",annotator_1+annotator_2+tiebreaker,llm_annotated
acfc6e529db04de2,phishing_pot,phishing,validation,0,0,0,0,0,0,0,[],annotator_1+annotator_2,llm_annotated
e528652a3c54feb8,kaggle_nigerian_fraud,fraud,train,0,1,0,0,0,0,0,"[{""type"": ""affiliation_external"", ""span"": ""BANK OF AFRICA"", ""organisation"": ""BANK OF AFRICA""}, {""type"": ""authority"", ""span"": ""Director Auditing and Accounting unit of the bank"", ""organisation"": null}, {""type"": ""reply_direction"", ""span"": ""Send your Reply to my new email address. Email; [EMAIL]"", ""organisation"": null}]",annotator_1+annotator_2+tiebreaker,llm_annotated
9a8f04bc0b826237,nazario,phishing,train,1,0,0,0,0,0,0,"[{""type"": ""affiliation_internal"", ""span"": ""ICT Service Desk"", ""organisation"": null}, {""type"": ""credential_request"", ""span"": ""upgrade to the latest e-mail Outlook Web Apps 2015"", ""organisation"": null}]",annotator_1+annotator_2,llm_annotated
06bc7d0c7644ca31,phishing_pot,phishing,train,0,0,0,0,0,0,0,[],annotator_1+annotator_2,llm_annotated
ad13b448d8cf8b4e,phishing_pot,phishing,train,0,0,0,0,0,0,0,"[{""type"": ""credential_request"", ""span"": ""Klicken Sie unten, um den Verifizierungsprozess zu starten."", ""organisation"": null}]",annotator_1+annotator_2,llm_annotated
c8b39659074ea163,nazario,phishing,test,0,1,1,0,0,0,0,"[{""type"": ""affiliation_external"", ""span"": ""Security Center Advisory!"", ""organisation"": ""PayPal""}, {""type"": ""credential_request"", ""span"": ""update your billing records"", ""organisation"": ""PayPal""}, {""type"": ""credential_request"", ""span"": ""click the link below and then complete all steps"", ""organisation"": ""PayPal""}]",annotator_1+annotator_2+tiebreaker,llm_annotated
1d393b4be6d59bcf,phishing_pot,phishing,train,0,0,0,0,0,0,0,"[{""type"": ""affiliation_external"", ""span"": ""Suporte Nu"", ""organisation"": ""Nu""}, {""type"": ""reply_direction"", ""span"": ""ligue para área de segurança: 0800-400-8033"", ""organisation"": ""Nu""}]",annotator_1+annotator_2+tiebreaker,llm_annotated
ca19370735a1cfc1,kaggle_enron,ham,validation,0,0,0,0,0,0,0,"[{""type"": ""affiliation_internal"", ""span"": ""enron business online"", ""organisation"": ""Enron""}]",annotator_1+annotator_2+tiebreaker,llm_annotated
17a70ba9a64dc764,phishing_pot,phishing,test,0,0,0,0,0,0,0,"[{""type"": ""credential_request"", ""span"": ""To set your password, visit the following address"", ""organisation"": ""BINANCE""}]",annotator_1+annotator_2+tiebreaker,llm_annotated
8e2057a1cc828a3f,kaggle_ling,ham,train,0,0,0,0,0,0,0,"[{""type"": ""affiliation_internal"", ""span"": ""celex , the dutch centre for lexical information"", ""organisation"": ""celex""}]",annotator_1+annotator_2,llm_annotated
8cb10d805c1cde19,apache_tomcat_users,ham,train,0,0,0,0,0,0,0,[],annotator_1+annotator_2+tiebreaker,llm_annotated
378e1b1b1f0d44d4,apache_kafka_users,ham,train,0,0,0,0,0,0,0,[],annotator_1+annotator_2,llm_annotated
7835c2adc26be8ee,nazario,phishing,train,0,1,1,0,0,0,0,"[{""type"": ""affiliation_external"", ""span"": ""Citibank Security Department"", ""organisation"": ""Citibank""}, {""type"": ""signature_contact"", ""span"": ""Citibank Security Department. Citigroup Inc."", ""organisation"": ""Citibank""}, {""type"": ""credential_request"", ""span"": ""enroll in our security upgrade"", ""organisation"": ""Citibank""}]",annotator_1+annotator_2+tiebreaker,llm_annotated
ea83c2d64bf28d09,spamassassin,ham,validation,0,0,0,0,0,0,0,"[{""type"": ""signature_contact"", ""span"": ""Steve -- Irish Linux Users' Group: [EMAIL]"", ""organisation"": ""Irish Linux Users' Group""}]",annotator_1+annotator_2,llm_annotated
4aab1bea347c1643,kaggle_nigerian_fraud,fraud,train,1,0,0,0,0,0,0,"[{""type"": ""authority"", ""span"": ""chief accountant with Gulf Bank Nig PLC"", ""organisation"": ""Gulf Bank Nig PLC""}, {""type"": ""signature_contact"", ""span"": ""DR STEPHEN UMAH GULF BANK NIG PLC HEAD OFFICE Plot 1212, tijian bello Street, Victoria Island, P.M.B 0090, Lagos E-MAIL:[EMAIL]"", ""organisation"": ""Gulf Bank Nig PLC""}]",annotator_1+annotator_2+tiebreaker,llm_annotated
e677dc13b54ac8e6,nazario,phishing,train,1,1,1,0,0,0,0,"[{""type"": ""affiliation_external"", ""span"": ""eBay Safe Harbour Dpt."", ""organisation"": ""eBay""}, {""type"": ""signature_contact"", ""span"": ""Kenneth Pavel eBay Safe Harbour Dpt."", ""organisation"": ""eBay""}, {""type"": ""credential_request"", ""span"": ""Please update and verify your information"", ""organisation"": ""eBay""}]",annotator_1+annotator_2+tiebreaker,llm_annotated
1af578b87543d86b,kaggle_nigerian_fraud,fraud,train,1,1,0,0,0,0,1,"[{""type"": ""affiliation_internal"", ""span"": ""THE AUDITOR OF THE SHELL PETROLEUM DEVELOPMENT COMPANY (SPDC)"", ""organisation"": ""SHELL PETROLEUM DEVELOPMENT COMPANY""}, {""type"": ""authority"", ""span"": ""ALHAJI HAMZA ALIU, THE AUDITOR OF THE SHELL PETROLEUM DEVELOPMENT COMPANY"", ""organisation"": ""Shell Petroleum Development Company""}]",annotator_1+annotator_2+tiebreaker,llm_annotated
66a518f335e54213,kaggle_nigerian_fraud,fraud,train,0,0,0,0,0,1,0,"[{""type"": ""data_request"", ""span"": ""I thereby need your help in bringing the box contaning the money out from the security company"", ""organisation"": null}]",annotator_1+annotator_2+tiebreaker,llm_annotated
4fd719fa1da55323,phishing_pot,phishing,train,0,0,0,0,0,0,0,"[{""type"": ""affiliation_external"", ""span"": ""Illuvium DAO"", ""organisation"": ""Illuvium""}, {""type"": ""signature_contact"", ""span"": ""Please email [EMAIL] if you have any questions."", ""organisation"": ""Illuvium""}, {""type"": ""credential_request"", ""span"": ""connect you main wallet"", ""organisation"": ""Illuvium""}]",annotator_1+annotator_2+tiebreaker,llm_annotated
74a38c30cfa31df0,kaggle_ling,spam,validation,0,0,0,0,0,0,0,"[{""type"": ""reply_direction"", ""span"": ""send an e-mail to : [EMAIL]"", ""organisation"": null}]",annotator_1+annotator_2,llm_annotated
2becfd39ab15de3b,phishing_pot,phishing,train,0,1,1,0,0,0,0,"[{""type"": ""signature_contact"", ""span"": ""Derila +1 862 329-7011"", ""organisation"": ""Derila""}]",annotator_1+annotator_2+tiebreaker,llm_annotated
76673947507a3216,phishing_pot,phishing,train,1,0,0,0,0,0,0,"[{""type"": ""affiliation_internal"", ""span"": ""The Microsoft account team"", ""organisation"": ""Microsoft""}, {""type"": ""reply_direction"", ""span"": ""Report The User ([EMAIL])"", ""organisation"": ""Microsoft""}]",annotator_1+annotator_2+tiebreaker,llm_annotated
186f071d5d439c77,kaggle_enron,ham,validation,0,0,0,0,0,0,0,[],annotator_1+annotator_2+tiebreaker,llm_annotated
20fc492501aaf9c4,nazario,phishing,train,0,1,1,0,0,0,0,"[{""type"": ""affiliation_external"", ""span"": ""PayPal"", ""organisation"": ""PayPal""}, {""type"": ""data_request"", ""span"": ""you need to submit additional details on your PayPal account."", ""organisation"": ""PayPal""}]",annotator_1+annotator_2+tiebreaker,llm_annotated
357889d6d5598d9e,nazario,phishing,test,1,0,0,0,0,0,0,"[{""type"": ""affiliation_external"", ""span"": ""USAA"", ""organisation"": ""USAA""}, {""type"": ""credential_request"", ""span"": ""review your account with us and resolve your account"", ""organisation"": ""USAA""}]",annotator_1+annotator_2+tiebreaker,llm_annotated
25ebcb1c3559cb78,nazario,phishing,train,1,1,0,0,0,0,0,"[{""type"": ""affiliation_external"", ""span"": ""Bank of America"", ""organisation"": ""Bank of America""}]",annotator_1+annotator_2+tiebreaker,llm_annotated
94fd34bdb12ed862,phishing_pot,phishing,test,0,0,0,0,0,0,0,[],annotator_1+annotator_2,llm_annotated
1d579bafb0ab70f1,kaggle_enron,ham,train,0,0,0,0,0,0,0,[],annotator_1+annotator_2,llm_annotated
b97c205aa744522f,kaggle_ling,ham,validation,0,0,0,0,0,0,0,[],annotator_1+annotator_2,llm_annotated
c61a7a1c93a3dc13,nazario,phishing,test,0,0,0,0,0,0,0,[],annotator_1+annotator_2+tiebreaker,llm_annotated
d4ef92f204f60c86,nazario,phishing,train,1,0,0,0,0,0,0,"[{""type"": ""credential_request"", ""span"": ""Sign-on to re-activate"", ""organisation"": ""Mashreq""}]",annotator_1+annotator_2+tiebreaker,llm_annotated
bdaf5a09bbecb2b5,phishing_pot,phishing,test,0,0,0,0,0,0,0,[],annotator_1+annotator_2,llm_annotated
9e2f8f12695be939,kaggle_enron,ham,test,0,0,0,0,0,0,0,[],annotator_1+annotator_2+tiebreaker,llm_annotated
9b6fa9aad8e44fcf,kaggle_nigerian_fraud,fraud,validation,0,0,0,0,0,0,0,"[{""type"": ""signature_contact"", ""span"": ""PHILIP & ALICE DESMOND Rue L195, Zone 4, Abidjan Ivory Coast."", ""organisation"": null}]",annotator_1+annotator_2+tiebreaker,llm_annotated
31061309b6ef3444,kaggle_ceas08,spam,train,0,0,0,0,0,0,0,"[{""type"": ""affiliation_external"", ""span"": ""CNN"", ""organisation"": ""CNN""}, {""type"": ""signature_contact"", ""span"": ""One CNN Center, Atlanta, Georgia 30303"", ""organisation"": ""CNN""}]",annotator_1+annotator_2+tiebreaker,llm_annotated
4803cd4ece240219,nazario,phishing,test,0,0,0,0,0,0,0,[],annotator_1+annotator_2,llm_annotated
b3352bd3846e5154,kaggle_ceas08,spam,train,0,0,0,0,0,0,0,[],annotator_1+annotator_2,llm_annotated
73d36a0760f08e50,kaggle_nigerian_fraud,fraud,train,0,0,0,0,0,0,0,"[{""type"": ""authority"", ""span"": ""Am an attorney to Mr Grant Woods"", ""organisation"": null}, {""type"": ""reply_direction"", ""span"": ""Pls send your reply to mym private address [EMAIL]"", ""organisation"": null}, {""type"": ""signature_contact"", ""span"": ""MR. James Roberts."", ""organisation"": null}]",annotator_1+annotator_2+tiebreaker,llm_annotated
f7f4f64d7854b204,phishing_pot,phishing,test,1,0,0,0,0,0,0,"[{""type"": ""affiliation_external"", ""span"": ""CeIsius LLC"", ""organisation"": ""Celsius LLC""}, {""type"": ""credential_request"", ""span"": ""use the One-Time Passcode (OTP) provided below"", ""organisation"": null}]",annotator_1+annotator_2+tiebreaker,llm_annotated
045f63f0a8bba6ec,kaggle_ceas08,spam,train,0,0,0,0,0,0,0,[],annotator_1+annotator_2,llm_annotated
d3e450b52fe04e85,nazario,phishing,train,1,0,0,0,0,0,0,"[{""type"": ""affiliation_external"", ""span"": ""PayPal"", ""organisation"": ""PayPal""}, {""type"": ""credential_request"", ""span"": ""confirm your identity here"", ""organisation"": ""PayPal""}]",annotator_1+annotator_2+tiebreaker,llm_annotated
03afad343df95b50,nazario,phishing,train,0,0,0,0,0,0,0,"[{""type"": ""affiliation_external"", ""span"": ""DocuSign"", ""organisation"": ""DocuSign""}, {""type"": ""credential_request"", ""span"": ""enter your email password"", ""organisation"": ""DocuSign""}]",annotator_1+annotator_2+tiebreaker,llm_annotated
ed7afd21c4f50c96,phishing_pot,phishing,train,0,0,0,0,0,0,0,"[{""type"": ""affiliation_external"", ""span"": ""EDEKA"", ""organisation"": ""EDEKA""}]",annotator_1+annotator_2+tiebreaker,llm_annotated
e5a1da9b45eb4283,kaggle_nigerian_fraud,fraud,validation,1,0,0,0,0,0,1,"[{""type"": ""affiliation_internal"", ""span"": ""I am HON. (DR.) FELIX WILLIAM, the Director of Procurement and Contract Award at the Nigerian National Petroleum Corporation (NNPC)"", ""organisation"": ""Nigerian National Petroleum Corporation""}, {""type"": ""authority"", ""span"": ""I am HON. (DR.) FELIX WILLIAM, the Director of Procurement and Contract Award"", ""organisation"": ""Nigerian National Petroleum Corporation""}, {""type"": ""signature_contact"", ""span"": ""ALTERNATIVE Email: [EMAIL]"", ""organisation"": null}]",annotator_1+annotator_2+tiebreaker,llm_annotated
02559553b7030136,nazario,phishing,test,0,1,1,0,0,0,0,"[{""type"": ""affiliation_external"", ""span"": ""Amazon account"", ""organisation"": ""Amazon""}, {""type"": ""credential_request"", ""span"": ""verify your Amazon account by following the link below"", ""organisation"": ""Amazon""}]",annotator_1+annotator_2,llm_annotated
1154602cd659c31f,kaggle_enron,ham,train,0,0,0,0,0,0,0,[],annotator_1+annotator_2+tiebreaker,llm_annotated
ae0c8056cb962db1,kaggle_enron,spam,train,0,0,0,0,0,0,0,[],annotator_1+annotator_2,llm_annotated
7d3e351fac4e29e9,nazario,phishing,validation,0,0,1,0,0,0,0,"[{""type"": ""affiliation_external"", ""span"": ""Commonwealth Bank"", ""organisation"": ""Commonwealth Bank""}, {""type"": ""credential_request"", ""span"": ""verify the information at your account file"", ""organisation"": ""Commonwealth Bank""}]",annotator_1+annotator_2+tiebreaker,llm_annotated
82c452eaf488cead,apache_tomcat_users,ham,train,0,0,0,0,0,0,0,"[{""type"": ""signature_contact"", ""span"": ""Melvin L Baez Jr Specialist, Technology Engineer Proud Nationwide Member IT I&O Ops Web Middleware W 614-677-7281 [EMAIL]"", ""organisation"": ""Nationwide""}]",annotator_1+annotator_2,llm_annotated
50d23b6b598b09b3,phishing_pot,phishing,train,0,0,0,0,0,0,0,[],annotator_1+annotator_2+tiebreaker,llm_annotated
420bca70fb7a2f53,kaggle_enron,ham,train,0,0,0,0,0,0,0,[],annotator_1+annotator_2+tiebreaker,llm_annotated
23acf3e452d353e9,kaggle_nigerian_fraud,fraud,train,0,0,0,0,0,0,1,"[{""type"": ""reply_direction"", ""span"": ""Kindly provide me with your private contact telephone number; I want to talk to you in person."", ""organisation"": null}]",annotator_1+annotator_2+tiebreaker,llm_annotated
335097b1fe7231c9,phishing_pot,phishing,train,0,0,0,0,0,0,0,[],annotator_1+annotator_2,llm_annotated
932abc16e474a924,kaggle_nigerian_fraud,fraud,train,1,0,0,0,0,0,0,"[{""type"": ""affiliation_internal"", ""span"": ""I am Didan Kimati, a staff of the Ministry of Finance and Economic planning here in Ghana."", ""organisation"": ""Ministry of Finance and Economic planning""}, {""type"": ""authority"", ""span"": ""I am a top personal aid to the Minister"", ""organisation"": ""Ministry of Finance and Economic planning""}]",annotator_1+annotator_2,llm_annotated
bed671f62d7ac8aa,nazario,phishing,train,0,0,1,0,0,0,0,"[{""type"": ""affiliation_external"", ""span"": ""PayPal"", ""organisation"": ""PayPal""}, {""type"": ""credential_request"", ""span"": ""log in ([URL]) to your PayPal account"", ""organisation"": ""PayPal""}]",annotator_1+annotator_2,llm_annotated
6175b01e1af92d2d,phishing_pot,phishing,train,0,0,0,0,0,0,0,[],annotator_1+annotator_2,llm_annotated
00ebf5e849c6286c,kaggle_nigerian_fraud,fraud,test,0,0,0,0,0,0,0,[],annotator_1+annotator_2+tiebreaker,llm_annotated
4bee53cfaad516b5,apache_tomcat_users,ham,train,0,0,0,0,0,0,0,[],annotator_1+annotator_2,llm_annotated
bd3f2fe446b9fd41,kaggle_enron,ham,test,0,0,0,0,0,0,0,[],annotator_1+annotator_2,llm_annotated
67bcdf497b7197d9,spamassassin,spam,test,0,0,0,0,0,0,0,"[{""type"": ""reply_direction"", ""span"": ""To reply please use this e-mail link below [EMAIL]?subject=group-info"", ""organisation"": null}, {""type"": ""signature_contact"", ""span"": ""Mc Cann Group Inc. Ireland."", ""organisation"": ""Mc Cann Group Inc.""}]",annotator_1+annotator_2+tiebreaker,llm_annotated
aa226f0760bdb210,kaggle_ling,ham,validation,0,0,0,0,0,0,0,[],annotator_1+annotator_2,llm_annotated
b5f538699b836aeb,kaggle_ceas08,ham,train,0,0,0,0,0,0,0,"[{""type"": ""signature_contact"", ""span"": ""Craig A. Berry [EMAIL]"", ""organisation"": null}]",annotator_1+annotator_2,llm_annotated
e34aef3a0ec4e897,nazario,phishing,train,0,1,1,0,0,0,0,"[{""type"": ""affiliation_external"", ""span"": ""eBay"", ""organisation"": ""eBay""}, {""type"": ""credential_request"", ""span"": ""update your account information"", ""organisation"": ""eBay""}]",annotator_1+annotator_2,llm_annotated
a2a8ce35e32f0fa8,kaggle_enron,ham,validation,0,0,0,0,0,0,0,[],annotator_1+annotator_2,llm_annotated
af559355b658b925,kaggle_ceas08,spam,test,0,0,0,0,0,0,0,[],annotator_1+annotator_2,llm_annotated
42b6e595edb6e69e,kaggle_nigerian_fraud,fraud,train,0,0,0,0,0,0,1,[],annotator_1+annotator_2+tiebreaker,llm_annotated
2a9196317fbc1545,nazario,phishing,test,0,0,0,0,0,0,0,"[{""type"": ""affiliation_external"", ""span"": ""PayPal"", ""organisation"": ""PayPal""}]",annotator_1+annotator_2+tiebreaker,llm_annotated
b4bf993e0e7fc207,phishing_pot,phishing,train,0,1,1,0,0,0,0,"[{""type"": ""credential_request"", ""span"": ""Klicken Sie unten auf Genehmigen, um den Bestätigungsprozess zu starten"", ""organisation"": null}]",annotator_1+annotator_2,llm_annotated
f7e9b0597e6cfe22,kaggle_nigerian_fraud,fraud,train,1,1,0,0,0,0,1,"[{""type"": ""authority"", ""span"": ""I am HON.EDWARD TAYLOR an accountant and bank manager"", ""organisation"": ""INTERNATIONAL COMMERCIAL BANK OF GHANA""}]",annotator_1+annotator_2+tiebreaker,llm_annotated
ae3cb9821e0c49e6,kaggle_ceas08,ham,validation,0,0,0,0,0,0,0,[],annotator_1+annotator_2+tiebreaker,llm_annotated
36506882fbd5321b,nazario,phishing,train,1,1,1,0,0,0,0,"[{""type"": ""affiliation_external"", ""span"": ""HSBC Bank plc"", ""organisation"": ""HSBC Bank plc""}, {""type"": ""signature_contact"", ""span"": ""Colette Nugent Head of Customer Communications"", ""organisation"": ""HSBC Bank plc""}, {""type"": ""credential_request"", ""span"": ""download the form attached to this email, fill the form and then submit as we try to verify your identity"", ""organisation"": ""HSBC Bank plc""}]",annotator_1+annotator_2,llm_annotated
40df1e90e22cf3c5,kaggle_nigerian_fraud,fraud,test,0,0,0,0,0,0,1,[],annotator_1+annotator_2+tiebreaker,llm_annotated
dd1ef7f8862a6044,kaggle_enron,spam,test,1,0,0,0,0,0,1,"[{""type"": ""affiliation_external"", ""span"": ""hillcrest lottery"", ""organisation"": ""hillcrest lottery""}, {""type"": ""reply_direction"", ""span"": ""contacting our accredited agent : dr van pete . e - mail : [EMAIL]"", ""organisation"": ""hillcrest lottery""}]",annotator_1+annotator_2+tiebreaker,llm_annotated
201327352063a2ed,kaggle_enron,ham,test,0,0,0,0,0,0,0,[],annotator_1+annotator_2,llm_annotated
8a18a87da001afee,kaggle_enron,ham,validation,0,1,0,0,0,0,0,[],annotator_1+annotator_2+tiebreaker,llm_annotated
41bdbae838674426,kaggle_ling,ham,test,0,0,0,0,0,0,0,[],annotator_1+annotator_2,llm_annotated
b477fa3cf6807ff4,kaggle_nigerian_fraud,fraud,validation,0,0,0,0,0,0,0,[],annotator_1+annotator_2,llm_annotated
e3ce2fbe7ba1c9e9,nazario,phishing,train,1,0,0,0,0,0,0,"[{""type"": ""affiliation_external"", ""span"": ""National City Corporate Customer Service"", ""organisation"": ""National City""}, {""type"": ""credential_request"", ""span"": ""complete the National City Business Online Client Form"", ""organisation"": ""National City""}]",annotator_1+annotator_2,llm_annotated
84c0682252ea0108,nazario,phishing,train,1,0,0,0,0,0,0,"[{""type"": ""affiliation_external"", ""span"": ""CitiBusiness"", ""organisation"": ""CitiBusiness""}, {""type"": ""credential_request"", ""span"": ""access CitiBusiness Online Form"", ""organisation"": ""CitiBusiness""}]",annotator_1+annotator_2,llm_annotated
ad69451e469c7e9d,phishing_pot,phishing,train,0,1,0,1,0,1,0,[],annotator_1+annotator_2+tiebreaker,llm_annotated
ecd06c9aa0147e63,kaggle_ceas08,ham,train,0,0,0,0,0,0,0,[],annotator_1+annotator_2+tiebreaker,llm_annotated
37d7b24c88f13569,kaggle_nigerian_fraud,fraud,train,1,1,0,0,0,0,1,"[{""type"": ""affiliation_internal"", ""span"": ""MEMBERS OF A SPECIAL COMMITTEE FOR BUDGET AND PLANNING OF THE NIGERIAN NATIONAL PETROLEUM CORPORATION (NNPC)"", ""organisation"": ""NNPC""}, {""type"": ""authority"", ""span"": ""WE ARE MEMBERS OF A SPECIAL COMMITTEE FOR BUDGET AND PLANNING"", ""organisation"": ""NNPC""}]",annotator_1+annotator_2+tiebreaker,llm_annotated
8cbcff64522d83f8,apache_tomcat_users,ham,test,0,0,0,0,0,0,0,[],annotator_1+annotator_2,llm_annotated
00e4990aa9996b3d,kaggle_nigerian_fraud,fraud,train,0,0,1,0,0,0,0,"[{""type"": ""affiliation_external"", ""span"": ""Hang Seng Bank Ltd."", ""organisation"": ""Hang Seng Bank Ltd.""}, {""type"": ""data_request"", ""span"": ""provide me with your Full Names and Address"", ""organisation"": null}]",annotator_1+annotator_2+tiebreaker,llm_annotated
c311e21d76ab09b5,kaggle_nigerian_fraud,fraud,test,1,0,0,0,0,0,1,"[{""type"": ""affiliation_internal"", ""span"": ""DEPARTMENT OF PETROLEUM RESOURCES"", ""organisation"": ""Department of Petroleum Resources""}, {""type"": ""authority"", ""span"": ""We are top government official"", ""organisation"": ""Federal Government of Nigeria""}]",annotator_1+annotator_2+tiebreaker,llm_annotated
d3a4a61cb0cdfa43,kaggle_ceas08,spam,train,0,0,0,0,0,0,0,"[{""type"": ""signature_contact"", ""span"": ""Cable News Network LP, LLLP. One CNN Center, Atlanta, Georgia 30303"", ""organisation"": ""CNN""}]",annotator_1+annotator_2,llm_annotated
341275be88b3985e,nazario,phishing,validation,0,1,1,0,0,0,0,"[{""type"": ""credential_request"", ""span"": ""VERIFY YOUR WALLET"", ""organisation"": null}]",annotator_1+annotator_2+tiebreaker,llm_annotated
166c5f08451a1aae,apache_tomcat_users,ham,validation,0,0,0,0,0,0,0,[],annotator_1+annotator_2+tiebreaker,llm_annotated
77772b1d7f1315f9,phishing_pot,phishing,train,0,1,0,0,0,0,0,"[{""type"": ""signature_contact"", ""span"": ""Sophie Martin Expertise Finance"", ""organisation"": ""Expertise Finance""}]",annotator_1+annotator_2,llm_annotated
d60c4692ac6e9828,kaggle_ling,ham,train,0,0,0,0,0,0,0,[],annotator_1+annotator_2,llm_annotated
6114fe813e902458,phishing_pot,phishing,train,0,0,0,0,0,0,0,"[{""type"": ""affiliation_external"", ""span"": ""OpenSea"", ""organisation"": ""OpenSea""}, {""type"": ""signature_contact"", ""span"": ""228 Park Ave South #22014, New York, NY 10003"", ""organisation"": ""OpenSea""}]",annotator_1+annotator_2+tiebreaker,llm_annotated
f3f9be2229136f24,kaggle_nigerian_fraud,fraud,validation,0,0,0,0,0,0,0,[],annotator_1+annotator_2+tiebreaker,llm_annotated
454ac8bb759215dd,phishing_pot,phishing,train,0,0,1,0,0,0,0,[],annotator_1+annotator_2,llm_annotated
98240b5d9b1c7cf7,phishing_pot,phishing,validation,0,1,0,0,0,0,0,"[{""type"": ""affiliation_external"", ""span"": ""Your HULU TV Membership"", ""organisation"": ""Hulu""}]",annotator_1+annotator_2+tiebreaker,llm_annotated
4ead07b7c39e6816,kaggle_nigerian_fraud,fraud,train,1,0,0,0,0,0,1,"[{""type"": ""affiliation_external"", ""span"": ""CREDIT BANK BENIN"", ""organisation"": ""Credit Bank Benin""}, {""type"": ""authority"", ""span"": ""MR PETER ADAMS, the director in charge of auditing and accounting section"", ""organisation"": ""Credit Bank Benin""}, {""type"": ""signature_contact"", ""span"": ""MR PETER ADAMS AUDITING AND ACCOUNTING UNIT FOREIGN REMITTANCE DEPT CREDIT BANK BENIN"", ""organisation"": ""Credit Bank Benin""}]",annotator_1+annotator_2+tiebreaker,llm_annotated
ca67cb92e8259cda,kaggle_ceas08,ham,train,0,1,0,0,0,0,0,"[{""type"": ""affiliation_internal"", ""span"": ""Intelligent Systems Laboratory in the Department of Electrical, Computer, and Systems Engineering at RPI"", ""organisation"": ""RPI""}, {""type"": ""reply_direction"", ""span"": ""please contact Dr. Qiang Ji at [EMAIL] for details."", ""organisation"": null}]",annotator_1+annotator_2+tiebreaker,llm_annotated
ed5220e75f0ae25b,phishing_pot,phishing,test,0,1,1,0,0,0,0,"[{""type"": ""payment_request"", ""span"": ""Renew Subscription"", ""organisation"": null}]",annotator_1+annotator_2,llm_annotated
4f46c5aa7dfc85c9,phishing_pot,phishing,validation,1,1,1,0,0,0,0,"[{""type"": ""affiliation_external"", ""span"": ""Microsoft-Account"", ""organisation"": ""Microsoft""}, {""type"": ""credential_request"", ""span"": ""Restore Account Here"", ""organisation"": null}]",annotator_1+annotator_2+tiebreaker,llm_annotated
c07cd6decb9358d8,nazario,phishing,train,0,0,0,0,0,0,0,[],annotator_1+annotator_2,llm_annotated
9fc3b1d178fe3ce9,nazario,phishing,train,1,1,1,0,0,0,0,"[{""type"": ""affiliation_internal"", ""span"": ""Help Desk"", ""organisation"": null}, {""type"": ""credential_request"", ""span"": ""Domain\\user name: * Password:"", ""organisation"": null}]",annotator_1+annotator_2,llm_annotated
c5687b0b6c984b99,kaggle_nigerian_fraud,fraud,train,1,0,0,0,0,0,1,"[{""type"": ""affiliation_internal"", ""span"": ""Foreign Payment Liaison Office, Second Avenue, Seattle Washington WA, 98104, U.S.A"", ""organisation"": ""Foreign Payment Liaison Office""}, {""type"": ""authority"", ""span"": ""I am Mr.Brooks Donald, the Internal Auditor Foreign payment office"", ""organisation"": ""Foreign Payment Liaison Office""}, {""type"": ""signature_contact"", ""span"": ""Mr.Brooks Donald, the Internal Auditor Foreign payment office Seattle branch"", ""organisation"": ""Foreign Payment Liaison Office""}]",annotator_1+annotator_2+tiebreaker,llm_annotated
6e4c968b8fa65077,phishing_pot,phishing,train,0,1,1,0,0,0,0,"[{""type"": ""affiliation_external"", ""span"": ""MetaMask"", ""organisation"": ""MetaMask""}, {""type"": ""credential_request"", ""span"": ""Verify your wallet"", ""organisation"": null}]",annotator_1+annotator_2+tiebreaker,llm_annotated
3da8e076fc1fcfdf,kaggle_nigerian_fraud,fraud,test,1,0,1,0,0,0,1,"[{""type"": ""affiliation_external"", ""span"": ""CITI TRUST BANK PLC"", ""organisation"": ""Citi Trust Bank""}, {""type"": ""authority"", ""span"": ""I AM THE DIRECTOR IN CHARGE OF FOREIGN OPERATIONS AND FOREIGN REMITTANCE DEPARTMENT"", ""organisation"": ""Citi Trust Bank""}, {""type"": ""signature_contact"", ""span"": ""DR.WAHID MALLAM CITI TRUST BANK PLC"", ""organisation"": ""Citi Trust Bank""}]",annotator_1+annotator_2+tiebreaker,llm_annotated
8e9b3607245d8356,kaggle_enron,spam,validation,0,1,0,0,0,0,0,[],annotator_1+annotator_2+tiebreaker,llm_annotated
d6b8b253eb961c20,kaggle_enron,ham,validation,0,0,0,0,0,0,0,"[{""type"": ""signature_contact"", ""span"": ""kate symes real time trading support 503-464-3939"", ""organisation"": null}]",annotator_1+annotator_2+tiebreaker,llm_annotated
5ef8c3f9add8bee0,kaggle_nigerian_fraud,fraud,train,0,0,0,0,0,0,1,"[{""type"": ""authority"", ""span"": ""I am Yuri Konovalov, the General Director of Novokuibyshersk Oil"", ""organisation"": ""Novokuibyshersk Oil""}]",annotator_1+annotator_2+tiebreaker,llm_annotated
035a069ea44ebd55,phishing_pot,phishing,test,0,0,0,0,0,0,0,"[{""type"": ""affiliation_external"", ""span"": ""Deutsche Bahn"", ""organisation"": ""Deutsche Bahn""}, {""type"": ""data_request"", ""span"": ""Bitte bestätigen Sie kurz Ihre Daten"", ""organisation"": null}]",annotator_1+annotator_2+tiebreaker,llm_annotated
925ab079d580225d,kaggle_ling,ham,train,0,0,0,0,0,0,0,"[{""type"": ""reply_direction"", ""span"": ""please respond directly to me"", ""organisation"": null}, {""type"": ""signature_contact"", ""span"": ""zeljko boskovic [EMAIL] department of linguistics , u-145 university of connecticut"", ""organisation"": ""University of Connecticut""}]",annotator_1+annotator_2,llm_annotated
a18426e11540d6e1,kaggle_nigerian_fraud,fraud,test,1,1,0,0,0,0,0,"[{""type"": ""authority"", ""span"": ""as credit officer of my Bank"", ""organisation"": null}, {""type"": ""reply_direction"", ""span"": ""get in touch with me on my mobile number +447040107137"", ""organisation"": null}, {""type"": ""signature_contact"", ""span"": ""Address: No 135 Bishopsgate, London,E2CM Email: [EMAIL] Phone: +447040107137"", ""organisation"": null}, {""type"": ""data_request"", ""span"": ""responding as soon as possible with the following: 1-Your full Name,phone Number and Contact Address 2-Occupation / Position 3- Account Details"", ""organisation"": null}]",annotator_1+annotator_2+tiebreaker,llm_annotated
f551d1e66c6b84dc,kaggle_nigerian_fraud,fraud,train,0,0,0,0,0,0,1,[],annotator_1+annotator_2+tiebreaker,llm_annotated
5401168faaddab59,spamassassin,ham,train,0,0,0,0,0,0,0,"[{""type"": ""signature_contact"", ""span"": ""Irish Linux Users' Group: [EMAIL] [URL]"", ""organisation"": ""Irish Linux Users' Group""}]",annotator_1+annotator_2+tiebreaker,llm_annotated
15b9fd41def94359,phishing_pot,phishing,test,0,0,0,0,0,0,0,[],annotator_1+annotator_2+tiebreaker,llm_annotated
5718deaaae93eceb,nazario,phishing,train,1,1,1,0,0,0,0,"[{""type"": ""affiliation_external"", ""span"": ""Barclays Bank PLC"", ""organisation"": ""Barclays Bank PLC""}, {""type"": ""authority"", ""span"": ""J. S. Smith Security Advisor"", ""organisation"": ""Barclays Bank PLC""}, {""type"": ""credential_request"", ""span"": ""update your account info at the following link"", ""organisation"": ""Barclays Bank PLC""}]",annotator_1+annotator_2+tiebreaker,llm_annotated
8b9a1f6637c91ee2,phishing_pot,phishing,train,0,1,1,0,0,0,1,"[{""type"": ""affiliation_external"", ""span"": ""THE MEGA MILLIONS LOTTERY S.A"", ""organisation"": ""THE MEGA MILLIONS LOTTERY S.A""}, {""type"": ""reply_direction"", ""span"": ""Contact Person: Mr. Miguel Sanchez Lopez Email:[EMAIL]"", ""organisation"": null}, {""type"": ""data_request"", ""span"": ""send them your full name and your nationality with your address and a copy of your international passport or any form of ID"", ""organisation"": null}]",annotator_1+annotator_2+tiebreaker,llm_annotated
ad0504c997aed5d3,kaggle_ceas08,spam,train,0,0,0,0,0,0,0,[],annotator_1+annotator_2,llm_annotated
d9f6a82d5a27b142,kaggle_nigerian_fraud,fraud,train,1,1,1,0,0,0,0,"[{""type"": ""affiliation_external"", ""span"": ""CENTRAL BANK OF NIGERIA"", ""organisation"": ""CENTRAL BANK OF NIGERIA""}, {""type"": ""authority"", ""span"": ""PROFESSOR CHARLES C. SOLUDO GOVERNOR, CENTRAL BANK OF NIGERIA"", ""organisation"": ""CENTRAL BANK OF NIGERIA""}, {""type"": ""reply_direction"", ""span"": ""YOU CAN REACH ME THROUGH MY PRIVATE EMAIL: [EMAIL]"", ""organisation"": null}, {""type"": ""data_request"", ""span"": ""forward the below infromation immediately"", ""organisation"": null}]",annotator_1+annotator_2,llm_annotated
6b9ad5ea532952de,nazario,phishing,train,0,0,0,0,0,0,0,"[{""type"": ""affiliation_external"", ""span"": ""PayPal"", ""organisation"": ""PayPal""}, {""type"": ""credential_request"", ""span"": ""login to your PayPal account"", ""organisation"": ""PayPal""}]",annotator_1+annotator_2+tiebreaker,llm_annotated
48b522043953c2c2,kaggle_nigerian_fraud,fraud,train,1,1,1,0,0,0,0,"[{""type"": ""affiliation_external"", ""span"": ""UNION BANK PLC"", ""organisation"": ""UNION BANK PLC""}, {""type"": ""authority"", ""span"": ""manager, credit and foreign bills of Union Bank Nigeria Plc"", ""organisation"": ""UNION BANK PLC""}, {""type"": ""reply_direction"", ""span"": ""send me your private Tel/Fax Numbers for quick communication through my private email box"", ""organisation"": null}, {""type"": ""data_request"", ""span"": ""manipulating your information into the file as the next of kin"", ""organisation"": null}]",annotator_1+annotator_2+tiebreaker,llm_annotated
db6403e7d8a222d4,nazario,phishing,train,0,1,0,0,0,0,0,"[{""type"": ""credential_request"", ""span"": ""sign-in to verify your mailbox"", ""organisation"": null}]",annotator_1+annotator_2+tiebreaker,llm_annotated
b81041ae19ce9a52,nazario,phishing,validation,0,0,0,0,0,0,0,[],annotator_1+annotator_2,llm_annotated
eb7307f582e45ef0,phishing_pot,phishing,train,0,0,0,0,0,0,0,[],annotator_1+annotator_2,llm_annotated
00400c029a6ce3cd,nazario,phishing,validation,1,1,1,0,0,0,0,"[{""type"": ""credential_request"", ""span"": ""send us your Email account details"", ""organisation"": null}, {""type"": ""data_request"", ""span"": ""Your Full Names: Email address: User Name: Password: Confirm Your Password: Alternative Email"", ""organisation"": null}]",annotator_1+annotator_2+tiebreaker,llm_annotated
56d661310f1fec0d,nazario,phishing,test,1,1,1,0,0,0,0,"[{""type"": ""credential_request"", ""span"": ""verify ownership of account on [DOMAIN] portal"", ""organisation"": null}]",annotator_1+annotator_2+tiebreaker,llm_annotated
d1f9c773f1d31bf6,kaggle_nigerian_fraud,fraud,train,0,1,1,0,0,0,0,"[{""type"": ""authority"", ""span"": ""personal accounting officer to Mr Williams Hales"", ""organisation"": ""shell development company""}, {""type"": ""signature_contact"", ""span"": ""Mr Steve Ibeto"", ""organisation"": null}]",annotator_1+annotator_2+tiebreaker,llm_annotated
85a42380dd122ff3,phishing_pot,phishing,test,0,0,0,0,0,0,0,"[{""type"": ""affiliation_external"", ""span"": ""The Microsoft account team"", ""organisation"": ""Microsoft""}]",annotator_1+annotator_2+tiebreaker,llm_annotated
cc40f418b078bbdd,kaggle_nigerian_fraud,fraud,train,1,1,1,0,0,0,1,"[{""type"": ""authority"", ""span"": ""chief Financial officer of one of the commercial bank"", ""organisation"": null}, {""type"": ""reply_direction"", ""span"": ""get back to me together with your personal details through my private email"", ""organisation"": null}, {""type"": ""signature_contact"", ""span"": ""Mr.Kenneth Mashaba Email:[EMAIL] Tel:+27-73-516-4490 Fax:+27-11-219-7184"", ""organisation"": null}, {""type"": ""data_request"", ""span"": ""send me your personal information"", ""organisation"": null}]",annotator_1+annotator_2+tiebreaker,llm_annotated
74cb1836b707b8de,nazario,phishing,validation,1,1,1,0,0,0,0,"[{""type"": ""affiliation_external"", ""span"": ""National Credit Union Administration"", ""organisation"": ""NCUA""}, {""type"": ""credential_request"", ""span"": ""Please log in to your FCU account"", ""organisation"": ""FCU""}]",annotator_1+annotator_2+tiebreaker,llm_annotated
3f96705f910cdeb1,kaggle_nigerian_fraud,fraud,train,1,0,0,0,0,0,0,"[{""type"": ""affiliation_external"", ""span"": ""AFRICAN DEVELOPMENT BANK"", ""organisation"": ""African Development Bank""}, {""type"": ""authority"", ""span"": ""SENIOR STAFF"", ""organisation"": ""AFRICAN DEVELOPMENT BANK""}]",annotator_1+annotator_2+tiebreaker,llm_annotated
65399ce333ef1d70,kaggle_enron,spam,validation,0,1,1,0,0,0,0,"[{""type"": ""signature_contact"", ""span"": ""ronnie mosley miller lionex diagnostics & therapeutics gmbh , braunschweig , germany phone : 411 - 667 - 8479 mobile : 734 - 514 - 7168 email : [EMAIL]"", ""organisation"": ""lionex diagnostics & therapeutics gmbh""}]",annotator_1+annotator_2+tiebreaker,llm_annotated
e5428f5453389e12,kaggle_nigerian_fraud,fraud,train,0,1,0,0,0,0,0,"[{""type"": ""signature_contact"", ""span"": ""James Jonbo E-mail :[EMAIL] Abidjan, Cote d'ivoire Tel: +225 08541845"", ""organisation"": null}]",annotator_1+annotator_2+tiebreaker,llm_annotated
8241e070d5483739,kaggle_nigerian_fraud,fraud,train,1,1,1,0,0,0,1,"[{""type"": ""authority"", ""span"": ""extenal auditor of a well known Bank"", ""organisation"": null}, {""type"": ""signature_contact"", ""span"": ""Mr Jeff Yukon. Address: #8 Mitchley Road Tottenham London N17 9HG"", ""organisation"": null}]",annotator_1+annotator_2+tiebreaker,llm_annotated
d4469ce48932a13c,spamassassin,spam,train,0,0,0,0,0,1,0,[],annotator_1+annotator_2+tiebreaker,llm_annotated
bdc69edbf653f61b,kaggle_nigerian_fraud,fraud,train,1,0,0,0,0,0,1,"[{""type"": ""authority"", ""span"": ""auditor of my bank"", ""organisation"": null}, {""type"": ""reply_direction"", ""span"": ""reply through my private email at: [EMAIL]"", ""organisation"": null}]",annotator_1+annotator_2+tiebreaker,llm_annotated
7dfccc6e26873497,nazario,phishing,validation,1,0,0,0,0,0,0,"[{""type"": ""affiliation_external"", ""span"": ""Absa Bank Ltd"", ""organisation"": ""Absa Bank""}, {""type"": ""signature_contact"", ""span"": ""contact: [EMAIL] or the call centre on 0860 111 123"", ""organisation"": ""Absa Bank""}]",annotator_1+annotator_2+tiebreaker,llm_annotated
25008081dbff0b5f,kaggle_ceas08,ham,test,0,0,0,0,0,0,0,[],annotator_1+annotator_2,llm_annotated
2ed82e42eeae4964,nazario,phishing,train,1,0,0,0,0,0,0,"[{""type"": ""affiliation_external"", ""span"": ""Online Banking Accounts Department - Bank Of America"", ""organisation"": ""Bank of America""}, {""type"": ""credential_request"", ""span"": ""fill in necessary information in order to complete your update process"", ""organisation"": null}]",annotator_1+annotator_2+tiebreaker,llm_annotated
a521f227b9f265bb,nazario,phishing,train,0,0,0,0,0,0,0,[],annotator_1+annotator_2,llm_annotated
dabdfc5110f979b4,kaggle_nigerian_fraud,fraud,validation,1,0,1,0,0,0,0,"[{""type"": ""authority"", ""span"": ""Managing Director Krung Thai Bank Plc"", ""organisation"": ""Krung Thai Bank Plc""}]",annotator_1+annotator_2+tiebreaker,llm_annotated
bff2ba1cf526d8c0,kaggle_ceas08,spam,validation,0,0,0,0,0,0,0,[],annotator_1+annotator_2+tiebreaker,llm_annotated
311a61bfceb55f48,spamassassin,spam,test,0,1,1,0,0,0,0,"[{""type"": ""affiliation_external"", ""span"": ""MyDiscountSoftware, Inc."", ""organisation"": ""MyDiscountSoftware, Inc.""}]",annotator_1+annotator_2+tiebreaker,llm_annotated
03d9defe8c07f11e,phishing_pot,phishing,train,0,0,0,0,0,0,0,[],annotator_1+annotator_2,llm_annotated
f0d0d7b76c6ddef1,kaggle_nigerian_fraud,fraud,test,0,1,0,0,0,0,0,[],annotator_1+annotator_2+tiebreaker,llm_annotated
859e554433e16020,spamassassin,ham,test,0,0,0,0,0,0,0,"[{""type"": ""affiliation_external"", ""span"": ""Microsoft and NetIQ"", ""organisation"": ""Microsoft, NetIQ""}]",annotator_1+annotator_2+tiebreaker,llm_annotated
33894f2f19d945f2,nazario,phishing,test,0,1,0,0,0,0,0,"[{""type"": ""affiliation_external"", ""span"": ""The Internet banking Team Copyright Standard Bank"", ""organisation"": ""Standard Bank""}, {""type"": ""signature_contact"", ""span"": ""call our Customer Contact Centre on 0860 123 000"", ""organisation"": ""Standard Bank""}, {""type"": ""credential_request"", ""span"": ""login your Internet Banking to Stop the R 460.99 deduction"", ""organisation"": ""Standard Bank""}]",annotator_1+annotator_2+tiebreaker,llm_annotated
c07e41e01f0b5c58,phishing_pot,phishing,test,0,0,0,0,0,0,0,"[{""type"": ""affiliation_external"", ""span"": ""TS Exim Sdn Bhd"", ""organisation"": ""TS Exim Sdn Bhd""}]",annotator_1+annotator_2+tiebreaker,llm_annotated
8dcc8e2805e5b42c,kaggle_ceas08,spam,validation,0,0,0,0,0,0,0,[],annotator_1+annotator_2,llm_annotated
1d57c0e19c178ee7,kaggle_nigerian_fraud,fraud,train,1,0,0,0,0,0,1,"[{""type"": ""authority"", ""span"": ""I work as the operational manager in account management section"", ""organisation"": null}]",annotator_1+annotator_2+tiebreaker,llm_annotated
46ce996c96e221c0,apache_tomcat_users,ham,train,0,0,0,0,0,0,0,"[{""type"": ""prior_relationship"", ""span"": ""Thank you for your detailed response and the helpful information regarding Tomcat on RHEL 10."", ""organisation"": null}]",annotator_1+annotator_2+tiebreaker,llm_annotated
2212a6ffe81e200c,kaggle_enron,spam,train,0,0,0,0,0,0,0,[],annotator_1+annotator_2,llm_annotated
45bc84905f559f3d,kaggle_ling,spam,validation,0,0,0,0,0,0,0,[],annotator_1+annotator_2+tiebreaker,llm_annotated
27252a7c1a8e4188,spamassassin,spam,train,0,0,0,1,0,0,0,"[{""type"": ""affiliation_external"", ""span"": ""Consumer Today"", ""organisation"": ""Consumer Today""}, {""type"": ""payment_request"", ""span"": ""Select two 1/2-lb. packages of smooth, aromatic Gevalia Kaffe for only $14.95"", ""organisation"": ""Gevalia Kaffe""}]",annotator_1+annotator_2+tiebreaker,llm_annotated
82697c4cde6e1833,kaggle_enron,spam,test,0,1,0,0,0,0,0,[],annotator_1+annotator_2+tiebreaker,llm_annotated
a95b72aa05dd49a4,kaggle_ceas08,ham,validation,0,0,0,0,0,0,0,[],annotator_1+annotator_2+tiebreaker,llm_annotated
d195c8875ccf7b58,phishing_pot,phishing,train,0,0,0,0,0,0,0,"[{""type"": ""affiliation_external"", ""span"": ""The Facebook Team"", ""organisation"": ""Facebook""}, {""type"": ""reply_direction"", ""span"": ""Report the user ([EMAIL]?subject=Send+Statement phishing@[EMAIL])"", ""organisation"": ""Facebook""}]",annotator_1+annotator_2+tiebreaker,llm_annotated
0cf8886dc83023c8,kaggle_enron,ham,validation,0,0,0,0,0,0,0,"[{""type"": ""affiliation_internal"", ""span"": ""enron"", ""organisation"": ""Enron""}, {""type"": ""signature_contact"", ""span"": ""kathy mcmahon enron 713 - 853 - 6232"", ""organisation"": ""Enron""}]",annotator_1+annotator_2+tiebreaker,llm_annotated
4384e99215f2832c,kaggle_nigerian_fraud,fraud,validation,0,0,0,0,0,0,0,"[{""type"": ""signature_contact"", ""span"": ""Williams KABILA"", ""organisation"": null}]",annotator_1+annotator_2,llm_annotated
8dbddd2b5d66093b,apache_kafka_users,ham,validation,0,0,0,0,0,0,0,"[{""type"": ""signature_contact"", ""span"": ""Sailesh Sankaran CISSP Digital Plant – Next Generation Services"", ""organisation"": null}]",annotator_1+annotator_2+tiebreaker,llm_annotated
34466124b60b5d63,kaggle_ceas08,ham,train,0,0,0,0,0,0,0,"[{""type"": ""prior_relationship"", ""span"": ""On 7/24/07, Richie Hindle wrote"", ""organisation"": null}]",annotator_1+annotator_2+tiebreaker,llm_annotated
2634cce215806248,kaggle_ling,spam,test,0,0,0,0,0,0,0,[],annotator_1+annotator_2+tiebreaker,llm_annotated
cebcce9d2f96725a,apache_kafka_users,ham,test,0,0,0,0,0,0,0,[],annotator_1+annotator_2+tiebreaker,llm_annotated
16d82a17497776ec,kaggle_nigerian_fraud,fraud,test,1,1,1,0,0,0,0,"[{""type"": ""affiliation_external"", ""span"": ""Bank Of Korea"", ""organisation"": ""Bank Of Korea""}, {""type"": ""authority"", ""span"": ""I am Jun Cheng a manager of bills/exchange"", ""organisation"": ""Hanivitbank""}]",annotator_1+annotator_2+tiebreaker,llm_annotated
b5ec17e4553ccdef,kaggle_ceas08,spam,test,0,0,0,0,0,1,0,"[{""type"": ""reply_direction"", ""span"": ""email me at [EMAIL]"", ""organisation"": null}]",annotator_1+annotator_2,llm_annotated
2ab538c38e4d48ab,phishing_pot,phishing,train,0,1,0,0,0,0,0,[],annotator_1+annotator_2+tiebreaker,llm_annotated
2d48b19566008229,kaggle_ceas08,spam,train,0,0,0,0,0,0,0,[],annotator_1+annotator_2,llm_annotated
0ae0e2e08b55a132,kaggle_enron,ham,train,0,0,0,0,0,0,0,[],annotator_1+annotator_2,llm_annotated
f149cbd3d1267d30,phishing_pot,phishing,train,0,1,1,0,0,0,0,[],annotator_1+annotator_2+tiebreaker,llm_annotated
9720ee38d86cf890,nazario,phishing,train,0,1,1,0,0,0,0,"[{""type"": ""affiliation_external"", ""span"": ""Abbey Online banking"", ""organisation"": ""Abbey National plc""}]",annotator_1+annotator_2+tiebreaker,llm_annotated
0131429d7a1a3cfc,nazario,phishing,test,0,0,0,0,0,0,0,[],annotator_1+annotator_2,llm_annotated
a072cd28a95f83ad,kaggle_nigerian_fraud,fraud,train,0,1,1,0,0,0,0,"[{""type"": ""reply_direction"", ""span"": ""envoyer moi vite une ré ponse"", ""organisation"": null}, {""type"": ""signature_contact"", ""span"": ""[EMAIL] mr Daniel atto"", ""organisation"": null}]",annotator_1+annotator_2+tiebreaker,llm_annotated
28cb58dcadf4a8fd,kaggle_enron,ham,validation,0,1,0,0,0,0,0,[],annotator_1+annotator_2+tiebreaker,llm_annotated
c95f66871797514e,kaggle_nigerian_fraud,fraud,test,0,1,0,0,0,0,1,"[{""type"": ""reply_direction"", ""span"": ""REPLY UNGENT TO INDICATE YOUR INTEREST IN THIS TRANSACTION THROUGH MY PRIVATE EMAIL ADDRESS AT [EMAIL]"", ""organisation"": null}, {""type"": ""signature_contact"", ""span"": ""MR.CHINAEKE BIKO"", ""organisation"": null}]",annotator_1+annotator_2+tiebreaker,llm_annotated
b2413a198623aac9,kaggle_enron,ham,train,0,0,0,0,0,0,0,[],annotator_1+annotator_2+tiebreaker,llm_annotated
6747445030e7ab2e,kaggle_enron,ham,train,0,0,0,0,0,0,0,[],annotator_1+annotator_2,llm_annotated
0e4d48e8e5a2f603,kaggle_ceas08,spam,train,0,0,0,0,0,0,0,[],annotator_1+annotator_2,llm_annotated
3a2a091eabdce4b6,kaggle_nigerian_fraud,fraud,train,1,0,1,0,0,0,1,"[{""type"": ""authority"", ""span"": ""I am CHIEF(DR.)BODE GEORGE., Chairman to the Contract Review Panel"", ""organisation"": ""Federal Republic of Nigeria""}]",annotator_1+annotator_2+tiebreaker,llm_annotated
81daf1abfa082b00,kaggle_enron,spam,train,1,1,1,0,0,0,0,"[{""type"": ""affiliation_external"", ""span"": ""ebay"", ""organisation"": ""eBay""}]",annotator_1+annotator_2+tiebreaker,llm_annotated
bb9941ad985c9fca,kaggle_ceas08,spam,test,0,0,0,0,0,0,0,[],annotator_1+annotator_2,llm_annotated
ac7a89bee6cd7e6f,nazario,phishing,train,1,1,1,0,0,0,0,[],annotator_1+annotator_2+tiebreaker,llm_annotated
803cae0bdc62be35,apache_kafka_users,ham,train,0,0,0,0,0,0,0,[],annotator_1+annotator_2,llm_annotated
265074c2fd7d022f,kaggle_enron,ham,train,0,0,0,0,0,1,0,"[{""type"": ""prior_relationship"", ""span"": ""the date of our trip to berkeley has been set"", ""organisation"": null}]",annotator_1+annotator_2+tiebreaker,llm_annotated
367468534a5da47b,nazario,phishing,test,1,1,1,0,0,0,0,"[{""type"": ""affiliation_external"", ""span"": ""USAA"", ""organisation"": ""USAA""}, {""type"": ""signature_contact"", ""span"": ""USAA, 9800 Fredericksburg Road, San Antonio, Texas 782 88"", ""organisation"": ""USAA""}]",annotator_1+annotator_2+tiebreaker,llm_annotated
02a666a3fd1d5278,nazario,phishing,test,1,1,0,0,0,0,0,"[{""type"": ""affiliation_external"", ""span"": ""United Nation"", ""organisation"": ""United Nations""}, {""type"": ""reply_direction"", ""span"": ""Call Mr.James Martins : Tel: +229 68 61 09 79 now"", ""organisation"": ""Money Gram""}, {""type"": ""signature_contact"", ""span"": ""Mr Peter"", ""organisation"": null}]",annotator_1+annotator_2+tiebreaker,llm_annotated
ff36815c57ed6b96,phishing_pot,phishing,train,0,1,1,0,0,0,0,"[{""type"": ""affiliation_external"", ""span"": ""Hilton Hotel"", ""organisation"": ""Hilton""}, {""type"": ""gift_card"", ""span"": ""Your Reward: Hilton Gift Card"", ""organisation"": ""Hilton""}]",annotator_1+annotator_2+tiebreaker,llm_annotated
0dd71f95d07f4260,kaggle_ling,ham,test,0,0,0,0,0,0,0,"[{""type"": ""affiliation_internal"", ""span"": ""office of human resources , saint michael 's college"", ""organisation"": ""Saint Michael's College""}]",annotator_1+annotator_2+tiebreaker,llm_annotated
284552fff5a447c5,spamassassin,spam,validation,0,1,0,0,0,0,0,[],annotator_1+annotator_2+tiebreaker,llm_annotated
5f0eb3998f81c136,kaggle_enron,spam,train,0,0,0,0,0,0,0,[],annotator_1+annotator_2,llm_annotated
61a53f40d8062c8d,nazario,phishing,train,0,1,1,0,0,0,0,"[{""type"": ""affiliation_external"", ""span"": ""PayPal"", ""organisation"": ""PayPal""}, {""type"": ""signature_contact"", ""span"": ""PayPal Account Review Department"", ""organisation"": ""PayPal""}]",annotator_1+annotator_2+tiebreaker,llm_annotated
71123446c25ecf46,phishing_pot,phishing,test,0,0,0,0,0,1,0,[],annotator_1+annotator_2+tiebreaker,llm_annotated
a1760ae78cf90e92,phishing_pot,phishing,test,0,0,0,0,0,0,0,"[{""type"": ""affiliation_external"", ""span"": ""SkyCrown"", ""organisation"": ""SkyCrown""}]",annotator_1+annotator_2+tiebreaker,llm_annotated
1b5550cce700b7a1,kaggle_enron,spam,train,0,1,1,0,0,0,0,[],annotator_1+annotator_2+tiebreaker,llm_annotated
d6cd29cbb193d41f,kaggle_nigerian_fraud,fraud,train,1,1,1,0,0,0,1,"[{""type"": ""affiliation_external"", ""span"": ""UNION BANK OF NIGERIA PLC"", ""organisation"": ""Union Bank of Nigeria PLC""}, {""type"": ""authority"", ""span"": ""DR. ANAYO AWKA , a Manager at the Union Bank Nigeria PLC"", ""organisation"": ""Union Bank of Nigeria PLC""}, {""type"": ""signature_contact"", ""span"": ""DR. ANAYO AWKA BANK MANAGER (UNION BANK OF NIGERIA PLC)"", ""organisation"": ""Union Bank of Nigeria PLC""}]",annotator_1+annotator_2+tiebreaker,llm_annotated
be052417d7a04641,nazario,phishing,test,0,1,0,0,0,0,0,"[{""type"": ""affiliation_external"", ""span"": ""Comerica Bank"", ""organisation"": ""Comerica Bank""}]",annotator_1+annotator_2+tiebreaker,llm_annotated
e10f7699b326c904,kaggle_nigerian_fraud,fraud,validation,0,1,0,0,0,0,0,"[{""type"": ""data_request"", ""span"": ""furnishing me with the following; 1. Beneficiary full name and address 2. Direct Telephone and fax numbers 3. Occupation and position 4. Nationality and Date of birth 5. Marital status 6. Gender/sex"", ""organisation"": null}]",annotator_1+annotator_2+tiebreaker,llm_annotated
994b3c6b5fb5d8db,kaggle_enron,spam,train,0,1,0,0,0,0,1,"[{""type"": ""affiliation_external"", ""span"": ""international lotto netherlands"", ""organisation"": ""International Lotto Netherlands""}, {""type"": ""reply_direction"", ""span"": ""contact our category c financial handlers"", ""organisation"": null}, {""type"": ""signature_contact"", ""span"": ""mr . mark lansford . financial director universal securities and finance bv"", ""organisation"": ""Universal Securities and Finance BV""}]",annotator_1+annotator_2+tiebreaker,llm_annotated
0bddef9fba1c1d42,apache_tomcat_users,ham,train,0,0,0,0,0,0,0,[],annotator_1+annotator_2,llm_annotated
8a2ee12f173624df,kaggle_ceas08,ham,train,0,0,0,0,0,0,0,[],annotator_1+annotator_2+tiebreaker,llm_annotated
c1cd79b6564c1e44,nazario,phishing,train,0,0,0,0,0,0,0,"[{""type"": ""affiliation_external"", ""span"": ""eBay"", ""organisation"": ""eBay""}]",annotator_1+annotator_2+tiebreaker,llm_annotated
2006a7edeaf192f1,phishing_pot,phishing,validation,1,0,0,0,0,0,0,"[{""type"": ""authority"", ""span"": ""The Honourable Robert P. Storch Inspector General, Anti-Fraud International"", ""organisation"": ""Anti-Fraud International""}, {""type"": ""reply_direction"", ""span"": ""contact the U.S. Post Office of the Postal Service of Uganda branch, Mr. George Smith"", ""organisation"": ""U.S. Post Office of the Postal Service of Uganda""}, {""type"": ""signature_contact"", ""span"": ""The Honourable Robert P. Storch Inspector General, Anti-Fraud International"", ""organisation"": ""Anti-Fraud International""}, {""type"": ""data_request"", ""span"": ""provide your full details, postal address, name, and telephone number"", ""organisation"": null}]",annotator_1+annotator_2+tiebreaker,llm_annotated
4ab52f99c455167b,kaggle_enron,ham,train,1,0,0,0,0,0,0,[],annotator_1+annotator_2+tiebreaker,llm_annotated
25a43a90a30e5a8f,nazario,phishing,train,0,1,1,0,0,0,0,[],annotator_1+annotator_2+tiebreaker,llm_annotated
3639cc92be7b4be0,kaggle_nigerian_fraud,fraud,validation,0,0,0,0,0,0,1,[],annotator_1+annotator_2+tiebreaker,llm_annotated
e40d979db1922962,apache_kafka_users,ham,train,0,0,0,0,0,0,0,[],annotator_1+annotator_2,llm_annotated
ced6dfc2996091c3,nazario,phishing,train,0,0,0,0,0,0,0,"[{""type"": ""affiliation_external"", ""span"": ""PayPal"", ""organisation"": ""PayPal""}, {""type"": ""credential_request"", ""span"": ""verify this email address and other information"", ""organisation"": ""PayPal""}]",annotator_1+annotator_2+tiebreaker,llm_annotated
72d700de4e6f0da9,nazario,phishing,validation,0,1,1,0,0,0,0,"[{""type"": ""affiliation_external"", ""span"": ""USAA Federal Savings Bank"", ""organisation"": ""USAA Federal Savings Bank""}, {""type"": ""credential_request"", ""span"": ""Please confirm your account with the link below"", ""organisation"": ""USAA""}]",annotator_1+annotator_2+tiebreaker,llm_annotated
d5abc560e64a235c,phishing_pot,phishing,train,0,0,0,0,0,0,0,[],annotator_1+annotator_2+tiebreaker,llm_annotated
f8d178b7e183d955,kaggle_nigerian_fraud,fraud,validation,1,1,0,1,0,0,1,"[{""type"": ""affiliation_internal"", ""span"": ""Federal Ministry of works and housing"", ""organisation"": ""Federal Ministry of works and housing""}, {""type"": ""authority"", ""span"": ""director of works FMW&H Nigeria and chairman of contract award and review committee"", ""organisation"": ""Federal Ministry of works and housing""}]",annotator_1+annotator_2+tiebreaker,llm_annotated
af4cb93e089c24de,nazario,phishing,train,0,0,0,0,0,0,0,"[{""type"": ""signature_contact"", ""span"": ""Edward A. Wrick Security Advisor [DOMAIN]"", ""organisation"": ""PayPal""}, {""type"": ""credential_request"", ""span"": ""update your account info"", ""organisation"": ""PayPal""}]",annotator_1+annotator_2+tiebreaker,llm_annotated
e0c94294468601c5,kaggle_ceas08,spam,train,0,0,0,0,0,0,0,[],annotator_1+annotator_2,llm_annotated
847d670f4fb6fd0e,kaggle_nigerian_fraud,fraud,test,0,1,1,0,0,0,0,"[{""type"": ""reply_direction"", ""span"": ""please reply to my private email address: [EMAIL]"", ""organisation"": null}, {""type"": ""signature_contact"", ""span"": ""Barrister Anthony Njaba Lagos Nigeria"", ""organisation"": null}]",annotator_1+annotator_2+tiebreaker,llm_annotated
00f4bccb5e5101b2,phishing_pot,phishing,test,1,0,0,0,0,0,0,"[{""type"": ""affiliation_external"", ""span"": ""Internet Crime Complain Center (IC3)"", ""organisation"": ""Internet Crime Complain Center (IC3)""}, {""type"": ""authority"", ""span"": ""Aaron Ramsey Director Internet Crime Complain Center (IC3)"", ""organisation"": ""Internet Crime Complain Center (IC3)""}, {""type"": ""reply_direction"", ""span"": ""contact the law firm at the below email address"", ""organisation"": null}, {""type"": ""signature_contact"", ""span"": ""Aaron Ramsey Director Internet Crime Complain Center (IC3) New York, NY 10216 USA."", ""organisation"": ""Internet Crime Complain Center (IC3)""}]",annotator_1+annotator_2+tiebreaker,llm_annotated
1294e8279203f0b4,kaggle_ceas08,spam,test,0,0,0,0,0,0,0,[],annotator_1+annotator_2+tiebreaker,llm_annotated
2344dd96509b0b51,kaggle_enron,ham,train,0,0,0,0,0,0,0,[],annotator_1+annotator_2+tiebreaker,llm_annotated
27e7d47de275685b,kaggle_ling,spam,train,0,0,0,0,0,0,0,[],annotator_1+annotator_2+tiebreaker,llm_annotated
32a575a7505b4843,kaggle_nigerian_fraud,fraud,validation,0,0,0,0,0,0,1,"[{""type"": ""reply_direction"", ""span"": ""Please send all emails to:[EMAIL]"", ""organisation"": null}]",annotator_1+annotator_2+tiebreaker,llm_annotated
60598e8ea7492b92,kaggle_enron,ham,train,0,0,0,0,0,0,0,[],annotator_1+annotator_2+tiebreaker,llm_annotated
24039f8b9e2b3329,kaggle_nigerian_fraud,fraud,train,1,0,0,0,0,0,1,"[{""type"": ""affiliation_external"", ""span"": ""Independent Committee of Eminent Persons (ICEP), Switzerland"", ""organisation"": ""Independent Committee of Eminent Persons (ICEP)""}, {""type"": ""authority"", ""span"": ""member of Independent Committee of Eminent Persons (ICEP)"", ""organisation"": ""Independent Committee of Eminent Persons (ICEP)""}]",annotator_1+annotator_2+tiebreaker,llm_annotated
354f7a22d46241fd,kaggle_ceas08,ham,validation,0,0,0,0,0,0,0,[],annotator_1+annotator_2,llm_annotated
9416ba3e3cf9d968,kaggle_nigerian_fraud,fraud,test,1,1,0,0,0,0,1,"[{""type"": ""affiliation_external"", ""span"": ""BANK OF AFRICA(B.O.A) OUAGADOUGOU BURKINA-FASO WEST AFRICA"", ""organisation"": ""Bank of Africa""}, {""type"": ""authority"", ""span"": ""HEAD OF FILE DEPARTMENT, IN BANK OF AFRICA"", ""organisation"": ""BANK OF AFRICA""}]",annotator_1+annotator_2+tiebreaker,llm_annotated
dd082d2d1c0a9a3c,nazario,phishing,train,0,1,1,0,0,0,0,"[{""type"": ""affiliation_external"", ""span"": ""PayPal"", ""organisation"": ""PayPal""}, {""type"": ""signature_contact"", ""span"": ""PayPal UPDATE TEAM Accounts Management"", ""organisation"": ""PayPal""}, {""type"": ""credential_request"", ""span"": ""update your personal records"", ""organisation"": ""PayPal""}]",annotator_1+annotator_2+tiebreaker,llm_annotated
8e068bf5ddcada60,kaggle_enron,ham,train,0,0,0,0,0,0,0,[],annotator_1+annotator_2,llm_annotated
006d601a9dd3bce1,kaggle_nigerian_fraud,fraud,validation,0,0,0,0,0,0,1,"[{""type"": ""signature_contact"", ""span"": ""Martin Goudale [EMAIL]"", ""organisation"": null}]",annotator_1+annotator_2+tiebreaker,llm_annotated
624a45511ee074e6,kaggle_ceas08,ham,test,0,0,0,0,0,0,0,[],annotator_1+annotator_2,llm_annotated
4f21d8153a634b4e,phishing_pot,phishing,train,0,0,0,0,0,0,0,[],annotator_1+annotator_2+tiebreaker,llm_annotated
