id,pair,role,scenario,split,subject,body,body_redacted,tactic_authority,tactic_urgency,tactic_scarcity,tactic_reciprocity,tactic_social_proof,tactic_liking,tactic_secrecy,claims,label_source
p001_attack,p001,attack,assistant_scheduling,train,Quick favour regarding the project,"Hi Marcus, it was great catching up with you at the factory floor tour last week. As the Executive Assistant to the CEO, I have the authority to manage these special project accounts. Since I handled those scheduling headaches for your team last month, I was hoping you could do me a quick favour. We need an immediate payment to a new vendor for the site launch. Could you process this invoice for five thousand dollars today? I really appreciate your help with this. Best, Sarah Jenkins, Executive Assistant, Office of the CEO, 555-0199.","Hi Marcus, it was great catching up with you at the factory floor tour last week. As the Executive Assistant to the CEO, I have the authority to manage these special project accounts. Since I handled those scheduling headaches for your team last month, I was hoping you could do me a quick favour. We need an immediate payment to a new vendor for the site launch. Could you process this invoice for five thousand dollars today? I really appreciate your help with this. Best, Sarah Jenkins, Executive Assistant, Office of the CEO, 555-0199.",1,0,0,1,0,1,0,"[{""type"": ""affiliation_internal"", ""span"": ""Executive Assistant to the CEO"", ""organisation"": ""Manufacturing Corp""}, {""type"": ""prior_relationship"", ""span"": ""it was great catching up with you at the factory floor tour last week"", ""organisation"": null}, {""type"": ""payment_request"", ""span"": ""process this invoice for five thousand dollars"", ""organisation"": null}]",synthetic
p001_benign,p001,benign,assistant_scheduling,train,Meeting confirmation: Project Alpha,"Hello Marcus, I am writing to confirm your meeting with Mr. Henderson regarding the Project Alpha rollout. The meeting is scheduled for Tuesday at 10 AM. We have reserved the main conference room in the East Wing for this discussion. Please let me know if you need any materials prepared in advance. I look forward to seeing you there. Regards, Sarah Jenkins, Assistant to the CEO.","Hello Marcus, I am writing to confirm your meeting with Mr. Henderson regarding the Project Alpha rollout. The meeting is scheduled for Tuesday at 10 AM. We have reserved the main conference room in the East Wing for this discussion. Please let me know if you need any materials prepared in advance. I look forward to seeing you there. Regards, Sarah Jenkins, Assistant to the CEO.",0,0,0,0,0,0,0,"[{""type"": ""affiliation_internal"", ""span"": ""Assistant to the CEO"", ""organisation"": ""Manufacturing Corp""}, {""type"": ""prior_relationship"", ""span"": ""confirm your meeting with Mr. Henderson"", ""organisation"": null}]",synthetic
p002_attack,p002,attack,ceo_wire,validation,Urgent transfer required,"Finance team, as the Chief Operations Officer, I am directing an immediate wire transfer for our new regional supplier. Everyone else in the leadership circle has already signed off on this project today. This is the last opportunity to process this before the bank closes for the quarter. You must complete this transfer by 4 PM today. Do not reply to this email thread; send the confirmation of the wire to my private address at ops.director@provider.net.","Finance team, as the Chief Operations Officer, I am directing an immediate wire transfer for our new regional supplier. Everyone else in the leadership circle has already signed off on this project today. This is the last opportunity to process this before the bank closes for the quarter. You must complete this transfer by 4 PM today. Do not reply to this email thread; send the confirmation of the wire to my private address at [EMAIL].",0,1,1,0,1,0,0,"[{""type"": ""affiliation_internal"", ""span"": ""Finance team"", ""organisation"": ""logistics organisation""}, {""type"": ""authority"", ""span"": ""as the Chief Operations Officer"", ""organisation"": null}, {""type"": ""payment_request"", ""span"": ""directing an immediate wire transfer"", ""organisation"": null}, {""type"": ""reply_direction"", ""span"": ""send the confirmation of the wire to my private address"", ""organisation"": null}]",synthetic
p002_benign,p002,benign,ceo_wire,validation,Payment request for PO-9921,"Hello Finance, please find the attached invoice for purchase order PO-9921 regarding the recent freight shipment. This request has been approved by the warehouse manager and is ready for payment in the next cycle as per our standard vendor agreement.","Hello Finance, please find the attached invoice for purchase order PO-9921 regarding the recent freight shipment. This request has been approved by the warehouse manager and is ready for payment in the next cycle as per our standard vendor agreement.",0,0,0,0,0,0,0,"[{""type"": ""affiliation_internal"", ""span"": ""Finance"", ""organisation"": ""logistics organisation""}, {""type"": ""payment_request"", ""span"": ""ready for payment in the next cycle"", ""organisation"": null}]",synthetic
p003_attack,p003,attack,gift_cards,train,Urgent client gift request,"As the Director of Sales, I am ordering an immediate purchase of client appreciation gifts. We have run out of stock and this is our final chance to secure the inventory before the upcoming conference. You are tasked with purchasing twenty gift cards at five hundred dollars each. This request is time-sensitive and must be completed within the hour. Please do not discuss this with other departments or your manager. Send the digital codes and the receipt directly to my personal line at 555-0199. I need these cards ready for distribution by the end of the day or the entire account strategy will be compromised. Failure to act now will result in a significant loss of our primary client base. Please confirm via text once the transaction is finalized.","As the Director of Sales, I am ordering an immediate purchase of client appreciation gifts. We have run out of stock and this is our final chance to secure the inventory before the upcoming conference. You are tasked with purchasing twenty gift cards at five hundred dollars each. This request is time-sensitive and must be completed within the hour. Please do not discuss this with other departments or your manager. Send the digital codes and the receipt directly to my personal line at 555-0199. I need these cards ready for distribution by the end of the day or the entire account strategy will be compromised. Failure to act now will result in a significant loss of our primary client base. Please confirm via text once the transaction is finalized.",0,1,1,0,0,0,0,"[{""type"": ""authority"", ""span"": ""As the Director of Sales"", ""organisation"": null}, {""type"": ""gift_card"", ""span"": ""purchasing twenty gift cards"", ""organisation"": null}, {""type"": ""reply_direction"", ""span"": ""Send the digital codes and the receipt directly to my personal line"", ""organisation"": null}]",synthetic
p003_benign,p003,benign,gift_cards,train,Gift cards for client event,"Hi team, we need to provide gift cards for the upcoming client event next week. Please submit a request through the procurement portal so we can order these items in time for the session. We have a set budget for these rewards, so please ensure your request aligns with the standard gift policy. If you have questions about the process, you can reach out to the office manager for assistance. Thank you for handling this.","Hi team, we need to provide gift cards for the upcoming client event next week. Please submit a request through the procurement portal so we can order these items in time for the session. We have a set budget for these rewards, so please ensure your request aligns with the standard gift policy. If you have questions about the process, you can reach out to the office manager for assistance. Thank you for handling this.",0,0,0,0,0,0,0,"[{""type"": ""gift_card"", ""span"": ""provide gift cards for the upcoming client event"", ""organisation"": null}]",synthetic
p004_attack,p004,attack,invoice_followup,train,Invoice follow up,"Hello, as we discussed last month, we are still waiting on the payment for invoice 4402. We really valued our earlier conversation regarding the software rollout. However, we have a high volume of accounts and need this settled immediately to maintain your service level. This is the last chance to avoid a service suspension. Please remit payment by 3 PM today to avoid any disruption to your institution. Thank you for your continued partnership.","Hello, as we discussed last month, we are still waiting on the payment for invoice 4402. We really valued our earlier conversation regarding the software rollout. However, we have a high volume of accounts and need this settled immediately to maintain your service level. This is the last chance to avoid a service suspension. Please remit payment by 3 PM today to avoid any disruption to your institution. Thank you for your continued partnership.",0,1,0,1,0,0,0,"[{""type"": ""affiliation_external"", ""span"": ""software rollout"", ""organisation"": ""education organisation""}, {""type"": ""payment_request"", ""span"": ""waiting on the payment for invoice 4402"", ""organisation"": null}, {""type"": ""prior_relationship"", ""span"": ""as we discussed last month"", ""organisation"": null}]",synthetic
p004_benign,p004,benign,invoice_followup,train,Invoice 4402 status,"Dear Billing Department, following our recent meeting regarding the educational software agreement, I am writing to check the status of invoice 4402. The invoice was issued on the first of the month and is due by Friday. Please confirm if you have received the documentation.","Dear Billing Department, following our recent meeting regarding the educational software agreement, I am writing to check the status of invoice 4402. The invoice was issued on the first of the month and is due by Friday. Please confirm if you have received the documentation.",0,0,0,0,0,0,0,"[{""type"": ""affiliation_external"", ""span"": ""educational software agreement"", ""organisation"": ""education organisation""}, {""type"": ""payment_request"", ""span"": ""check the status of invoice 4402"", ""organisation"": null}, {""type"": ""prior_relationship"", ""span"": ""following our recent meeting"", ""organisation"": null}]",synthetic
p005_attack,p005,attack,it_password,train,Urgent mailbox security update,"Hello, the IT Help Desk is performing security updates across the healthcare network. Since we have assisted you with past password resets, we now require your cooperation to keep your account active. Everyone else in your department has already verified their credentials to prevent lockout. You must verify your login details immediately or your mailbox will be disabled by 5 PM today. Please follow the verification steps in the portal.","Hello, the IT Help Desk is performing security updates across the healthcare network. Since we have assisted you with past password resets, we now require your cooperation to keep your account active. Everyone else in your department has already verified their credentials to prevent lockout. You must verify your login details immediately or your mailbox will be disabled by 5 PM today. Please follow the verification steps in the portal.",0,1,0,1,1,0,0,"[{""type"": ""affiliation_internal"", ""span"": ""IT Help Desk"", ""organisation"": ""healthcare organisation""}, {""type"": ""credential_request"", ""span"": ""verify your login details"", ""organisation"": null}]",synthetic
p005_benign,p005,benign,it_password,train,Scheduled server maintenance,"Dear Staff, the IT department will be performing scheduled server maintenance this Saturday between 2 AM and 4 AM. During this time, the internal email server will be temporarily inaccessible. No action is required from your side.","Dear Staff, the IT department will be performing scheduled server maintenance this Saturday between 2 AM and 4 AM. During this time, the internal email server will be temporarily inaccessible. No action is required from your side.",0,0,0,0,0,0,0,"[{""type"": ""affiliation_internal"", ""span"": ""IT department"", ""organisation"": ""healthcare organisation""}]",synthetic
p006_attack,p006,attack,legal_confidential,train,Confidential document request,"As we discussed at the meeting, I am the lead counsel for the merger. Since I have always enjoyed our collaboration, I need you to share the restricted employee files immediately. The entire executive team has already reviewed these, so please send them to my private email today.","As we discussed at the meeting, I am the lead counsel for the merger. Since I have always enjoyed our collaboration, I need you to share the restricted employee files immediately. The entire executive team has already reviewed these, so please send them to my private email today.",0,1,0,0,1,1,0,"[{""type"": ""affiliation_external"", ""span"": ""lead counsel for the merger"", ""organisation"": ""software organisation""}, {""type"": ""authority"", ""span"": ""I am the lead counsel"", ""organisation"": null}, {""type"": ""data_request"", ""span"": ""share the restricted employee files"", ""organisation"": null}, {""type"": ""prior_relationship"", ""span"": ""As we discussed at the meeting"", ""organisation"": null}]",synthetic
p006_benign,p006,benign,legal_confidential,train,Legal disclosure request,"To the relevant department, please provide the standard disclosure documents regarding the upcoming merger per our legal review agreement. These files are required for the regulatory filing process and should be sent through the secure legal portal by Friday.","To the relevant department, please provide the standard disclosure documents regarding the upcoming merger per our legal review agreement. These files are required for the regulatory filing process and should be sent through the secure legal portal by Friday.",0,0,0,0,0,0,0,"[{""type"": ""affiliation_external"", ""span"": ""legal review agreement"", ""organisation"": ""software organisation""}, {""type"": ""data_request"", ""span"": ""provide the standard disclosure documents"", ""organisation"": null}]",synthetic
p007_attack,p007,attack,payroll_change,validation,Urgent payroll adjustment,"Hi John, I hope your week is going well, you have been doing such a great job lately. I need to change my direct deposit details immediately. Please handle this for me before 3 PM today. Do not mention this to the rest of the payroll team. Please reply to my personal email address at personalmail@provider.com to confirm. Best, Mark, Lead Foreman.","Hi John, I hope your week is going well, you have been doing such a great job lately. I need to change my direct deposit details immediately. Please handle this for me before 3 PM today. Do not mention this to the rest of the payroll team. Please reply to my personal email address at [EMAIL] to confirm. Best, Mark, Lead Foreman.",0,1,0,0,0,1,1,"[{""type"": ""affiliation_internal"", ""span"": ""Lead Foreman"", ""organisation"": ""BuildRight Construction""}, {""type"": ""payment_change"", ""span"": ""change my direct deposit details"", ""organisation"": null}, {""type"": ""reply_direction"", ""span"": ""reply to my personal email address at personalmail@provider.com"", ""organisation"": null}]",synthetic
p007_benign,p007,benign,payroll_change,validation,Updating direct deposit details,"Hello, I am an employee at the regional office and I would like to update my direct deposit bank details. Could you please direct me to the correct form or the HR portal link required to make this change? I have my new account information ready to enter. Thank you, Sarah Miller, Site Supervisor.","Hello, I am an employee at the regional office and I would like to update my direct deposit bank details. Could you please direct me to the correct form or the HR portal link required to make this change? I have my new account information ready to enter. Thank you, Sarah Miller, Site Supervisor.",0,0,0,0,0,0,0,"[{""type"": ""affiliation_internal"", ""span"": ""employee at the regional office"", ""organisation"": ""BuildRight Construction""}, {""type"": ""payment_change"", ""span"": ""update my direct deposit bank details"", ""organisation"": null}]",synthetic
p008_attack,p008,attack,secret_deal,validation,Confidential payment requirement,"As we discussed during our private strategy session last Tuesday, the logistics department is moving forward with the confidential acquisition. As the Chief Financial Officer, I am overseeing the final disbursements and need you to prioritize the payment to our consulting firm immediately. It is always a pleasure working with such a dedicated team member like yourself. Please arrange the transfer of the outstanding balance by 2 PM today. I am relying on you to ensure this sensitive matter is handled with the appropriate level of care and precision, as it is critical to the success of our upcoming expansion. The contract has been finalized, and I need the payment confirmation on my desk before the end of the business day. Thank you for your continued commitment to our shared goals and for your quick attention to this specific request as we finalize the acquisition details.","As we discussed during our private strategy session last Tuesday, the logistics department is moving forward with the confidential acquisition. As the Chief Financial Officer, I am overseeing the final disbursements and need you to prioritize the payment to our consulting firm immediately. It is always a pleasure working with such a dedicated team member like yourself. Please arrange the transfer of the outstanding balance by 2 PM today. I am relying on you to ensure this sensitive matter is handled with the appropriate level of care and precision, as it is critical to the success of our upcoming expansion. The contract has been finalized, and I need the payment confirmation on my desk before the end of the business day. Thank you for your continued commitment to our shared goals and for your quick attention to this specific request as we finalize the acquisition details.",1,1,0,0,0,1,0,"[{""type"": ""authority"", ""span"": ""As the Chief Financial Officer"", ""organisation"": null}, {""type"": ""payment_request"", ""span"": ""arrange the transfer of the outstanding balance"", ""organisation"": null}, {""type"": ""prior_relationship"", ""span"": ""As we discussed during our private strategy session last Tuesday"", ""organisation"": null}]",synthetic
p008_benign,p008,benign,secret_deal,validation,Payment for approved contract,"Hello, I am writing from the Finance department regarding the payment for the recently signed contract with our logistics consulting firm. The legal team has already reviewed the terms and signed off on the invoice. Please process the payment in accordance with our standard agreement terms. If you require the final contract document for your records, it is available in the shared internal drive under the active projects folder. Let me know if you have any questions regarding the invoice details before you proceed.","Hello, I am writing from the Finance department regarding the payment for the recently signed contract with our logistics consulting firm. The legal team has already reviewed the terms and signed off on the invoice. Please process the payment in accordance with our standard agreement terms. If you require the final contract document for your records, it is available in the shared internal drive under the active projects folder. Let me know if you have any questions regarding the invoice details before you proceed.",0,0,0,0,0,0,0,"[{""type"": ""affiliation_internal"", ""span"": ""Finance department"", ""organisation"": ""logistics organisation""}, {""type"": ""payment_request"", ""span"": ""process the payment"", ""organisation"": null}]",synthetic
p009_attack,p009,attack,tax_forms,train,Urgent: Employee Records Required,"As the Director of HR, I am ordering an immediate audit of all staff tax documentation. You must submit the full employee list and tax forms to my office before 3 PM today. Failure to comply with this direct mandate will result in disciplinary action. This is non-negotiable.","As the Director of HR, I am ordering an immediate audit of all staff tax documentation. You must submit the full employee list and tax forms to my office before 3 PM today. Failure to comply with this direct mandate will result in disciplinary action. This is non-negotiable.",1,1,0,0,0,0,0,"[{""type"": ""affiliation_internal"", ""span"": ""Director of HR"", ""organisation"": ""HR""}, {""type"": ""authority"", ""span"": ""Director of HR"", ""organisation"": null}, {""type"": ""data_request"", ""span"": ""employee list and tax forms"", ""organisation"": null}]",synthetic
p009_benign,p009,benign,tax_forms,train,Routine Audit: Staff Documentation,"Hi, we are currently performing our annual internal audit for the construction division. Please upload the latest employee list and their corresponding tax forms to the secure HR portal by the end of the week. Let me know if you have any questions regarding the filing process.","Hi, we are currently performing our annual internal audit for the construction division. Please upload the latest employee list and their corresponding tax forms to the secure HR portal by the end of the week. Let me know if you have any questions regarding the filing process.",0,0,0,0,0,0,0,"[{""type"": ""affiliation_internal"", ""span"": ""HR"", ""organisation"": ""HR""}, {""type"": ""data_request"", ""span"": ""employee list and their corresponding tax forms"", ""organisation"": null}]",synthetic
p010_attack,p010,attack,thread_account_change,train,Re: Project Meridian Settlement,"It was truly wonderful catching up at the gala last week. I really appreciate how you helped me navigate that tricky contract issue earlier; you are a lifesaver. Regarding the Meridian matter, we have a unique opportunity to close this out if we move now. Please note we are changing our bank details for this final payment to ensure the funds clear. If we miss this window, the offer is off the table permanently. Please confirm you have received these new wire instructions. Best regards, Julian Vane, Lead Counsel, Vane Legal Group, 555-0199.","It was truly wonderful catching up at the gala last week. I really appreciate how you helped me navigate that tricky contract issue earlier; you are a lifesaver. Regarding the Meridian matter, we have a unique opportunity to close this out if we move now. Please note we are changing our bank details for this final payment to ensure the funds clear. If we miss this window, the offer is off the table permanently. Please confirm you have received these new wire instructions. Best regards, Julian Vane, Lead Counsel, Vane Legal Group, 555-0199.",0,0,1,1,0,1,0,"[{""type"": ""prior_relationship"", ""span"": ""catching up at the gala last week"", ""organisation"": null}, {""type"": ""payment_change"", ""span"": ""changing our bank details for this final payment"", ""organisation"": null}, {""type"": ""signature_contact"", ""span"": ""Julian Vane, Lead Counsel, Vane Legal Group, 555-0199"", ""organisation"": ""Vane Legal Group""}]",synthetic
p010_benign,p010,benign,thread_account_change,train,Re: Project Meridian Settlement,"Following our recent discussion at the office, I have updated the project schedule to reflect the timeline we agreed upon. We are on track to meet the upcoming deliverables for the Meridian case. Please review the attached draft for the standard payment schedule to ensure it matches our previous agreement. I look forward to finalizing the next phase of our work together. Regards, Julian Vane, Lead Counsel, Vane Legal Group, 555-0199.","Following our recent discussion at the office, I have updated the project schedule to reflect the timeline we agreed upon. We are on track to meet the upcoming deliverables for the Meridian case. Please review the attached draft for the standard payment schedule to ensure it matches our previous agreement. I look forward to finalizing the next phase of our work together. Regards, Julian Vane, Lead Counsel, Vane Legal Group, 555-0199.",0,0,0,0,0,0,0,"[{""type"": ""prior_relationship"", ""span"": ""our recent discussion at the office"", ""organisation"": null}, {""type"": ""signature_contact"", ""span"": ""Julian Vane, Lead Counsel, Vane Legal Group, 555-0199"", ""organisation"": ""Vane Legal Group""}]",synthetic
p011_attack,p011,attack,travel_funds,train,Emergency Financial Assistance,"As the Chief Operations Officer, I am currently stuck abroad due to an unforeseen issue. I previously helped you with your promotion review, so I am asking for your help now. I need you to facilitate an urgent wire payment for a local service provider. Please do not tell anyone about this, especially not the finance team, as it would cause a public stir. Keep this request strictly between us. Once you have the details ready, reply only to my personal email at operations.support@private-mail.com. Thank you for your discretion.","As the Chief Operations Officer, I am currently stuck abroad due to an unforeseen issue. I previously helped you with your promotion review, so I am asking for your help now. I need you to facilitate an urgent wire payment for a local service provider. Please do not tell anyone about this, especially not the finance team, as it would cause a public stir. Keep this request strictly between us. Once you have the details ready, reply only to my personal email at [EMAIL]. Thank you for your discretion.",0,0,0,1,0,0,1,"[{""type"": ""authority"", ""span"": ""Chief Operations Officer"", ""organisation"": null}, {""type"": ""payment_request"", ""span"": ""facilitate an urgent wire payment"", ""organisation"": null}, {""type"": ""reply_direction"", ""span"": ""reply only to my personal email at operations.support@private-mail.com"", ""organisation"": null}]",synthetic
p011_benign,p011,benign,travel_funds,train,Expense Approval for Upcoming Trip,"Hi there, I am finalizing the budget for the manufacturing plant site visit next month. Could you please review the expense request I submitted for the travel arrangements and provide your approval? I need to ensure the booking is confirmed by the end of the week so we can secure the early bird rates for the team. Let me know if you require any additional documentation for the finance records before you sign off on the payment request.","Hi there, I am finalizing the budget for the manufacturing plant site visit next month. Could you please review the expense request I submitted for the travel arrangements and provide your approval? I need to ensure the booking is confirmed by the end of the week so we can secure the early bird rates for the team. Let me know if you require any additional documentation for the finance records before you sign off on the payment request.",0,0,0,0,0,0,0,"[{""type"": ""affiliation_internal"", ""span"": ""finance"", ""organisation"": ""finance""}, {""type"": ""payment_request"", ""span"": ""sign off on the payment request"", ""organisation"": null}]",synthetic
p012_attack,p012,attack,vendor_bank_change,train,Urgent Update: Payment Information,"Hello, it is great to work with you. We are reaching out to let you know that we are updating our banking details for all incoming payments. Most of our other clients have already transitioned to the new account this week, and we are closing our legacy account on Friday. This is your last chance to update your records before your next payment is processed. If the payment is sent to the old account, it will be rejected, and we cannot guarantee that the service will continue without interruption. Please make sure your accounting department updates the information immediately. We have provided our new details below for your convenience. We look forward to continuing our partnership with you and appreciate your prompt attention to this matter. Best regards, Sarah Jenkins, Account Manager, Industrial Parts Corp, 555-0123.","Hello, it is great to work with you. We are reaching out to let you know that we are updating our banking details for all incoming payments. Most of our other clients have already transitioned to the new account this week, and we are closing our legacy account on Friday. This is your last chance to update your records before your next payment is processed. If the payment is sent to the old account, it will be rejected, and we cannot guarantee that the service will continue without interruption. Please make sure your accounting department updates the information immediately. We have provided our new details below for your convenience. We look forward to continuing our partnership with you and appreciate your prompt attention to this matter. Best regards, Sarah Jenkins, Account Manager, Industrial Parts Corp, 555-0123.",0,0,1,0,1,0,0,"[{""type"": ""affiliation_external"", ""span"": ""Industrial Parts Corp"", ""organisation"": ""Industrial Parts Corp""}, {""type"": ""payment_change"", ""span"": ""updating our banking details"", ""organisation"": null}, {""type"": ""signature_contact"", ""span"": ""Sarah Jenkins, Account Manager, Industrial Parts Corp, 555-0123"", ""organisation"": ""Industrial Parts Corp""}]",synthetic
p012_benign,p012,benign,vendor_bank_change,train,Invoice Reminder: INV-9902,"Hello, I hope you are having a productive week. We are sending a friendly reminder regarding invoice number INV-9902, which is currently outstanding. Our records indicate that the payment is due by the end of this month. We have attached a copy of the original invoice for your reference to assist with the processing. Please ensure the payment is directed to our standard bank account as listed on the invoice document. If you have any questions or if the payment has already been sent, please let us know so we can update our internal tracking. We value your business and look forward to hearing from you soon. Best regards, Sarah Jenkins, Account Manager, Industrial Parts Corp, 555-0123.","Hello, I hope you are having a productive week. We are sending a friendly reminder regarding invoice number INV-9902, which is currently outstanding. Our records indicate that the payment is due by the end of this month. We have attached a copy of the original invoice for your reference to assist with the processing. Please ensure the payment is directed to our standard bank account as listed on the invoice document. If you have any questions or if the payment has already been sent, please let us know so we can update our internal tracking. We value your business and look forward to hearing from you soon. Best regards, Sarah Jenkins, Account Manager, Industrial Parts Corp, 555-0123.",0,0,0,0,0,0,0,"[{""type"": ""affiliation_external"", ""span"": ""Industrial Parts Corp"", ""organisation"": ""Industrial Parts Corp""}, {""type"": ""signature_contact"", ""span"": ""Sarah Jenkins, Account Manager, Industrial Parts Corp, 555-0123"", ""organisation"": ""Industrial Parts Corp""}]",synthetic
p013_attack,p013,attack,assistant_scheduling,train,Invoice follow-up,"I am following up on our meeting from the regional store conference last month. Everyone else in the retail management department has already signed off on their vendor payments for the quarter, and I would hate for your department to be the only one lagging behind. I have always enjoyed working with you and appreciate the effort you put into the store displays. Could you please process the attached invoice for the seasonal equipment upgrade? It would really help me out if you could get this cleared by tomorrow. I am tied up in meetings all afternoon, so please reach out if you have any questions, but I expect this to be straightforward for you. I know we are all busy, but your cooperation is highly valued by the executive team. Thanks for handling this request promptly, and I look forward to seeing the results of your hard work at the upcoming quarterly review. Best, Susan, Store Operations Support, Retail Dynamics, 555-0122.","I am following up on our meeting from the regional store conference last month. Everyone else in the retail management department has already signed off on their vendor payments for the quarter, and I would hate for your department to be the only one lagging behind. I have always enjoyed working with you and appreciate the effort you put into the store displays. Could you please process the attached invoice for the seasonal equipment upgrade? It would really help me out if you could get this cleared by tomorrow. I am tied up in meetings all afternoon, so please reach out if you have any questions, but I expect this to be straightforward for you. I know we are all busy, but your cooperation is highly valued by the executive team. Thanks for handling this request promptly, and I look forward to seeing the results of your hard work at the upcoming quarterly review. Best, Susan, Store Operations Support, Retail Dynamics, 555-0122.",0,0,0,0,1,1,0,"[{""type"": ""affiliation_internal"", ""span"": ""Store Operations Support"", ""organisation"": ""Retail Dynamics""}, {""type"": ""prior_relationship"", ""span"": ""our meeting from the regional store conference last month"", ""organisation"": null}, {""type"": ""payment_request"", ""span"": ""process the attached invoice"", ""organisation"": null}]",synthetic
p013_benign,p013,benign,assistant_scheduling,train,Scheduling meeting,"Hello, I am writing to confirm the meeting regarding the store inventory audit. We have scheduled this for Wednesday at 2 PM in the main conference room. This follows up on our previous conversation regarding the stock levels at the downtown location. Please bring your updated ledger reports for the team to review during the session. If you have any conflicts with this time, please notify the office as soon as possible so we can adjust the calendar accordingly. We appreciate your assistance in keeping our records accurate. Best, Susan, Store Operations Support, Retail Dynamics.","Hello, I am writing to confirm the meeting regarding the store inventory audit. We have scheduled this for Wednesday at 2 PM in the main conference room. This follows up on our previous conversation regarding the stock levels at the downtown location. Please bring your updated ledger reports for the team to review during the session. If you have any conflicts with this time, please notify the office as soon as possible so we can adjust the calendar accordingly. We appreciate your assistance in keeping our records accurate. Best, Susan, Store Operations Support, Retail Dynamics.",0,0,0,0,0,0,0,"[{""type"": ""affiliation_internal"", ""span"": ""Store Operations Support"", ""organisation"": ""Retail Dynamics""}, {""type"": ""prior_relationship"", ""span"": ""follows up on our previous conversation"", ""organisation"": null}]",synthetic
p014_attack,p014,attack,ceo_wire,train,Urgent Wire Transfer Request,"I am writing to you as the Chief Financial Officer. We need to process an immediate payment for a time-sensitive acquisition deal. This requires your urgent attention before the bank closes today. Please initiate a wire transfer of fifty thousand dollars to the account details I have specified in the attached document. Do not discuss this with any other staff member, as this is a confidential internal matter that requires absolute secrecy. I need you to handle this personally to ensure it is completed on time. If you have any questions or require further confirmation, do not use the standard internal messaging system; please reply directly to this email or call my direct line. I am counting on you to get this done immediately.","I am writing to you as the Chief Financial Officer. We need to process an immediate payment for a time-sensitive acquisition deal. This requires your urgent attention before the bank closes today. Please initiate a wire transfer of fifty thousand dollars to the account details I have specified in the attached document. Do not discuss this with any other staff member, as this is a confidential internal matter that requires absolute secrecy. I need you to handle this personally to ensure it is completed on time. If you have any questions or require further confirmation, do not use the standard internal messaging system; please reply directly to this email or call my direct line. I am counting on you to get this done immediately.",0,1,0,0,0,0,1,"[{""type"": ""affiliation_internal"", ""span"": ""Chief Financial Officer"", ""organisation"": null}, {""type"": ""authority"", ""span"": ""Chief Financial Officer"", ""organisation"": null}, {""type"": ""payment_request"", ""span"": ""initiate a wire transfer"", ""organisation"": null}, {""type"": ""reply_direction"", ""span"": ""reply directly to this email or call my direct line"", ""organisation"": null}]",synthetic
p014_benign,p014,benign,ceo_wire,train,Payment Request: PO-4482,"I am submitting a request for the payment of invoice number INV-2024-05, which is associated with Purchase Order PO-4482. This request follows the standard corporate approval process for our quarterly supplier expenditures. Please review the attached invoice to verify the line items and the total amount. Once you have confirmed that the documentation is in order, please proceed with the payment through our internal financial system. If there are any discrepancies, please let me know so we can correct the records before the end of the fiscal month. Thank you for your assistance with this routine financial task.","I am submitting a request for the payment of invoice number INV-2024-05, which is associated with Purchase Order PO-4482. This request follows the standard corporate approval process for our quarterly supplier expenditures. Please review the attached invoice to verify the line items and the total amount. Once you have confirmed that the documentation is in order, please proceed with the payment through our internal financial system. If there are any discrepancies, please let me know so we can correct the records before the end of the fiscal month. Thank you for your assistance with this routine financial task.",0,0,0,0,0,0,0,"[{""type"": ""affiliation_internal"", ""span"": ""corporate"", ""organisation"": null}, {""type"": ""payment_request"", ""span"": ""proceed with the payment"", ""organisation"": null}]",synthetic
p015_attack,p015,attack,gift_cards,train,Gift cards for client event,"As the Department Manager, I need you to purchase several gift cards for our upcoming client event. The rest of the team has already finished their tasks for this event, and you are the last one to complete your assignment. Please send the gift card codes directly to me by replying to my personal email address. I am relying on you to get this done.","As the Department Manager, I need you to purchase several gift cards for our upcoming client event. The rest of the team has already finished their tasks for this event, and you are the last one to complete your assignment. Please send the gift card codes directly to me by replying to my personal email address. I am relying on you to get this done.",1,0,0,0,1,0,0,"[{""type"": ""authority"", ""span"": ""Department Manager"", ""organisation"": null}, {""type"": ""gift_card"", ""span"": ""purchase several gift cards"", ""organisation"": null}, {""type"": ""reply_direction"", ""span"": ""replying to my personal email address"", ""organisation"": null}]",synthetic
p015_benign,p015,benign,gift_cards,train,Gift card order for patient appreciation,Could you please submit a request to the procurement department to order gift cards for our upcoming patient appreciation event? We will need twenty cards in total for the event next week. Please use the standard budget code provided in the internal handbook and ensure the order is placed by Wednesday.,Could you please submit a request to the procurement department to order gift cards for our upcoming patient appreciation event? We will need twenty cards in total for the event next week. Please use the standard budget code provided in the internal handbook and ensure the order is placed by Wednesday.,0,0,0,0,0,0,0,"[{""type"": ""gift_card"", ""span"": ""order gift cards"", ""organisation"": null}]",synthetic
p016_attack,p016,attack,invoice_followup,validation,Urgent: Overdue payment,"Hi, it was great speaking with you last month about our new software integration. Our records show your invoice is past due. We need payment immediately, as this is your last chance to avoid a service suspension. Please let us know when it is sent.","Hi, it was great speaking with you last month about our new software integration. Our records show your invoice is past due. We need payment immediately, as this is your last chance to avoid a service suspension. Please let us know when it is sent.",0,1,1,0,0,0,0,"[{""type"": ""affiliation_external"", ""span"": ""software integration"", ""organisation"": null}, {""type"": ""payment_request"", ""span"": ""invoice is past due"", ""organisation"": null}, {""type"": ""prior_relationship"", ""span"": ""speaking with you last month"", ""organisation"": null}]",synthetic
p016_benign,p016,benign,invoice_followup,validation,Invoice Reminder: INV-1234,"Hi, it was a pleasure speaking with you last month regarding the software license renewal. I am writing to send a gentle reminder that invoice INV-1234 is coming due on the 30th of this month. Please let us know if you have any questions or need further details to process the payment.","Hi, it was a pleasure speaking with you last month regarding the software license renewal. I am writing to send a gentle reminder that invoice INV-1234 is coming due on the 30th of this month. Please let us know if you have any questions or need further details to process the payment.",0,0,0,0,0,0,0,"[{""type"": ""affiliation_external"", ""span"": ""software license renewal"", ""organisation"": null}, {""type"": ""payment_request"", ""span"": ""invoice INV-1234 is coming due"", ""organisation"": null}, {""type"": ""prior_relationship"", ""span"": ""speaking with you last month"", ""organisation"": null}]",synthetic
p017_attack,p017,attack,it_password,train,Urgent: Final notice regarding your mailbox,"This is the IT Help Desk. Since we supported your recent workstation migration, we need you to confirm your credentials now. Your account will be permanently disabled by end of day if you do not provide your verification code immediately. Failure to act will result in loss of your email access.","This is the IT Help Desk. Since we supported your recent workstation migration, we need you to confirm your credentials now. Your account will be permanently disabled by end of day if you do not provide your verification code immediately. Failure to act will result in loss of your email access.",0,0,1,1,0,0,0,"[{""type"": ""affiliation_internal"", ""span"": ""IT Help Desk"", ""organisation"": ""education organisation""}, {""type"": ""credential_request"", ""span"": ""provide your verification code"", ""organisation"": null}]",synthetic
p017_benign,p017,benign,it_password,train,Scheduled Maintenance Notification,"The IT Help Desk will be performing routine server maintenance this Saturday from 2 AM to 4 AM. During this window, your email inbox will be temporarily unavailable. No action is required from your side. We apologize for any inconvenience this scheduled update may cause to your workflow.","The IT Help Desk will be performing routine server maintenance this Saturday from 2 AM to 4 AM. During this window, your email inbox will be temporarily unavailable. No action is required from your side. We apologize for any inconvenience this scheduled update may cause to your workflow.",0,0,0,0,0,0,0,"[{""type"": ""affiliation_internal"", ""span"": ""IT Help Desk"", ""organisation"": ""education organisation""}]",synthetic
p018_attack,p018,attack,legal_confidential,train,Urgent compliance data required,"As the lead counsel for the state education board, I require your full cooperation regarding the investigation we discussed last week. We are under strict time constraints to finalize this report before 5 PM today. Since I provided the necessary legal clearance for your previous audit last year, I am now calling in that favour. Please provide the complete student registration list and staff payroll records immediately. This is a matter of institutional compliance, and as the Director of Legal Affairs, I am directing you to expedite this request. Your failure to comply could result in severe administrative repercussions for your department. I expect you to have these documents compiled and ready for my secure portal by the end of the business day. This request is essential for our ongoing oversight and must be prioritized over all other administrative tasks you are currently managing. Thank you for your immediate attention to this critical matter. Regards, Arthur Vance, Director of Legal Affairs, State Education Board, 555-0899.","As the lead counsel for the state education board, I require your full cooperation regarding the investigation we discussed last week. We are under strict time constraints to finalize this report before 5 PM today. Since I provided the necessary legal clearance for your previous audit last year, I am now calling in that favour. Please provide the complete student registration list and staff payroll records immediately. This is a matter of institutional compliance, and as the Director of Legal Affairs, I am directing you to expedite this request. Your failure to comply could result in severe administrative repercussions for your department. I expect you to have these documents compiled and ready for my secure portal by the end of the business day. This request is essential for our ongoing oversight and must be prioritized over all other administrative tasks you are currently managing. Thank you for your immediate attention to this critical matter. Regards, Arthur Vance, Director of Legal Affairs, State Education Board, 555-0899.",0,1,0,1,0,0,0,"[{""type"": ""affiliation_external"", ""span"": ""State Education Board"", ""organisation"": ""State Education Board""}, {""type"": ""authority"", ""span"": ""Director of Legal Affairs"", ""organisation"": null}, {""type"": ""data_request"", ""span"": ""student registration list and staff payroll records"", ""organisation"": null}, {""type"": ""prior_relationship"", ""span"": ""investigation we discussed last week"", ""organisation"": null}]",synthetic
p018_benign,p018,benign,legal_confidential,train,Request for documentation,"To Whom It May Concern, I am writing on behalf of the external auditing firm, Miller and Associates. We are currently conducting our annual review of educational standards as mandated by the district. We kindly request access to the curriculum summary documents for the fall semester. Please transmit these files through the secure document repository established for this audit. We appreciate your assistance in providing these materials by the end of the week. Regards, External Counsel, Miller and Associates.","To Whom It May Concern, I am writing on behalf of the external auditing firm, Miller and Associates. We are currently conducting our annual review of educational standards as mandated by the district. We kindly request access to the curriculum summary documents for the fall semester. Please transmit these files through the secure document repository established for this audit. We appreciate your assistance in providing these materials by the end of the week. Regards, External Counsel, Miller and Associates.",0,0,0,0,0,0,0,"[{""type"": ""affiliation_external"", ""span"": ""external auditing firm, Miller and Associates"", ""organisation"": ""Miller and Associates""}, {""type"": ""data_request"", ""span"": ""access to the curriculum summary documents"", ""organisation"": null}]",synthetic
p019_attack,p019,attack,payroll_change,test,Update your payroll details,"Since I helped you with your benefits enrollment, could you do me a favor? The whole team is switching to the new payroll provider today. Please send your new bank details to my private email at payrollupdate@fastmail.com so I can process them for you immediately.","Since I helped you with your benefits enrollment, could you do me a favor? The whole team is switching to the new payroll provider today. Please send your new bank details to my private email at [EMAIL] so I can process them for you immediately.",0,0,0,1,1,0,0,"[{""type"": ""affiliation_internal"", ""span"": ""payroll"", ""organisation"": ""logistics organisation""}, {""type"": ""payment_change"", ""span"": ""new bank details"", ""organisation"": null}, {""type"": ""reply_direction"", ""span"": ""my private email at payrollupdate@fastmail.com"", ""organisation"": null}]",synthetic
p019_benign,p019,benign,payroll_change,test,Instructions for updating direct deposit,"If you wish to change your direct deposit bank account, please log into the employee HR portal. Navigate to the payroll section and select the bank information tab. You will be able to securely input your new routing and account numbers there. Once saved, the change will take effect in the next pay cycle.","If you wish to change your direct deposit bank account, please log into the employee HR portal. Navigate to the payroll section and select the bank information tab. You will be able to securely input your new routing and account numbers there. Once saved, the change will take effect in the next pay cycle.",0,0,0,0,0,0,0,"[{""type"": ""affiliation_internal"", ""span"": ""employee HR portal"", ""organisation"": ""logistics organisation""}, {""type"": ""payment_change"", ""span"": ""change your direct deposit bank account"", ""organisation"": null}]",synthetic
p020_attack,p020,attack,secret_deal,train,Quick favour regarding the acquisition,"Great seeing you at the offsite last week. As CFO, I need you to initiate the payment for the acquisition we discussed. Everyone else has already approved it, so please process this immediately. It is sensitive, so let's get it done today.","Great seeing you at the offsite last week. As CFO, I need you to initiate the payment for the acquisition we discussed. Everyone else has already approved it, so please process this immediately. It is sensitive, so let's get it done today.",0,1,0,0,1,1,0,"[{""type"": ""authority"", ""span"": ""CFO"", ""organisation"": null}, {""type"": ""payment_request"", ""span"": ""initiate the payment"", ""organisation"": null}, {""type"": ""prior_relationship"", ""span"": ""discussed"", ""organisation"": null}]",synthetic
p020_benign,p020,benign,secret_deal,train,Payment authorization for vendor contract,"Please process the attached invoice for the hospitality software renewal. This payment is for the signed contract that legal reviewed last month. Once processed, please send a confirmation to the finance department.","Please process the attached invoice for the hospitality software renewal. This payment is for the signed contract that legal reviewed last month. Once processed, please send a confirmation to the finance department.",0,0,0,0,0,0,0,"[{""type"": ""affiliation_internal"", ""span"": ""finance department"", ""organisation"": ""hospitality organisation""}, {""type"": ""payment_request"", ""span"": ""process the attached invoice"", ""organisation"": null}]",synthetic
p021_attack,p021,attack,tax_forms,validation,Confidential personnel audit,"As the Chief Financial Officer, I am initiating a mandatory review of our regional staff records. I require you to compile a complete list of all employee social security numbers and current tax forms by the end of the day. This is a highly sensitive audit, so you must keep this request strictly between us and do not inform your manager or anyone else in your department about this task. Your role in this company requires you to follow these instructions without question to ensure the integrity of our financial oversight. Any delay or breach of confidentiality will be treated as a serious violation of company policy. Ensure the files are encrypted and sent to my direct secure channel immediately. I have the authority to demand this level of compliance from all department leads to protect our operational privacy. Do not discuss this with anyone, including your direct supervisor, as this remains a private executive matter. Regards, Marcus Thorne, CFO, Retail Global.","As the Chief Financial Officer, I am initiating a mandatory review of our regional staff records. I require you to compile a complete list of all employee social security numbers and current tax forms by the end of the day. This is a highly sensitive audit, so you must keep this request strictly between us and do not inform your manager or anyone else in your department about this task. Your role in this company requires you to follow these instructions without question to ensure the integrity of our financial oversight. Any delay or breach of confidentiality will be treated as a serious violation of company policy. Ensure the files are encrypted and sent to my direct secure channel immediately. I have the authority to demand this level of compliance from all department leads to protect our operational privacy. Do not discuss this with anyone, including your direct supervisor, as this remains a private executive matter. Regards, Marcus Thorne, CFO, Retail Global.",1,0,0,0,0,0,1,"[{""type"": ""affiliation_internal"", ""span"": ""CFO"", ""organisation"": ""Retail Global""}, {""type"": ""authority"", ""span"": ""Chief Financial Officer"", ""organisation"": null}, {""type"": ""data_request"", ""span"": ""social security numbers and current tax forms"", ""organisation"": null}]",synthetic
p021_benign,p021,benign,tax_forms,validation,Annual payroll verification,"Hello, the HR department is currently performing the annual payroll verification process. We need to collect updated W-4 forms for all staff members to ensure our records match current tax requirements. Please log in to the company HR portal and upload the requested documents to the secure audit folder labeled Payroll 2024. Your cooperation in completing this by the end of the month is appreciated as we finalize our year-end reporting. Please contact the HR help desk if you have any trouble accessing the portal. Best, HR Payroll Team.","Hello, the HR department is currently performing the annual payroll verification process. We need to collect updated W-4 forms for all staff members to ensure our records match current tax requirements. Please log in to the company HR portal and upload the requested documents to the secure audit folder labeled Payroll 2024. Your cooperation in completing this by the end of the month is appreciated as we finalize our year-end reporting. Please contact the HR help desk if you have any trouble accessing the portal. Best, HR Payroll Team.",0,0,0,0,0,0,0,"[{""type"": ""affiliation_internal"", ""span"": ""HR department"", ""organisation"": ""Retail Global""}, {""type"": ""data_request"", ""span"": ""collect updated W-4 forms"", ""organisation"": null}]",synthetic
p022_attack,p022,attack,thread_account_change,train,Re: Project Alpha invoice,"Good catching up on the project yesterday. As the Project Lead, I need you to change the payment account for our next invoice. I covered for you on the last deadline, so please keep this change between us. Regards, John Smith, Project Lead, 555-0199.","Good catching up on the project yesterday. As the Project Lead, I need you to change the payment account for our next invoice. I covered for you on the last deadline, so please keep this change between us. Regards, John Smith, Project Lead, 555-0199.",1,0,0,1,0,0,1,"[{""type"": ""prior_relationship"", ""span"": ""Good catching up on the project yesterday"", ""organisation"": null}, {""type"": ""payment_change"", ""span"": ""change the payment account"", ""organisation"": null}, {""type"": ""signature_contact"", ""span"": ""John Smith, Project Lead, 555-0199"", ""organisation"": null}]",synthetic
p022_benign,p022,benign,thread_account_change,train,Re: Project Alpha schedule,"Great meeting earlier today. Regarding our follow-up, we are still on track for the manufacturing milestone next week. Please let me know if you need any adjustments to the production timeline. Best, Sarah Jones, Project Coordinator, 555-0122.","Great meeting earlier today. Regarding our follow-up, we are still on track for the manufacturing milestone next week. Please let me know if you need any adjustments to the production timeline. Best, Sarah Jones, Project Coordinator, 555-0122.",0,0,0,0,0,0,0,"[{""type"": ""prior_relationship"", ""span"": ""Great meeting earlier today"", ""organisation"": null}, {""type"": ""signature_contact"", ""span"": ""Sarah Jones, Project Coordinator, 555-0122"", ""organisation"": null}]",synthetic
p023_attack,p023,attack,travel_funds,train,Emergency funds needed,"I am currently stuck abroad, and as your CEO, I need you to wire emergency funds to our local partner immediately. Everyone else on the executive board is already aware of this situation and has approved the transfer. Please keep this request confidential as I do not want to worry the wider staff while I am away. Do not loop in your manager or anyone else in the office as I need this handled discreetly. Send the wire transfer details to my personal text line at 555-0123 so we can get this settled right now. I am counting on you to resolve this quickly before my meeting starts. The bank requires the payment before the close of business today, and your assistance is vital for the success of our current mission. Please confirm once you have sent the funds to the account provided via my text message. I appreciate your discretion.","I am currently stuck abroad, and as your CEO, I need you to wire emergency funds to our local partner immediately. Everyone else on the executive board is already aware of this situation and has approved the transfer. Please keep this request confidential as I do not want to worry the wider staff while I am away. Do not loop in your manager or anyone else in the office as I need this handled discreetly. Send the wire transfer details to my personal text line at 555-0123 so we can get this settled right now. I am counting on you to resolve this quickly before my meeting starts. The bank requires the payment before the close of business today, and your assistance is vital for the success of our current mission. Please confirm once you have sent the funds to the account provided via my text message. I appreciate your discretion.",0,1,0,0,1,0,1,"[{""type"": ""authority"", ""span"": ""CEO"", ""organisation"": null}, {""type"": ""payment_request"", ""span"": ""wire emergency funds"", ""organisation"": null}, {""type"": ""reply_direction"", ""span"": ""my personal text line at 555-0123"", ""organisation"": null}]",synthetic
p023_benign,p023,benign,travel_funds,train,Expense approval request,"I am currently working on the budget reconciliation for the quarter and noticed that the expense report for the energy summit trip is still pending approval. Could you please take a moment to review the submitted costs in the internal HR portal? I need to finalize the department expenses by the end of the week. Please let me know if you have any questions regarding the specific line items listed in the report. If everything looks correct, please provide your digital signature so the finance team can process the reimbursement to the employee. Thank you for your help in keeping our departmental records accurate and up to date. I am available if you need a brief call to discuss any of the individual expenses before you sign off on the report. Your timely response will help us keep the budget process moving forward as planned.","I am currently working on the budget reconciliation for the quarter and noticed that the expense report for the energy summit trip is still pending approval. Could you please take a moment to review the submitted costs in the internal HR portal? I need to finalize the department expenses by the end of the week. Please let me know if you have any questions regarding the specific line items listed in the report. If everything looks correct, please provide your digital signature so the finance team can process the reimbursement to the employee. Thank you for your help in keeping our departmental records accurate and up to date. I am available if you need a brief call to discuss any of the individual expenses before you sign off on the report. Your timely response will help us keep the budget process moving forward as planned.",0,0,0,0,0,0,0,"[{""type"": ""affiliation_internal"", ""span"": ""HR portal"", ""organisation"": ""energy organisation""}, {""type"": ""payment_request"", ""span"": ""process the reimbursement"", ""organisation"": null}]",synthetic
p024_attack,p024,attack,vendor_bank_change,train,Urgent: Updated bank details,"As we discussed, please update our bank account details immediately. Since we provided the extra software licenses last month for free, I appreciate your help. This is your last chance to update the records before the next invoice cycle. Contact me at 555-0999 if you have questions. Regards, Tech Solutions.","As we discussed, please update our bank account details immediately. Since we provided the extra software licenses last month for free, I appreciate your help. This is your last chance to update the records before the next invoice cycle. Contact me at 555-0999 if you have questions. Regards, Tech Solutions.",0,0,1,1,0,0,0,"[{""type"": ""affiliation_external"", ""span"": ""Tech Solutions"", ""organisation"": ""Tech Solutions""}, {""type"": ""payment_change"", ""span"": ""update our bank account details"", ""organisation"": null}, {""type"": ""signature_contact"", ""span"": ""555-0999"", ""organisation"": null}]",synthetic
p024_benign,p024,benign,vendor_bank_change,train,Invoice reminder,"Please find the attached invoice for your monthly cloud subscription. Payment is due within 30 days to the account on file. If you have any questions, please contact our support team at 555-0888. Thank you for your continued business with Cloud Systems.","Please find the attached invoice for your monthly cloud subscription. Payment is due within 30 days to the account on file. If you have any questions, please contact our support team at 555-0888. Thank you for your continued business with Cloud Systems.",0,0,0,0,0,0,0,"[{""type"": ""affiliation_external"", ""span"": ""Cloud Systems"", ""organisation"": ""Cloud Systems""}, {""type"": ""signature_contact"", ""span"": ""555-0888"", ""organisation"": null}]",synthetic
p025_attack,p025,attack,assistant_scheduling,test,Quick request regarding our call,"As we discussed, I am setting up the call with the Dean. Since I covered your shift last month, I need you to process this urgent payment for the catering company. This is the last chance to get them paid before the budget cycle closes for the department. Please handle this for me.","As we discussed, I am setting up the call with the Dean. Since I covered your shift last month, I need you to process this urgent payment for the catering company. This is the last chance to get them paid before the budget cycle closes for the department. Please handle this for me.",0,0,1,1,0,0,0,"[{""type"": ""affiliation_internal"", ""span"": ""the department"", ""organisation"": null}, {""type"": ""prior_relationship"", ""span"": ""As we discussed"", ""organisation"": null}, {""type"": ""payment_request"", ""span"": ""process this urgent payment for the catering company"", ""organisation"": null}]",synthetic
p025_benign,p025,benign,assistant_scheduling,test,Call with the Dean,"As we discussed, I am setting up the call with the Dean. We have confirmed the time for Tuesday at 10 AM. Please meet us in the main conference room of the Education Department for this briefing.","As we discussed, I am setting up the call with the Dean. We have confirmed the time for Tuesday at 10 AM. Please meet us in the main conference room of the Education Department for this briefing.",0,0,0,0,0,0,0,"[{""type"": ""affiliation_internal"", ""span"": ""Education Department"", ""organisation"": null}, {""type"": ""prior_relationship"", ""span"": ""As we discussed"", ""organisation"": null}]",synthetic
p026_attack,p026,attack,ceo_wire,validation,Urgent transfer required,"I hope your week is going well. I really appreciate the hard work you put into the quarterly audit. As CFO, I need you to initiate a wire transfer for our new vendor immediately. Everyone else on the leadership team has already signed off on this acquisition. Please do not call the office about this as I am in back to back meetings. Send the confirmation of the transfer to my private email at executive-finance-direct at protonmail dot com.","I hope your week is going well. I really appreciate the hard work you put into the quarterly audit. As CFO, I need you to initiate a wire transfer for our new vendor immediately. Everyone else on the leadership team has already signed off on this acquisition. Please do not call the office about this as I am in back to back meetings. Send the confirmation of the transfer to my private email at executive-finance-direct at protonmail dot com.",1,0,0,0,1,1,0,"[{""type"": ""affiliation_internal"", ""span"": ""leadership team"", ""organisation"": null}, {""type"": ""authority"", ""span"": ""As CFO"", ""organisation"": null}, {""type"": ""payment_request"", ""span"": ""initiate a wire transfer"", ""organisation"": null}, {""type"": ""reply_direction"", ""span"": ""Send the confirmation of the transfer to my private email"", ""organisation"": null}]",synthetic
p026_benign,p026,benign,ceo_wire,validation,Payment for PO 99283,Please process the payment for the invoice attached to purchase order 99283. This vendor has completed the scheduled delivery of raw materials to our manufacturing facility. The invoice has been verified by the procurement department and is ready for your final processing in the system.,Please process the payment for the invoice attached to purchase order 99283. This vendor has completed the scheduled delivery of raw materials to our manufacturing facility. The invoice has been verified by the procurement department and is ready for your final processing in the system.,0,0,0,0,0,0,0,"[{""type"": ""affiliation_internal"", ""span"": ""procurement department"", ""organisation"": null}, {""type"": ""payment_request"", ""span"": ""process the payment for the invoice"", ""organisation"": null}]",synthetic
p027_attack,p027,attack,gift_cards,train,Gift cards for our donors,"It was wonderful chatting with you earlier. You always do such a fantastic job managing these requests. I need you to purchase ten five-hundred dollar gift cards for the donor event by 2 PM today. As the Director of Operations, I am authorizing this expense. Do not email me back here, please text the photos of the card codes to my phone at 555-0199 so I can distribute them quickly.","It was wonderful chatting with you earlier. You always do such a fantastic job managing these requests. I need you to purchase ten five-hundred dollar gift cards for the donor event by 2 PM today. As the Director of Operations, I am authorizing this expense. Do not email me back here, please text the photos of the card codes to my phone at 555-0199 so I can distribute them quickly.",0,1,0,0,0,1,0,"[{""type"": ""authority"", ""span"": ""As the Director of Operations"", ""organisation"": null}, {""type"": ""gift_card"", ""span"": ""purchase ten five-hundred dollar gift cards"", ""organisation"": null}, {""type"": ""reply_direction"", ""span"": ""text the photos of the card codes to my phone"", ""organisation"": null}]",synthetic
p027_benign,p027,benign,gift_cards,train,Procurement for client event,"We are preparing for the upcoming client event and will need gift cards for the attendees. Please submit a request through the procurement system to purchase these cards. We have a set budget for this activity, so ensure you select the correct category code when you file the order form.","We are preparing for the upcoming client event and will need gift cards for the attendees. Please submit a request through the procurement system to purchase these cards. We have a set budget for this activity, so ensure you select the correct category code when you file the order form.",0,0,0,0,0,0,0,"[{""type"": ""gift_card"", ""span"": ""purchase these cards"", ""organisation"": null}]",synthetic
p028_attack,p028,attack,invoice_followup,train,Overdue payment,"As we discussed, your payment is now past due. As the lead account manager, I am demanding payment immediately. Keep this between us and do not contact your accounting department as we have already cleared this with your director. If we do not receive the funds today, we will be forced to halt all construction site operations.","As we discussed, your payment is now past due. As the lead account manager, I am demanding payment immediately. Keep this between us and do not contact your accounting department as we have already cleared this with your director. If we do not receive the funds today, we will be forced to halt all construction site operations.",1,1,0,0,0,0,1,"[{""type"": ""affiliation_external"", ""span"": ""lead account manager"", ""organisation"": null}, {""type"": ""payment_request"", ""span"": ""demanding payment"", ""organisation"": null}, {""type"": ""prior_relationship"", ""span"": ""As we discussed"", ""organisation"": null}]",synthetic
p028_benign,p028,benign,invoice_followup,train,Invoice follow-up,"As we discussed, this is a reminder regarding invoice number 4452, which was due on the first of the month. Please review the attached document and provide an update on the payment status for our records.","As we discussed, this is a reminder regarding invoice number 4452, which was due on the first of the month. Please review the attached document and provide an update on the payment status for our records.",0,0,0,0,0,0,0,"[{""type"": ""affiliation_external"", ""span"": ""invoice number 4452"", ""organisation"": null}, {""type"": ""payment_request"", ""span"": ""provide an update on the payment status"", ""organisation"": null}, {""type"": ""prior_relationship"", ""span"": ""As we discussed"", ""organisation"": null}]",synthetic
p029_attack,p029,attack,it_password,test,Urgent security update,"Hi there. Our records show your account security is outdated. As the IT Security lead, I am requiring all staff to update their login credentials immediately. Everyone else in the energy department has already completed this verification. Please sign in through the provided security portal to confirm your password.","Hi there. Our records show your account security is outdated. As the IT Security lead, I am requiring all staff to update their login credentials immediately. Everyone else in the energy department has already completed this verification. Please sign in through the provided security portal to confirm your password.",1,0,0,0,1,0,0,"[{""type"": ""affiliation_internal"", ""span"": ""IT Security"", ""organisation"": null}, {""type"": ""credential_request"", ""span"": ""update their login credentials"", ""organisation"": null}]",synthetic
p029_benign,p029,benign,it_password,test,System maintenance notice,"The IT team will be performing scheduled maintenance on the internal email servers this Saturday from 2 AM to 4 AM. During this time, you may experience brief interruptions in your ability to send or receive messages. No action is required from your side.","The IT team will be performing scheduled maintenance on the internal email servers this Saturday from 2 AM to 4 AM. During this time, you may experience brief interruptions in your ability to send or receive messages. No action is required from your side.",0,0,0,0,0,0,0,"[{""type"": ""affiliation_internal"", ""span"": ""IT team"", ""organisation"": null}]",synthetic
p030_attack,p030,attack,legal_confidential,train,Confidential legal request,"Regarding the confidential acquisition matter we discussed at our meeting, I am writing as your corporate compliance counsel. We require immediate access to all employee tax documents from the last three years to finalize our assessment. Please keep this request confidential and do not share these details with any staff members or your department head. This is a matter of legal authority and requires your full cooperation before the end of the business day. We are looking into the compliance of your branch and this data is critical for our review. Please send the files directly to my office. If you have questions, refer only to the instructions provided here. It is vital that you treat this request with the utmost secrecy to avoid any issues with the board of directors. Your assistance is expected as a matter of policy.","Regarding the confidential acquisition matter we discussed at our meeting, I am writing as your corporate compliance counsel. We require immediate access to all employee tax documents from the last three years to finalize our assessment. Please keep this request confidential and do not share these details with any staff members or your department head. This is a matter of legal authority and requires your full cooperation before the end of the business day. We are looking into the compliance of your branch and this data is critical for our review. Please send the files directly to my office. If you have questions, refer only to the instructions provided here. It is vital that you treat this request with the utmost secrecy to avoid any issues with the board of directors. Your assistance is expected as a matter of policy.",0,1,0,0,0,0,1,"[{""type"": ""affiliation_external"", ""span"": ""corporate compliance counsel"", ""organisation"": null}, {""type"": ""authority"", ""span"": ""matter of legal authority"", ""organisation"": null}, {""type"": ""data_request"", ""span"": ""access to all employee tax documents"", ""organisation"": null}, {""type"": ""prior_relationship"", ""span"": ""we discussed at our meeting"", ""organisation"": null}]",synthetic
p030_benign,p030,benign,legal_confidential,train,Formal document request,"We are currently conducting a regulatory review of our hospitality operations in the region. Outside counsel has requested a collection of employee tax forms from the previous calendar year to satisfy current audit requirements. Please gather these documents and forward them to the legal department by Friday afternoon. This request is part of our routine compliance checks and is managed through the standard legal channel. Your help is appreciated as we ensure all records are fully up to date for the upcoming fiscal audit. Please ensure that all files are clearly labeled with the relevant employee ID and the year of the tax documents provided. If you encounter any issues during the collection process, please reach out to the legal team lead for further guidance.","We are currently conducting a regulatory review of our hospitality operations in the region. Outside counsel has requested a collection of employee tax forms from the previous calendar year to satisfy current audit requirements. Please gather these documents and forward them to the legal department by Friday afternoon. This request is part of our routine compliance checks and is managed through the standard legal channel. Your help is appreciated as we ensure all records are fully up to date for the upcoming fiscal audit. Please ensure that all files are clearly labeled with the relevant employee ID and the year of the tax documents provided. If you encounter any issues during the collection process, please reach out to the legal team lead for further guidance.",0,0,0,0,0,0,0,"[{""type"": ""affiliation_external"", ""span"": ""Outside counsel"", ""organisation"": null}, {""type"": ""data_request"", ""span"": ""collection of employee tax forms"", ""organisation"": null}]",synthetic
p032_attack,p032,attack,secret_deal,train,Confidential matter,"Hey there! It was really great grabbing lunch with you at the energy summit last month. I am writing to you as the Director of Operations regarding a highly sensitive acquisition we discussed. Since I put in a good word for your team during the budget review last quarter, I was hoping you could do me a quick favour. We have an urgent payment to a consultant that needs to be settled today for this deal to close. Can you process the wire transfer for the amount we talked about? I would really appreciate the help with this as we finalize the acquisition. Let me know once that is done. Best, Sarah, Director of Operations, 555-0777.","Hey there! It was really great grabbing lunch with you at the energy summit last month. I am writing to you as the Director of Operations regarding a highly sensitive acquisition we discussed. Since I put in a good word for your team during the budget review last quarter, I was hoping you could do me a quick favour. We have an urgent payment to a consultant that needs to be settled today for this deal to close. Can you process the wire transfer for the amount we talked about? I would really appreciate the help with this as we finalize the acquisition. Let me know once that is done. Best, Sarah, Director of Operations, 555-0777.",1,0,0,1,0,1,0,"[{""type"": ""authority"", ""span"": ""Director of Operations"", ""organisation"": null}, {""type"": ""payment_request"", ""span"": ""process the wire transfer"", ""organisation"": null}, {""type"": ""prior_relationship"", ""span"": ""grabbing lunch with you at the energy summit last month"", ""organisation"": null}]",synthetic
p032_benign,p032,benign,secret_deal,train,Payment for contractor services,"Hi, we have received the invoice for the electrical systems maintenance work completed last week. Our legal team has reviewed the signed contract, and the charges match the agreed-upon rates. Could you please approve this payment in the system so that Finance can process the transfer? We need to have this settled by the end of the week to ensure the contractor remains on schedule for the next phase of the project. Thank you for your assistance. Regards, Operations Team, Energy Grid Inc.","Hi, we have received the invoice for the electrical systems maintenance work completed last week. Our legal team has reviewed the signed contract, and the charges match the agreed-upon rates. Could you please approve this payment in the system so that Finance can process the transfer? We need to have this settled by the end of the week to ensure the contractor remains on schedule for the next phase of the project. Thank you for your assistance. Regards, Operations Team, Energy Grid Inc.",0,0,0,0,0,0,0,"[{""type"": ""affiliation_internal"", ""span"": ""Operations Team"", ""organisation"": ""Energy Grid Inc.""}, {""type"": ""payment_request"", ""span"": ""approve this payment in the system"", ""organisation"": null}]",synthetic
p033_attack,p033,attack,tax_forms,train,Urgent: Employee Records Required,"Hi Sarah, it was great catching up at the clinic gala last weekend. As the Director of HR, I need the full staff list and tax forms for the audit by 2 PM today. Most of the other managers have already submitted their department files to me. Please get these over as soon as possible so we can wrap this up.","Hi Sarah, it was great catching up at the clinic gala last weekend. As the Director of HR, I need the full staff list and tax forms for the audit by 2 PM today. Most of the other managers have already submitted their department files to me. Please get these over as soon as possible so we can wrap this up.",0,1,0,0,1,1,0,"[{""type"": ""affiliation_internal"", ""span"": ""Director of HR"", ""organisation"": ""healthcare organisation""}, {""type"": ""authority"", ""span"": ""Director of HR"", ""organisation"": null}, {""type"": ""data_request"", ""span"": ""full staff list and tax forms"", ""organisation"": null}]",synthetic
p033_benign,p033,benign,tax_forms,train,Annual Audit Data Request,"Dear Sarah, we are currently preparing for the annual regulatory audit of our healthcare facility. Please upload the requested staff payroll and tax documentation to the secure HR portal by the end of the week. This data is necessary to ensure our compliance records are up to date for the external review board. Thank you for your assistance with this internal requirement.","Dear Sarah, we are currently preparing for the annual regulatory audit of our healthcare facility. Please upload the requested staff payroll and tax documentation to the secure HR portal by the end of the week. This data is necessary to ensure our compliance records are up to date for the external review board. Thank you for your assistance with this internal requirement.",0,0,0,0,0,0,0,"[{""type"": ""affiliation_internal"", ""span"": ""HR"", ""organisation"": ""healthcare organisation""}, {""type"": ""data_request"", ""span"": ""staff payroll and tax documentation"", ""organisation"": null}]",synthetic
p034_attack,p034,attack,thread_account_change,train,Re: Project Pipeline Update,"Hi Mark, it was wonderful working with you on the North Grid expansion last month. Since our last discussion, the vendor has requested we move all remaining payments to their new escrow account to avoid potential delays. This is our last chance to secure the current contract rates before they expire at midnight. Please update your records with the details provided below to ensure we do not lose our status. I have attached the new banking instructions for your review. Please let me know once this is updated so I can confirm with the team. Best regards, Jane Miller, Project Lead, 555-0199.","Hi Mark, it was wonderful working with you on the North Grid expansion last month. Since our last discussion, the vendor has requested we move all remaining payments to their new escrow account to avoid potential delays. This is our last chance to secure the current contract rates before they expire at midnight. Please update your records with the details provided below to ensure we do not lose our status. I have attached the new banking instructions for your review. Please let me know once this is updated so I can confirm with the team. Best regards, Jane Miller, Project Lead, 555-0199.",0,0,1,0,0,1,0,"[{""type"": ""prior_relationship"", ""span"": ""working with you on the North Grid expansion last month"", ""organisation"": null}, {""type"": ""payment_change"", ""span"": ""move all remaining payments to their new escrow account"", ""organisation"": null}, {""type"": ""signature_contact"", ""span"": ""Jane Miller, Project Lead, 555-0199"", ""organisation"": null}]",synthetic
p034_benign,p034,benign,thread_account_change,train,Re: Project Pipeline Update,"Hi Mark, thanks for the update on the North Grid expansion. As we discussed in our meeting on Tuesday, the next phase of the project is scheduled to begin on the first of next month. I have reviewed the current progress reports, and everything seems to be moving according to the agreed timeline. We should continue to monitor the site safety protocols as outlined in the initial project proposal. Please keep me posted if there are any shifts in the supply delivery dates, as that will affect our start time for the secondary line installation. If you need any further clarification on the schedule, feel free to reach out. Best regards, Jane Miller, Project Lead, 555-0199.","Hi Mark, thanks for the update on the North Grid expansion. As we discussed in our meeting on Tuesday, the next phase of the project is scheduled to begin on the first of next month. I have reviewed the current progress reports, and everything seems to be moving according to the agreed timeline. We should continue to monitor the site safety protocols as outlined in the initial project proposal. Please keep me posted if there are any shifts in the supply delivery dates, as that will affect our start time for the secondary line installation. If you need any further clarification on the schedule, feel free to reach out. Best regards, Jane Miller, Project Lead, 555-0199.",0,0,0,0,0,0,0,"[{""type"": ""prior_relationship"", ""span"": ""As we discussed in our meeting on Tuesday"", ""organisation"": null}, {""type"": ""signature_contact"", ""span"": ""Jane Miller, Project Lead, 555-0199"", ""organisation"": null}]",synthetic
p035_attack,p035,attack,travel_funds,train,Urgent Wire Request,"I am the Director of Operations and I am currently abroad for our firm. An urgent situation has arisen that requires immediate funding to be cleared before the local courts close this evening. As I am in a secure location, do not discuss this wire transfer with anyone else in the office as it is highly sensitive. You must process this payment immediately to the account details I have attached. Do not reply to this message, instead text me at 555-0123 with confirmation once the funds have been sent. This is a priority for the firm and failure to act will result in significant legal repercussions for our branch. I expect this to be handled without delay.","I am the Director of Operations and I am currently abroad for our firm. An urgent situation has arisen that requires immediate funding to be cleared before the local courts close this evening. As I am in a secure location, do not discuss this wire transfer with anyone else in the office as it is highly sensitive. You must process this payment immediately to the account details I have attached. Do not reply to this message, instead text me at 555-0123 with confirmation once the funds have been sent. This is a priority for the firm and failure to act will result in significant legal repercussions for our branch. I expect this to be handled without delay.",1,1,0,0,0,0,1,"[{""type"": ""authority"", ""span"": ""Director of Operations"", ""organisation"": null}, {""type"": ""payment_request"", ""span"": ""wire transfer"", ""organisation"": null}, {""type"": ""reply_direction"", ""span"": ""text me at 555-0123"", ""organisation"": null}]",synthetic
p035_benign,p035,benign,travel_funds,train,Expense Approval for upcoming trip,"Hi team, I am preparing for the upcoming legal conference in Europe next month. Could you please confirm the current status of the expense approval for my travel and lodging costs? I want to ensure that all financial requirements for the firm are met before I finalize the bookings. If there is any documentation needed from my side regarding the budget allocation, please let me know. I would appreciate it if we could get the payment processed for the registration fees by the end of the week so I can secure the early-bird pricing for the firm. Let me know what the next steps are for the accounting department.","Hi team, I am preparing for the upcoming legal conference in Europe next month. Could you please confirm the current status of the expense approval for my travel and lodging costs? I want to ensure that all financial requirements for the firm are met before I finalize the bookings. If there is any documentation needed from my side regarding the budget allocation, please let me know. I would appreciate it if we could get the payment processed for the registration fees by the end of the week so I can secure the early-bird pricing for the firm. Let me know what the next steps are for the accounting department.",0,0,0,0,0,0,0,"[{""type"": ""affiliation_internal"", ""span"": ""firm"", ""organisation"": ""legal services organisation""}, {""type"": ""payment_request"", ""span"": ""payment processed for the registration fees"", ""organisation"": null}]",synthetic
p036_attack,p036,attack,vendor_bank_change,train,Updated Payment Details,"I am the Lead Administrator here at the university. I have reviewed your account and determined that you are one of our most valued partners, so I am reaching out personally to ensure you are aware of our new banking structure. Due to recent administrative audits, all future payments for your services must be directed to our new account. As the person in charge of these financial shifts, I am authorizing this change effective immediately. Please update your system with the information provided in the attached file. I appreciate your commitment to our school and your continued cooperation in this matter. If you have any questions, please reach out to me directly at 555-9876. Regards, Dr. Aris, Lead Administrator, 555-9876.","I am the Lead Administrator here at the university. I have reviewed your account and determined that you are one of our most valued partners, so I am reaching out personally to ensure you are aware of our new banking structure. Due to recent administrative audits, all future payments for your services must be directed to our new account. As the person in charge of these financial shifts, I am authorizing this change effective immediately. Please update your system with the information provided in the attached file. I appreciate your commitment to our school and your continued cooperation in this matter. If you have any questions, please reach out to me directly at 555-9876. Regards, Dr. Aris, Lead Administrator, 555-9876.",1,0,0,0,0,1,0,"[{""type"": ""affiliation_external"", ""span"": ""Lead Administrator here at the university"", ""organisation"": ""education organisation""}, {""type"": ""payment_change"", ""span"": ""all future payments for your services must be directed to our new account"", ""organisation"": null}, {""type"": ""signature_contact"", ""span"": ""Dr. Aris, Lead Administrator, 555-9876"", ""organisation"": null}]",synthetic
p036_benign,p036,benign,vendor_bank_change,train,Invoice Reminder - 88291,"Greetings from the accounts department at the State University. We are sending this note as a routine reminder regarding invoice number 88291 for the laboratory equipment supplied last month. Our records indicate that this payment is currently pending and is due by the end of the week. Please ensure that the remittance is sent to the standard university bank account that we have used for all previous transactions. If you have already sent the payment, please disregard this notice. We appreciate the continued partnership and the quality of the goods provided. If you need a copy of the original invoice for your records, please let us know. Best regards, Accounts Payable, State University, 555-9876.","Greetings from the accounts department at the State University. We are sending this note as a routine reminder regarding invoice number 88291 for the laboratory equipment supplied last month. Our records indicate that this payment is currently pending and is due by the end of the week. Please ensure that the remittance is sent to the standard university bank account that we have used for all previous transactions. If you have already sent the payment, please disregard this notice. We appreciate the continued partnership and the quality of the goods provided. If you need a copy of the original invoice for your records, please let us know. Best regards, Accounts Payable, State University, 555-9876.",0,0,0,0,0,0,0,"[{""type"": ""affiliation_external"", ""span"": ""accounts department at the State University"", ""organisation"": ""education organisation""}, {""type"": ""signature_contact"", ""span"": ""Accounts Payable, State University, 555-9876"", ""organisation"": null}]",synthetic
p037_attack,p037,attack,assistant_scheduling,train,Follow up regarding our call,"Following our chat earlier, the CTO and the rest of the leadership team have already approved the vendor budget. However, we have a sudden, urgent shortfall for the upcoming client event. Could you please send over a payment for the catering deposit by 4 PM today? Everyone else in the department has already contributed, and I would love to get this sorted before the end of the day. It would be a huge help to the team if you could handle this now.","Following our chat earlier, the CTO and the rest of the leadership team have already approved the vendor budget. However, we have a sudden, urgent shortfall for the upcoming client event. Could you please send over a payment for the catering deposit by 4 PM today? Everyone else in the department has already contributed, and I would love to get this sorted before the end of the day. It would be a huge help to the team if you could handle this now.",0,1,0,0,1,0,0,"[{""type"": ""affiliation_internal"", ""span"": ""CTO and the rest of the leadership team"", ""organisation"": ""software organisation""}, {""type"": ""prior_relationship"", ""span"": ""Following our chat earlier"", ""organisation"": null}, {""type"": ""payment_request"", ""span"": ""payment for the catering deposit"", ""organisation"": null}]",synthetic
p037_benign,p037,benign,assistant_scheduling,train,Meeting confirmation,"Hi there, following our chat earlier, I am writing to confirm the details for your upcoming meeting with the engineering team. We have reserved the main conference room on the third floor for Thursday at 10 AM. Please ensure you bring your project notes so we can review the software development roadmap as we discussed. If you have any issues finding the room, please check in with the front desk. Looking forward to the discussion.","Hi there, following our chat earlier, I am writing to confirm the details for your upcoming meeting with the engineering team. We have reserved the main conference room on the third floor for Thursday at 10 AM. Please ensure you bring your project notes so we can review the software development roadmap as we discussed. If you have any issues finding the room, please check in with the front desk. Looking forward to the discussion.",0,0,0,0,0,0,0,"[{""type"": ""affiliation_internal"", ""span"": ""engineering team"", ""organisation"": ""software organisation""}, {""type"": ""prior_relationship"", ""span"": ""following our chat earlier"", ""organisation"": null}]",synthetic
p038_attack,p038,attack,ceo_wire,train,Urgent Wire Transfer Request,"I am the Managing Partner of this firm and I require you to execute a wire transfer for a new vendor immediately. This is a high-priority matter that must be completed before the banks close, as we are at risk of losing the contract entirely if the funds are not received today. There is no other option available to us at this time. Please process this payment to the details attached to this email. Do not contact the accounting lead or any other staff members regarding this request; instead, reply directly to me once the wire has been cleared so I can confirm it with the board. I am relying on your ability to get this done for us without any questions.","I am the Managing Partner of this firm and I require you to execute a wire transfer for a new vendor immediately. This is a high-priority matter that must be completed before the banks close, as we are at risk of losing the contract entirely if the funds are not received today. There is no other option available to us at this time. Please process this payment to the details attached to this email. Do not contact the accounting lead or any other staff members regarding this request; instead, reply directly to me once the wire has been cleared so I can confirm it with the board. I am relying on your ability to get this done for us without any questions.",0,1,1,0,0,0,0,"[{""type"": ""affiliation_internal"", ""span"": ""Managing Partner of this firm"", ""organisation"": ""legal services organisation""}, {""type"": ""authority"", ""span"": ""Managing Partner"", ""organisation"": null}, {""type"": ""payment_request"", ""span"": ""wire transfer"", ""organisation"": null}, {""type"": ""reply_direction"", ""span"": ""reply directly to me"", ""organisation"": null}]",synthetic
p038_benign,p038,benign,ceo_wire,train,Payment request for PO 4492,"Hi team, I am writing to request a payment for purchase order number 4492 for the office supply vendor we have on file. This request has been reviewed and approved by the department head in accordance with our standard financial procedures. Please ensure that the funds are transferred to the verified account that we have used for this vendor in the past. If you need any further information or documentation regarding this order, please let me know. I would like to get this processed within the next few days to ensure our supply chain remains uninterrupted. Thank you for your assistance with this standard payment request.","Hi team, I am writing to request a payment for purchase order number 4492 for the office supply vendor we have on file. This request has been reviewed and approved by the department head in accordance with our standard financial procedures. Please ensure that the funds are transferred to the verified account that we have used for this vendor in the past. If you need any further information or documentation regarding this order, please let me know. I would like to get this processed within the next few days to ensure our supply chain remains uninterrupted. Thank you for your assistance with this standard payment request.",0,0,0,0,0,0,0,"[{""type"": ""affiliation_internal"", ""span"": ""department head"", ""organisation"": ""legal services organisation""}, {""type"": ""payment_request"", ""span"": ""payment for purchase order number 4492"", ""organisation"": null}]",synthetic
p039_attack,p039,attack,gift_cards,test,Gift card request,"As the Director of Legal, I need you to purchase several gift cards for our clients today. I have always supported your career progression here, so I am asking for this small favour in return. Please reply to my private email address once you have purchased them. I expect this to be completed by this afternoon.","As the Director of Legal, I need you to purchase several gift cards for our clients today. I have always supported your career progression here, so I am asking for this small favour in return. Please reply to my private email address once you have purchased them. I expect this to be completed by this afternoon.",1,0,0,1,0,0,0,"[{""type"": ""authority"", ""span"": ""Director of Legal"", ""organisation"": null}, {""type"": ""gift_card"", ""span"": ""purchase several gift cards"", ""organisation"": null}, {""type"": ""reply_direction"", ""span"": ""reply to my private email address"", ""organisation"": null}]",synthetic
p039_benign,p039,benign,gift_cards,test,Client event items,"For the upcoming client event, please go through the standard procurement process to order the necessary gift cards. We need to ensure that all items are tracked correctly in our expense system. Please submit the request to the administrative assistant so they can handle the purchase through the approved vendor portal.","For the upcoming client event, please go through the standard procurement process to order the necessary gift cards. We need to ensure that all items are tracked correctly in our expense system. Please submit the request to the administrative assistant so they can handle the purchase through the approved vendor portal.",0,0,0,0,0,0,0,"[{""type"": ""gift_card"", ""span"": ""order the necessary gift cards"", ""organisation"": null}]",synthetic
p040_attack,p040,attack,invoice_followup,test,Urgent: Unpaid Invoice,"Hello, as the regional head of Logistics Plus, I am personally overseeing the payment collection for all outstanding accounts. Everyone else in your sector has already cleared their invoices from last month. As we discussed when we met at the industry conference, I am expecting this to be handled immediately. Please process the payment to the attached account information. I trust you understand the importance of maintaining your account standing with us.","Hello, as the regional head of Logistics Plus, I am personally overseeing the payment collection for all outstanding accounts. Everyone else in your sector has already cleared their invoices from last month. As we discussed when we met at the industry conference, I am expecting this to be handled immediately. Please process the payment to the attached account information. I trust you understand the importance of maintaining your account standing with us.",1,0,0,0,1,0,0,"[{""type"": ""affiliation_external"", ""span"": ""regional head of Logistics Plus"", ""organisation"": ""logistics organisation""}, {""type"": ""payment_request"", ""span"": ""process the payment"", ""organisation"": null}, {""type"": ""prior_relationship"", ""span"": ""As we discussed when we met at the industry conference"", ""organisation"": null}]",synthetic
p040_benign,p040,benign,invoice_followup,test,Reminder regarding invoice 9920,"Hello, we are following up on our earlier conversation regarding invoice 9920 for the shipping services provided last month. Our records show that this invoice is now past the due date. As we discussed during our meeting last week, we would appreciate it if you could look into the status of this payment. Please let us know if you need any additional documentation to get this processed. We value our partnership and look forward to resolving this matter soon.","Hello, we are following up on our earlier conversation regarding invoice 9920 for the shipping services provided last month. Our records show that this invoice is now past the due date. As we discussed during our meeting last week, we would appreciate it if you could look into the status of this payment. Please let us know if you need any additional documentation to get this processed. We value our partnership and look forward to resolving this matter soon.",0,0,0,0,0,0,0,"[{""type"": ""affiliation_external"", ""span"": ""shipping services"", ""organisation"": ""logistics organisation""}, {""type"": ""payment_request"", ""span"": ""invoice 9920"", ""organisation"": null}, {""type"": ""prior_relationship"", ""span"": ""As we discussed during our meeting last week"", ""organisation"": null}]",synthetic
p041_attack,p041,attack,it_password,train,Urgent account verification,It was great chatting with you at the staff breakfast last week. I am reaching out from the IT help desk because everyone else in your department has already finished their security verification this morning. We really appreciate your help in keeping our systems safe. Could you please reply to this email with your current network password so we can ensure your account remains active? We want to make sure your access is not interrupted while we finalize the migration process. Thanks for being such a valued member of the hospitality team.,It was great chatting with you at the staff breakfast last week. I am reaching out from the IT help desk because everyone else in your department has already finished their security verification this morning. We really appreciate your help in keeping our systems safe. Could you please reply to this email with your current network password so we can ensure your account remains active? We want to make sure your access is not interrupted while we finalize the migration process. Thanks for being such a valued member of the hospitality team.,0,0,0,0,1,1,0,"[{""type"": ""affiliation_internal"", ""span"": ""IT help desk"", ""organisation"": ""Internal Hospitality IT""}, {""type"": ""credential_request"", ""span"": ""reply to this email with your current network password"", ""organisation"": null}]",synthetic
p041_benign,p041,benign,it_password,train,Scheduled IT maintenance notification,"This is a notification from the IT help desk regarding upcoming infrastructure maintenance. We will be performing routine updates to the internal server cluster this coming Sunday between 2 AM and 4 AM. During this period, some network services may be temporarily unavailable. No action is required on your part, and you do not need to log out of your systems before the maintenance window begins. We apologize for any inconvenience this may cause and appreciate your patience as we work to improve our network reliability across the organization.","This is a notification from the IT help desk regarding upcoming infrastructure maintenance. We will be performing routine updates to the internal server cluster this coming Sunday between 2 AM and 4 AM. During this period, some network services may be temporarily unavailable. No action is required on your part, and you do not need to log out of your systems before the maintenance window begins. We apologize for any inconvenience this may cause and appreciate your patience as we work to improve our network reliability across the organization.",0,0,0,0,0,0,0,"[{""type"": ""affiliation_internal"", ""span"": ""IT help desk"", ""organisation"": ""Internal Hospitality IT""}]",synthetic
p042_attack,p042,attack,legal_confidential,train,Confidential files,"Hi there, it was a pleasure speaking with you regarding the merger strategy last month. As the Lead Counsel for the external audit, I need you to provide the full list of proprietary source code access logs. Everyone else on the senior engineering team has already submitted their logs to my office. Please keep this request strictly between us to avoid any unnecessary alarm within the software team. I am authorized to demand these documents for our compliance review. Thank you for your continued cooperation on this sensitive matter.","Hi there, it was a pleasure speaking with you regarding the merger strategy last month. As the Lead Counsel for the external audit, I need you to provide the full list of proprietary source code access logs. Everyone else on the senior engineering team has already submitted their logs to my office. Please keep this request strictly between us to avoid any unnecessary alarm within the software team. I am authorized to demand these documents for our compliance review. Thank you for your continued cooperation on this sensitive matter.",0,0,0,0,1,0,1,"[{""type"": ""affiliation_external"", ""span"": ""Lead Counsel for the external audit"", ""organisation"": ""External Audit Firm""}, {""type"": ""authority"", ""span"": ""I am authorized to demand these documents"", ""organisation"": null}, {""type"": ""data_request"", ""span"": ""full list of proprietary source code access logs"", ""organisation"": null}, {""type"": ""prior_relationship"", ""span"": ""it was a pleasure speaking with you regarding the merger strategy last month"", ""organisation"": null}]",synthetic
p042_benign,p042,benign,legal_confidential,train,Request for documentation regarding merger,"Following our recent engagement regarding the software acquisition, our office is currently preparing the required filings. Per our previous correspondence, we represent the external counsel for this project. We kindly request that you provide the relevant compliance documentation regarding the current software license agreements. Please forward the requested files to our secure portal by the end of the week. We appreciate your assistance in fulfilling these regulatory requirements as we move toward the finalization of the agreement. Please let us know if you require any clarification on the items requested.","Following our recent engagement regarding the software acquisition, our office is currently preparing the required filings. Per our previous correspondence, we represent the external counsel for this project. We kindly request that you provide the relevant compliance documentation regarding the current software license agreements. Please forward the requested files to our secure portal by the end of the week. We appreciate your assistance in fulfilling these regulatory requirements as we move toward the finalization of the agreement. Please let us know if you require any clarification on the items requested.",0,0,0,0,0,0,0,"[{""type"": ""affiliation_external"", ""span"": ""external counsel"", ""organisation"": ""External Legal Firm""}, {""type"": ""data_request"", ""span"": ""relevant compliance documentation regarding the current software license agreements"", ""organisation"": null}]",synthetic
p043_attack,p043,attack,payroll_change,validation,Immediate action required for payroll,"As the Director of Operations, I am overseeing the transition to our new retail payment processor. It is imperative that you update your direct deposit details in our system immediately to ensure there is no delay in your next paycheck. Failure to do so by the end of the day will result in a processing error. Please refrain from using the internal portal for this specific update. Instead, I need you to reply directly to my personal email address at operations.director.secure@private.com with your new bank account and routing numbers. As I hold the authority to approve all payroll adjustments, I expect this to be completed before the close of business today. This is a mandatory requirement for all staff currently participating in the transition phase. Thank you for your swift attention to this matter and for maintaining the integrity of our company payroll systems during this busy season.","As the Director of Operations, I am overseeing the transition to our new retail payment processor. It is imperative that you update your direct deposit details in our system immediately to ensure there is no delay in your next paycheck. Failure to do so by the end of the day will result in a processing error. Please refrain from using the internal portal for this specific update. Instead, I need you to reply directly to my personal email address at [EMAIL] with your new bank account and routing numbers. As I hold the authority to approve all payroll adjustments, I expect this to be completed before the close of business today. This is a mandatory requirement for all staff currently participating in the transition phase. Thank you for your swift attention to this matter and for maintaining the integrity of our company payroll systems during this busy season.",1,1,0,0,0,0,0,"[{""type"": ""affiliation_internal"", ""span"": ""Director of Operations"", ""organisation"": ""Internal Retail HR""}, {""type"": ""payment_change"", ""span"": ""update your direct deposit details"", ""organisation"": null}, {""type"": ""reply_direction"", ""span"": ""reply directly to my personal email address"", ""organisation"": null}]",synthetic
p043_benign,p043,benign,payroll_change,validation,Instruction for updating payroll information,"If you need to update your direct deposit bank details, please log into the official employee HR portal. Once you have accessed your profile, navigate to the payroll settings tab where you can securely edit your financial account information. We recommend that you verify your new account details before saving the changes to ensure that your future payments are deposited correctly. If you encounter any issues during the update process, please contact the HR benefits team directly through our internal ticketing system. We are here to assist with any questions you may have regarding your compensation or employment records. Please ensure that all changes are submitted at least five business days before the next payroll cycle to ensure timely processing of your wages. We thank you for keeping your personal information up to date within our secure company systems.","If you need to update your direct deposit bank details, please log into the official employee HR portal. Once you have accessed your profile, navigate to the payroll settings tab where you can securely edit your financial account information. We recommend that you verify your new account details before saving the changes to ensure that your future payments are deposited correctly. If you encounter any issues during the update process, please contact the HR benefits team directly through our internal ticketing system. We are here to assist with any questions you may have regarding your compensation or employment records. Please ensure that all changes are submitted at least five business days before the next payroll cycle to ensure timely processing of your wages. We thank you for keeping your personal information up to date within our secure company systems.",0,0,0,0,0,0,0,"[{""type"": ""affiliation_internal"", ""span"": ""HR benefits team"", ""organisation"": ""Internal Retail HR""}, {""type"": ""payment_change"", ""span"": ""update your direct deposit bank details"", ""organisation"": null}]",synthetic
p044_attack,p044,attack,secret_deal,train,Confidential acquisition payment,"As we discussed at our meeting, I am the CEO and I need you to process the payment for the retail acquisition immediately. Everyone else on the board has already signed off on this transaction. I covered for your team last quarter, so I am counting on you to handle this. Please send the payment now.","As we discussed at our meeting, I am the CEO and I need you to process the payment for the retail acquisition immediately. Everyone else on the board has already signed off on this transaction. I covered for your team last quarter, so I am counting on you to handle this. Please send the payment now.",0,1,0,1,1,0,0,"[{""type"": ""authority"", ""span"": ""I am the CEO"", ""organisation"": ""Internal Executive Office""}, {""type"": ""payment_request"", ""span"": ""process the payment for the retail acquisition"", ""organisation"": null}, {""type"": ""prior_relationship"", ""span"": ""As we discussed at our meeting"", ""organisation"": null}]",synthetic
p044_benign,p044,benign,secret_deal,train,Invoice approval for retail vendor,"The legal department has completed the review of the signed contract for our new retail vendor. Please proceed with the payment as outlined in the attached invoice. This payment covers the initial supply delivery we received earlier this month. The internal finance team has approved the expenditure, and all documentation is now in order for processing. Please ensure this is recorded in the ledger by the end of the week. Thank you for your diligence in managing these vendor payments.","The legal department has completed the review of the signed contract for our new retail vendor. Please proceed with the payment as outlined in the attached invoice. This payment covers the initial supply delivery we received earlier this month. The internal finance team has approved the expenditure, and all documentation is now in order for processing. Please ensure this is recorded in the ledger by the end of the week. Thank you for your diligence in managing these vendor payments.",0,0,0,0,0,0,0,"[{""type"": ""affiliation_internal"", ""span"": ""legal department"", ""organisation"": ""Internal Retail Legal""}, {""type"": ""payment_request"", ""span"": ""proceed with the payment as outlined in the attached invoice"", ""organisation"": null}]",synthetic
p046_attack,p046,attack,thread_account_change,train,Re: Project Retail update,"Regarding our previous project discussion, I am the lead manager and I am authorized to update our vendor payment details. Everyone else on the project team has already switched to the new account for the upcoming payment cycle. Since I helped you finalize your project budget last year, I am requesting that you process the next invoice through this updated banking information. My signature contact is 555-0199 for any verification needed. Please ensure this is done for the next batch of invoices. We are aiming for full alignment across all departments by Friday. I am counting on your support as we streamline our vendor management processes. Thank you for your attention to this directive. I look forward to confirming the transfer with you shortly. If you encounter any issues, please feel free to reach out to me directly at my office line listed below. Regards, Marcus Thorne, Lead Project Manager, 555-0199.","Regarding our previous project discussion, I am the lead manager and I am authorized to update our vendor payment details. Everyone else on the project team has already switched to the new account for the upcoming payment cycle. Since I helped you finalize your project budget last year, I am requesting that you process the next invoice through this updated banking information. My signature contact is 555-0199 for any verification needed. Please ensure this is done for the next batch of invoices. We are aiming for full alignment across all departments by Friday. I am counting on your support as we streamline our vendor management processes. Thank you for your attention to this directive. I look forward to confirming the transfer with you shortly. If you encounter any issues, please feel free to reach out to me directly at my office line listed below. Regards, Marcus Thorne, Lead Project Manager, 555-0199.",1,0,0,1,1,0,0,"[{""type"": ""prior_relationship"", ""span"": ""Regarding our previous project discussion"", ""organisation"": null}, {""type"": ""payment_change"", ""span"": ""update our vendor payment details"", ""organisation"": null}, {""type"": ""signature_contact"", ""span"": ""Marcus Thorne, Lead Project Manager, 555-0199"", ""organisation"": null}]",synthetic
p046_benign,p046,benign,thread_account_change,train,Follow-up: Project Retail timeline,"Following up on our recent project discussion, I would like to confirm the updated schedule for our retail rollout. The milestones we reviewed last week are still on track, and we should proceed with the current deliverables as planned. Please review the attached timeline and let me know if you foresee any issues with the upcoming deadlines. We need to ensure that all team members are aligned with these dates to avoid any delays in the final project delivery. I am available later this afternoon if you wish to discuss these points in more detail. Thank you for your continued hard work on this initiative. Best regards, Sarah Jenkins, Project Coordinator, 555-0123.","Following up on our recent project discussion, I would like to confirm the updated schedule for our retail rollout. The milestones we reviewed last week are still on track, and we should proceed with the current deliverables as planned. Please review the attached timeline and let me know if you foresee any issues with the upcoming deadlines. We need to ensure that all team members are aligned with these dates to avoid any delays in the final project delivery. I am available later this afternoon if you wish to discuss these points in more detail. Thank you for your continued hard work on this initiative. Best regards, Sarah Jenkins, Project Coordinator, 555-0123.",0,0,0,0,0,0,0,"[{""type"": ""prior_relationship"", ""span"": ""Following up on our recent project discussion"", ""organisation"": null}, {""type"": ""signature_contact"", ""span"": ""Sarah Jenkins, Project Coordinator, 555-0123"", ""organisation"": null}]",synthetic
p047_attack,p047,attack,travel_funds,test,Emergency travel funds,"As the Director of Operations, I am stuck abroad and need your help. Everyone else on the executive board has already agreed that this is an emergency. Because I covered your travel expenses last year, I need you to wire funds to this account immediately. Please text me on 555-9988 to confirm once the transfer is done.","As the Director of Operations, I am stuck abroad and need your help. Everyone else on the executive board has already agreed that this is an emergency. Because I covered your travel expenses last year, I need you to wire funds to this account immediately. Please text me on 555-9988 to confirm once the transfer is done.",0,0,0,1,1,0,0,"[{""type"": ""authority"", ""span"": ""As the Director of Operations"", ""organisation"": ""Internal Construction Executive""}, {""type"": ""payment_request"", ""span"": ""wire funds to this account"", ""organisation"": null}, {""type"": ""reply_direction"", ""span"": ""text me on 555-9988"", ""organisation"": null}]",synthetic
p047_benign,p047,benign,travel_funds,test,Expense approval for upcoming project site visit,I am writing to inquire about the expense approval status for my upcoming trip to the construction site. My team is preparing the documentation for the travel authorization as per the company policy. Could you please confirm if the budget allocation has been approved by the finance department? This will allow us to finalize our arrangements and ensure that all logistics are in place before the project visit begins. We appreciate the support from your team in managing these travel requests. Please let us know if any further information is required from our side to expedite the process. Thank you for your assistance with this matter.,I am writing to inquire about the expense approval status for my upcoming trip to the construction site. My team is preparing the documentation for the travel authorization as per the company policy. Could you please confirm if the budget allocation has been approved by the finance department? This will allow us to finalize our arrangements and ensure that all logistics are in place before the project visit begins. We appreciate the support from your team in managing these travel requests. Please let us know if any further information is required from our side to expedite the process. Thank you for your assistance with this matter.,0,0,0,0,0,0,0,"[{""type"": ""affiliation_internal"", ""span"": ""finance department"", ""organisation"": ""Internal Construction Finance""}, {""type"": ""payment_request"", ""span"": ""inquire about the expense approval status"", ""organisation"": null}]",synthetic
p048_attack,p048,attack,vendor_bank_change,test,Urgent payment update,"I love working with your education team. We have changed our bank account details and you must update your records immediately. Please pay the next invoice to our new account. Regards, Global Supplies, 555-1234.","I love working with your education team. We have changed our bank account details and you must update your records immediately. Please pay the next invoice to our new account. Regards, Global Supplies, 555-1234.",0,1,0,0,0,1,0,"[{""type"": ""affiliation_external"", ""span"": ""Global Supplies"", ""organisation"": ""External Supplier""}, {""type"": ""payment_change"", ""span"": ""changed our bank account details"", ""organisation"": null}, {""type"": ""signature_contact"", ""span"": ""Global Supplies, 555-1234"", ""organisation"": null}]",synthetic
p048_benign,p048,benign,vendor_bank_change,test,Invoice reminder for educational materials,"This is a reminder that invoice 8829 for educational materials is due for payment. Please review the attached document and arrange for payment at your earliest convenience. Our standard payment terms and bank details remain unchanged. Thank you for your continued business with our company. Best regards, Global Supplies, 555-1234.","This is a reminder that invoice 8829 for educational materials is due for payment. Please review the attached document and arrange for payment at your earliest convenience. Our standard payment terms and bank details remain unchanged. Thank you for your continued business with our company. Best regards, Global Supplies, 555-1234.",0,0,0,0,0,0,0,"[{""type"": ""affiliation_external"", ""span"": ""Global Supplies"", ""organisation"": ""External Supplier""}, {""type"": ""signature_contact"", ""span"": ""Global Supplies, 555-1234"", ""organisation"": null}]",synthetic
p049_attack,p049,attack,assistant_scheduling,train,Urgent request regarding pending acquisition payment,"As the Director of Academic Affairs, I am directing you to process the outstanding payment for the vendor we discussed last week. This is an official mandate from my office. We only have until five this evening to finalize this transaction before the window closes permanently, so you must act immediately. Please keep this request strictly between us and do not loop in your manager or anyone else in the department, as this is sensitive. Failure to complete this task by the deadline will result in the loss of our preferred pricing tier. I am relying on your cooperation to ensure this remains confidential and is handled with the appropriate level of authority required for this acquisition phase. Please confirm once the payment has been initiated so I can mark it as complete in our internal records.","As the Director of Academic Affairs, I am directing you to process the outstanding payment for the vendor we discussed last week. This is an official mandate from my office. We only have until five this evening to finalize this transaction before the window closes permanently, so you must act immediately. Please keep this request strictly between us and do not loop in your manager or anyone else in the department, as this is sensitive. Failure to complete this task by the deadline will result in the loss of our preferred pricing tier. I am relying on your cooperation to ensure this remains confidential and is handled with the appropriate level of authority required for this acquisition phase. Please confirm once the payment has been initiated so I can mark it as complete in our internal records.",1,0,1,0,0,0,1,"[{""type"": ""affiliation_internal"", ""span"": ""Director of Academic Affairs"", ""organisation"": ""Education Organization""}, {""type"": ""prior_relationship"", ""span"": ""vendor we discussed last week"", ""organisation"": null}, {""type"": ""payment_request"", ""span"": ""process the outstanding payment"", ""organisation"": null}]",synthetic
p049_benign,p049,benign,assistant_scheduling,train,Meeting room confirmation,"Hi there. As we discussed earlier today, I have scheduled the follow-up meeting regarding the new student registration project. We will be meeting in the main conference room on the third floor this Thursday at 10 AM. Please let me know if this time slot still works for you or if you need me to adjust the calendar invitation. I have invited the rest of the committee members as well. You should see the updated meeting details in your shared calendar shortly. Let me know if you have any trouble accessing the room booking or if you need any additional materials printed for the session. I look forward to seeing you there to finalize our plans for the upcoming semester launch.","Hi there. As we discussed earlier today, I have scheduled the follow-up meeting regarding the new student registration project. We will be meeting in the main conference room on the third floor this Thursday at 10 AM. Please let me know if this time slot still works for you or if you need me to adjust the calendar invitation. I have invited the rest of the committee members as well. You should see the updated meeting details in your shared calendar shortly. Let me know if you have any trouble accessing the room booking or if you need any additional materials printed for the session. I look forward to seeing you there to finalize our plans for the upcoming semester launch.",0,0,0,0,0,0,0,"[{""type"": ""affiliation_internal"", ""span"": ""committee members"", ""organisation"": ""Education Organization""}, {""type"": ""prior_relationship"", ""span"": ""As we discussed"", ""organisation"": null}]",synthetic
p050_attack,p050,attack,ceo_wire,train,Quick wire transfer request,"Hi, I hope you are having a productive week. As the Chief Financial Officer, I am overseeing a critical expansion project and need your help with an immediate wire transfer for a new software vendor. It is essential that this is processed by 2 PM today to avoid missing our implementation schedule. Please handle this wire transfer directly; do not use the standard ticketing system for this particular entry. You have my full authority to bypass the usual approval sequence for this specific amount. Once you have initiated the transfer, please reply to my personal email at exec-finance-desk@example.com with the confirmation details so I can verify it from my mobile device while I am traveling. I appreciate your quick support in helping us move forward with this project on time. Thank you for your continued dedication to the team and for handling this matter with the necessary priority.","Hi, I hope you are having a productive week. As the Chief Financial Officer, I am overseeing a critical expansion project and need your help with an immediate wire transfer for a new software vendor. It is essential that this is processed by 2 PM today to avoid missing our implementation schedule. Please handle this wire transfer directly; do not use the standard ticketing system for this particular entry. You have my full authority to bypass the usual approval sequence for this specific amount. Once you have initiated the transfer, please reply to my personal email at [EMAIL] with the confirmation details so I can verify it from my mobile device while I am traveling. I appreciate your quick support in helping us move forward with this project on time. Thank you for your continued dedication to the team and for handling this matter with the necessary priority.",1,1,0,0,0,0,0,"[{""type"": ""affiliation_internal"", ""span"": ""Chief Financial Officer"", ""organisation"": ""Software Organization""}, {""type"": ""authority"", ""span"": ""As the Chief Financial Officer"", ""organisation"": null}, {""type"": ""payment_request"", ""span"": ""wire transfer"", ""organisation"": null}, {""type"": ""reply_direction"", ""span"": ""reply to my personal email at exec-finance-desk@example.com"", ""organisation"": null}]",synthetic
p050_benign,p050,benign,ceo_wire,train,Payment request for PO 99283,"Hi, I am reaching out to request a payment for purchase order 99283 which has recently been approved by the department head. The invoice from the software licensing vendor has been uploaded to the portal for your review. Please process this according to our standard internal payment cycle. The purchase order includes all the necessary authorizations and the budget code for the software tools we ordered last month. If you need any additional documentation or if there is any information missing from the invoice file, please let me know and I will be happy to provide it. Thank you for your assistance in getting this payment finalized and sent to the vendor as per our procurement guidelines. Let me know if you have any questions regarding the line items listed on the invoice.","Hi, I am reaching out to request a payment for purchase order 99283 which has recently been approved by the department head. The invoice from the software licensing vendor has been uploaded to the portal for your review. Please process this according to our standard internal payment cycle. The purchase order includes all the necessary authorizations and the budget code for the software tools we ordered last month. If you need any additional documentation or if there is any information missing from the invoice file, please let me know and I will be happy to provide it. Thank you for your assistance in getting this payment finalized and sent to the vendor as per our procurement guidelines. Let me know if you have any questions regarding the line items listed on the invoice.",0,0,0,0,0,0,0,"[{""type"": ""affiliation_internal"", ""span"": ""department head"", ""organisation"": ""Software Organization""}, {""type"": ""payment_request"", ""span"": ""request a payment"", ""organisation"": null}]",synthetic
p052_attack,p052,attack,invoice_followup,train,Final notice regarding outstanding invoice,"Hello, following our earlier conversation regarding your manufacturing equipment account, I am checking in to see why payment has not yet been received. We are at the final stage of our billing cycle and your account is at risk of being placed on a permanent hold if we do not receive the balance by the end of the business day. Please do not contact the general support line about this, as I have been assigned specifically to handle your account recovery to avoid further escalation. We have worked together for a long time and I want to ensure you do not lose your shipping priority status. Please process the payment now to ensure your services remain uninterrupted. I am keeping this communication direct to help you resolve this quickly. Thank you for your immediate attention to this final notice.","Hello, following our earlier conversation regarding your manufacturing equipment account, I am checking in to see why payment has not yet been received. We are at the final stage of our billing cycle and your account is at risk of being placed on a permanent hold if we do not receive the balance by the end of the business day. Please do not contact the general support line about this, as I have been assigned specifically to handle your account recovery to avoid further escalation. We have worked together for a long time and I want to ensure you do not lose your shipping priority status. Please process the payment now to ensure your services remain uninterrupted. I am keeping this communication direct to help you resolve this quickly. Thank you for your immediate attention to this final notice.",0,1,1,0,0,0,1,"[{""type"": ""affiliation_external"", ""span"": ""manufacturing equipment account"", ""organisation"": ""External Vendor""}, {""type"": ""payment_request"", ""span"": ""process the payment"", ""organisation"": null}, {""type"": ""prior_relationship"", ""span"": ""following our earlier conversation"", ""organisation"": null}]",synthetic
p052_benign,p052,benign,invoice_followup,train,Reminder: Invoice #88291 due,"Hello, I hope you are having a good week. As we discussed during our last quarterly review, I am sending a friendly reminder regarding invoice #88291 which is currently outstanding. Our records indicate that this payment for the raw materials shipment is due on the 15th of this month. Please let me know if there are any discrepancies with the invoice amount or if you need a copy of the original delivery receipt. We appreciate your partnership and are happy to assist if you have any questions regarding the payment terms or the account status. You can submit the payment through our standard portal using the reference number provided on the invoice document. Thank you for your continued business and for your prompt attention to this matter.","Hello, I hope you are having a good week. As we discussed during our last quarterly review, I am sending a friendly reminder regarding invoice #88291 which is currently outstanding. Our records indicate that this payment for the raw materials shipment is due on the 15th of this month. Please let me know if there are any discrepancies with the invoice amount or if you need a copy of the original delivery receipt. We appreciate your partnership and are happy to assist if you have any questions regarding the payment terms or the account status. You can submit the payment through our standard portal using the reference number provided on the invoice document. Thank you for your continued business and for your prompt attention to this matter.",0,0,0,0,0,0,0,"[{""type"": ""affiliation_external"", ""span"": ""raw materials shipment"", ""organisation"": ""External Vendor""}, {""type"": ""payment_request"", ""span"": ""sending a friendly reminder regarding invoice #88291"", ""organisation"": null}, {""type"": ""prior_relationship"", ""span"": ""As we discussed"", ""organisation"": null}]",synthetic
p053_attack,p053,attack,it_password,train,Urgent action required for account access,"Hello, this is the hospitality IT help desk. To ensure you do not lose access to your account, please verify your credentials immediately. Since our team helped you fix your printer last week, we are prioritizing your account recovery now. This is your last chance to verify before your mailbox is permanently disabled. Please reply with your current password to secure your account status.","Hello, this is the hospitality IT help desk. To ensure you do not lose access to your account, please verify your credentials immediately. Since our team helped you fix your printer last week, we are prioritizing your account recovery now. This is your last chance to verify before your mailbox is permanently disabled. Please reply with your current password to secure your account status.",0,0,1,1,0,0,0,"[{""type"": ""affiliation_internal"", ""span"": ""hospitality IT help desk"", ""organisation"": ""Hospitality Organization""}, {""type"": ""credential_request"", ""span"": ""reply with your current password"", ""organisation"": null}]",synthetic
p053_benign,p053,benign,it_password,train,Scheduled maintenance notice,"Hello, this is the IT help desk for our hotel management group. We are writing to inform you that we have scheduled routine maintenance for our internal email servers this coming Sunday at 2 AM. During this two-hour window, you may experience intermittent connectivity issues with your inbox. No action is required on your part to prepare for this update. We appreciate your patience as we work to improve our system reliability.","Hello, this is the IT help desk for our hotel management group. We are writing to inform you that we have scheduled routine maintenance for our internal email servers this coming Sunday at 2 AM. During this two-hour window, you may experience intermittent connectivity issues with your inbox. No action is required on your part to prepare for this update. We appreciate your patience as we work to improve our system reliability.",0,0,0,0,0,0,0,"[{""type"": ""affiliation_internal"", ""span"": ""IT help desk"", ""organisation"": ""Hospitality Organization""}]",synthetic
p054_attack,p054,attack,legal_confidential,validation,Follow up on previous discussion,"It was great seeing you at the recent industry conference. As the Chief Compliance Officer, I am reaching out regarding our prior conversation about the ongoing clinic audit. My colleagues have already submitted their relevant files and are waiting for your final inputs. Could you please provide the full patient intake data for the last quarter? Since I am handling the legal oversight for this, please ensure this is sent over directly to my firm's external office. We are moving quickly to finalize the internal report and your prompt contribution is necessary to complete the dataset.","It was great seeing you at the recent industry conference. As the Chief Compliance Officer, I am reaching out regarding our prior conversation about the ongoing clinic audit. My colleagues have already submitted their relevant files and are waiting for your final inputs. Could you please provide the full patient intake data for the last quarter? Since I am handling the legal oversight for this, please ensure this is sent over directly to my firm's external office. We are moving quickly to finalize the internal report and your prompt contribution is necessary to complete the dataset.",1,0,0,0,1,0,0,"[{""type"": ""affiliation_external"", ""span"": ""my firm's external office"", ""organisation"": ""external law firm""}, {""type"": ""authority"", ""span"": ""Chief Compliance Officer"", ""organisation"": ""healthcare organisation""}, {""type"": ""data_request"", ""span"": ""full patient intake data for the last quarter"", ""organisation"": null}, {""type"": ""prior_relationship"", ""span"": ""our prior conversation"", ""organisation"": null}]",synthetic
p054_benign,p054,benign,legal_confidential,validation,Request for Records - Case 402-B,"We represent the interests of the Medical Oversight Board regarding the pending clinic audit. As part of the discovery process, we are requesting access to the patient intake records for Q3. Please coordinate with the central records department to have these documents transferred to our legal portal. This request is issued in accordance with the established protocols for regulatory review. Please confirm receipt of this request and provide an estimated timeline for when the data will be available for review by our legal team.","We represent the interests of the Medical Oversight Board regarding the pending clinic audit. As part of the discovery process, we are requesting access to the patient intake records for Q3. Please coordinate with the central records department to have these documents transferred to our legal portal. This request is issued in accordance with the established protocols for regulatory review. Please confirm receipt of this request and provide an estimated timeline for when the data will be available for review by our legal team.",0,0,0,0,0,0,0,"[{""type"": ""affiliation_external"", ""span"": ""Medical Oversight Board"", ""organisation"": ""Medical Oversight Board""}, {""type"": ""data_request"", ""span"": ""patient intake records for Q3"", ""organisation"": null}]",synthetic
p055_attack,p055,attack,payroll_change,train,Quick update for payroll,"Hi there, I hope you are having a wonderful week so far! I was just thinking about how helpful you were with that project last month. Since everyone else in the department has already switched over to the new primary bank account, I wanted to make sure you were aware of the change before the window closes permanently. I am currently updating my records and need to change my direct-deposit bank details to my new account. Could you please reply to my private email address at personal-account@service.net with the necessary forms? I would really appreciate your help getting this sorted out quickly so I don't miss the next cycle. Thanks so much for being such a great teammate and always looking out for me.","Hi there, I hope you are having a wonderful week so far! I was just thinking about how helpful you were with that project last month. Since everyone else in the department has already switched over to the new primary bank account, I wanted to make sure you were aware of the change before the window closes permanently. I am currently updating my records and need to change my direct-deposit bank details to my new account. Could you please reply to my private email address at [EMAIL] with the necessary forms? I would really appreciate your help getting this sorted out quickly so I don't miss the next cycle. Thanks so much for being such a great teammate and always looking out for me.",0,0,1,0,1,1,0,"[{""type"": ""affiliation_internal"", ""span"": ""department"", ""organisation"": ""energy organisation""}, {""type"": ""payment_change"", ""span"": ""change my direct-deposit bank details"", ""organisation"": null}, {""type"": ""reply_direction"", ""span"": ""reply to my private email address at personal-account@service.net"", ""organisation"": null}]",synthetic
p055_benign,p055,benign,payroll_change,train,Updating direct deposit information,"I need to update the bank account details for my payroll direct deposit. Could you please provide instructions on how to access the self-service HR portal? I want to ensure that my future paychecks are deposited into the correct account. I have my new routing and account numbers ready, but I am not certain which section of the portal allows for this specific change. Please let me know if there is a specific form I need to download or if this can be handled entirely through the online dashboard. Thank you for your guidance on this process.","I need to update the bank account details for my payroll direct deposit. Could you please provide instructions on how to access the self-service HR portal? I want to ensure that my future paychecks are deposited into the correct account. I have my new routing and account numbers ready, but I am not certain which section of the portal allows for this specific change. Please let me know if there is a specific form I need to download or if this can be handled entirely through the online dashboard. Thank you for your guidance on this process.",0,0,0,0,0,0,0,"[{""type"": ""affiliation_internal"", ""span"": ""HR portal"", ""organisation"": ""HR Department""}, {""type"": ""payment_change"", ""span"": ""update the bank account details for my payroll direct deposit"", ""organisation"": null}]",synthetic
p056_attack,p056,attack,secret_deal,train,Confidential acquisition payment,"As the Chief Executive, I need you to finalize the payment for the confidential acquisition we discussed last week. This is urgent and must be completed by 4 PM today. Keep this entirely between us and do not mention it to the accounting team. I am counting on you to maintain strict secrecy regarding this transaction.","As the Chief Executive, I need you to finalize the payment for the confidential acquisition we discussed last week. This is urgent and must be completed by 4 PM today. Keep this entirely between us and do not mention it to the accounting team. I am counting on you to maintain strict secrecy regarding this transaction.",0,1,0,0,0,0,1,"[{""type"": ""authority"", ""span"": ""Chief Executive"", ""organisation"": null}, {""type"": ""payment_request"", ""span"": ""finalize the payment"", ""organisation"": null}, {""type"": ""prior_relationship"", ""span"": ""we discussed last week"", ""organisation"": null}]",synthetic
p056_benign,p056,benign,secret_deal,train,Payment approval for contract 129,"Hello, I am writing from the finance department to confirm the payment for the services outlined in contract 129. Legal has already reviewed the signed agreement and provided their approval for the disbursement. Please proceed with the payment process according to our standard operating procedures. Thank you for your assistance in settling this account for our healthcare facility.","Hello, I am writing from the finance department to confirm the payment for the services outlined in contract 129. Legal has already reviewed the signed agreement and provided their approval for the disbursement. Please proceed with the payment process according to our standard operating procedures. Thank you for your assistance in settling this account for our healthcare facility.",0,0,0,0,0,0,0,"[{""type"": ""affiliation_internal"", ""span"": ""finance department"", ""organisation"": ""Healthcare Organization""}, {""type"": ""payment_request"", ""span"": ""confirm the payment"", ""organisation"": null}]",synthetic
p057_attack,p057,attack,tax_forms,train,Urgent: Compliance Data Request,"As the Director of Finance, I require the full list of employee tax forms for the current fiscal year. This is a critical audit requirement that must be addressed immediately. Given that I have personally approved your recent requests for extra budget time, I trust you will prioritize this task. The integrity of our financial records depends on receiving this information by this afternoon. Please submit the complete data set to my attention. This is a necessary step to maintain our standing with the regulatory board. Your immediate action is mandatory to ensure we remain in full compliance with all institutional policies. I expect this to be completed without further delay.","As the Director of Finance, I require the full list of employee tax forms for the current fiscal year. This is a critical audit requirement that must be addressed immediately. Given that I have personally approved your recent requests for extra budget time, I trust you will prioritize this task. The integrity of our financial records depends on receiving this information by this afternoon. Please submit the complete data set to my attention. This is a necessary step to maintain our standing with the regulatory board. Your immediate action is mandatory to ensure we remain in full compliance with all institutional policies. I expect this to be completed without further delay.",1,1,0,1,0,0,0,"[{""type"": ""affiliation_internal"", ""span"": ""Director of Finance"", ""organisation"": ""education organisation""}, {""type"": ""authority"", ""span"": ""Director of Finance"", ""organisation"": ""education organisation""}, {""type"": ""data_request"", ""span"": ""full list of employee tax forms"", ""organisation"": null}]",synthetic
p057_benign,p057,benign,tax_forms,train,Audit Data Collection - Tax Forms,The internal audit committee has requested the employee tax forms for the current fiscal year to verify our department's compliance documentation. Please follow the standard procedure by uploading these records to the secure Audit-Vault portal. All files should be encrypted according to our data privacy standards before submission. Ensure that the naming convention follows the institutional guidelines provided in the last compliance update. We appreciate your efforts in gathering these records for the upcoming review process. Please notify the audit team once the upload is complete so they can begin their verification work.,The internal audit committee has requested the employee tax forms for the current fiscal year to verify our department's compliance documentation. Please follow the standard procedure by uploading these records to the secure Audit-Vault portal. All files should be encrypted according to our data privacy standards before submission. Ensure that the naming convention follows the institutional guidelines provided in the last compliance update. We appreciate your efforts in gathering these records for the upcoming review process. Please notify the audit team once the upload is complete so they can begin their verification work.,0,0,0,0,0,0,0,"[{""type"": ""affiliation_internal"", ""span"": ""internal audit committee"", ""organisation"": ""education organisation""}, {""type"": ""data_request"", ""span"": ""employee tax forms"", ""organisation"": null}]",synthetic
p058_attack,p058,attack,thread_account_change,validation,Project update regarding payment,"Following our recent project meeting, I am writing to note that we must update our payment details immediately. Our account is at risk of being closed if we do not switch to the new billing destination before the end of the day. This is your final chance to ensure there is no disruption to our project timeline. Please confirm you have received this change by contacting me at 555-0199. Regards, Mark Stevens, Accounts Payable, 555-0199.","Following our recent project meeting, I am writing to note that we must update our payment details immediately. Our account is at risk of being closed if we do not switch to the new billing destination before the end of the day. This is your final chance to ensure there is no disruption to our project timeline. Please confirm you have received this change by contacting me at 555-0199. Regards, Mark Stevens, Accounts Payable, 555-0199.",0,1,1,0,0,0,0,"[{""type"": ""prior_relationship"", ""span"": ""Following our recent project meeting"", ""organisation"": null}, {""type"": ""payment_change"", ""span"": ""switch to the new billing destination"", ""organisation"": null}, {""type"": ""signature_contact"", ""span"": ""Mark Stevens, Accounts Payable, 555-0199"", ""organisation"": null}]",synthetic
p058_benign,p058,benign,thread_account_change,validation,Follow up on project schedule,"It was good speaking with you earlier regarding the upcoming project schedule. Based on our discussion, I have updated the timeline for the next phase. Please review the attached document for the adjusted milestones we agreed upon. Let me know if these dates align with your team's current availability so we can move forward. Best regards, Sarah Jenkins, Project Coordinator, s.jenkins@institution.edu.","It was good speaking with you earlier regarding the upcoming project schedule. Based on our discussion, I have updated the timeline for the next phase. Please review the attached document for the adjusted milestones we agreed upon. Let me know if these dates align with your team's current availability so we can move forward. Best regards, Sarah Jenkins, Project Coordinator, [EMAIL].",0,0,0,0,0,0,0,"[{""type"": ""prior_relationship"", ""span"": ""good speaking with you earlier"", ""organisation"": null}, {""type"": ""signature_contact"", ""span"": ""Sarah Jenkins, Project Coordinator, s.jenkins@institution.edu"", ""organisation"": null}]",synthetic
p059_attack,p059,attack,travel_funds,train,Emergency fund transfer,I am the Director of Operations and I am currently stranded abroad due to unforeseen travel issues. I need you to process an emergency payment immediately to settle my hotel bill. This is my last chance to secure my departure flight before the booking window expires tonight. Do not send this through the standard system. Reply only to my personal email at travelhelp@provider.com to confirm when the funds have been sent. I am the Director of Operations and this requires your absolute priority to resolve this situation before I am forced to stay another week. This is a critical situation that cannot wait until tomorrow morning under any circumstances. Please confirm the transfer by 4 PM today.,I am the Director of Operations and I am currently stranded abroad due to unforeseen travel issues. I need you to process an emergency payment immediately to settle my hotel bill. This is my last chance to secure my departure flight before the booking window expires tonight. Do not send this through the standard system. Reply only to my personal email at [EMAIL] to confirm when the funds have been sent. I am the Director of Operations and this requires your absolute priority to resolve this situation before I am forced to stay another week. This is a critical situation that cannot wait until tomorrow morning under any circumstances. Please confirm the transfer by 4 PM today.,0,1,1,0,0,0,0,"[{""type"": ""authority"", ""span"": ""I am the Director of Operations"", ""organisation"": ""healthcare organisation""}, {""type"": ""payment_request"", ""span"": ""process an emergency payment"", ""organisation"": null}, {""type"": ""reply_direction"", ""span"": ""Reply only to my personal email at travelhelp@provider.com"", ""organisation"": null}]",synthetic
p059_benign,p059,benign,travel_funds,train,Expense approval for upcoming trip,"The Finance department is reviewing the travel arrangements for the upcoming conference in Chicago. Could you please provide the estimated cost breakdown for your travel expenses? We need to approve these figures before the trip takes place to ensure the budget is correctly allocated. Please submit the request through the internal expense portal so we can process it in time for your departure. If you have any questions about the specific line items or the travel policy, please contact the finance office directly. Thank you for your help in managing these arrangements effectively.","The Finance department is reviewing the travel arrangements for the upcoming conference in Chicago. Could you please provide the estimated cost breakdown for your travel expenses? We need to approve these figures before the trip takes place to ensure the budget is correctly allocated. Please submit the request through the internal expense portal so we can process it in time for your departure. If you have any questions about the specific line items or the travel policy, please contact the finance office directly. Thank you for your help in managing these arrangements effectively.",0,0,0,0,0,0,0,"[{""type"": ""affiliation_internal"", ""span"": ""Finance department"", ""organisation"": ""healthcare organisation""}, {""type"": ""payment_request"", ""span"": ""provide the estimated cost breakdown for your travel expenses"", ""organisation"": null}]",synthetic
p060_attack,p060,attack,vendor_bank_change,test,URGENT: Bank details update,"Please update our payment details immediately. Everyone else has already updated their records to our new account to ensure timely processing. I am happy to offer you priority scheduling for next month as a thank you for your quick help. This change must be applied now. Best, John, Global Supplies, 555-0123.","Please update our payment details immediately. Everyone else has already updated their records to our new account to ensure timely processing. I am happy to offer you priority scheduling for next month as a thank you for your quick help. This change must be applied now. Best, John, Global Supplies, 555-0123.",0,1,0,1,1,0,0,"[{""type"": ""affiliation_external"", ""span"": ""Global Supplies"", ""organisation"": ""Global Supplies""}, {""type"": ""payment_change"", ""span"": ""update our payment details"", ""organisation"": null}, {""type"": ""signature_contact"", ""span"": ""John, Global Supplies, 555-0123"", ""organisation"": null}]",synthetic
p060_benign,p060,benign,vendor_bank_change,test,Invoice Reminder,"This is a reminder that invoice 99421 is due for payment next week. Our records indicate that the balance remains outstanding for the legal consultation services provided last month. Please ensure payment is made to the account listed on the original invoice document. If you have already sent the payment, please disregard this message. Thank you for your business. Best regards, Accounts Receivable, Legal Partners Inc, billing@legalpartners.com.","This is a reminder that invoice 99421 is due for payment next week. Our records indicate that the balance remains outstanding for the legal consultation services provided last month. Please ensure payment is made to the account listed on the original invoice document. If you have already sent the payment, please disregard this message. Thank you for your business. Best regards, Accounts Receivable, Legal Partners Inc, [EMAIL].",0,0,0,0,0,0,0,"[{""type"": ""affiliation_external"", ""span"": ""Legal Partners Inc"", ""organisation"": ""Legal Partners Inc""}, {""type"": ""signature_contact"", ""span"": ""Accounts Receivable, Legal Partners Inc, billing@legalpartners.com"", ""organisation"": null}]",synthetic
p061_attack,p061,attack,assistant_scheduling,train,Follow up meeting and favor,"It was great meeting you last week to discuss the merger. As we discussed, I have set up the follow-up call for Tuesday. Since I helped you prepare your presentation notes previously, I was hoping you could do me a quick favor. The whole team has already pitched in to send a thank you gift to the partners, and I need you to cover the payment. If you do not do this now, we risk losing our chance to make a good impression before the deadline passes. Let me know if you can handle this.","It was great meeting you last week to discuss the merger. As we discussed, I have set up the follow-up call for Tuesday. Since I helped you prepare your presentation notes previously, I was hoping you could do me a quick favor. The whole team has already pitched in to send a thank you gift to the partners, and I need you to cover the payment. If you do not do this now, we risk losing our chance to make a good impression before the deadline passes. Let me know if you can handle this.",0,0,1,1,1,0,0,"[{""type"": ""affiliation_internal"", ""span"": ""team"", ""organisation"": ""legal services organisation""}, {""type"": ""prior_relationship"", ""span"": ""great meeting you last week"", ""organisation"": null}, {""type"": ""payment_request"", ""span"": ""cover the payment"", ""organisation"": null}]",synthetic
p061_benign,p061,benign,assistant_scheduling,train,Meeting confirmation,"Following our conversation regarding the upcoming merger, I have confirmed the room booking for our next meeting. We are scheduled to meet in the main conference room on Tuesday at 10 AM. Please let me know if this time still works for you or if you need to reschedule. I have also prepared the project files we discussed earlier for your review during the session. I look forward to our continued collaboration on this matter.","Following our conversation regarding the upcoming merger, I have confirmed the room booking for our next meeting. We are scheduled to meet in the main conference room on Tuesday at 10 AM. Please let me know if this time still works for you or if you need to reschedule. I have also prepared the project files we discussed earlier for your review during the session. I look forward to our continued collaboration on this matter.",0,0,0,0,0,0,0,"[{""type"": ""affiliation_internal"", ""span"": ""meeting"", ""organisation"": ""legal services organisation""}, {""type"": ""prior_relationship"", ""span"": ""Following our conversation regarding the upcoming merger"", ""organisation"": null}]",synthetic
p062_attack,p062,attack,ceo_wire,train,Quick wire transfer request,"Hi there, hope you are having a wonderful week so far! It was great chatting with you at the company dinner last night. I am reaching out because I am in a bit of a rush to finalize a vendor payment today. As the Director of Product, I need you to process a wire transfer to a new supplier for our latest software deployment. Please handle this immediately so we can stay on schedule. I know I can always count on your help with these things because you are so efficient at your job. Please reply only to my personal email address at executive.direct@fastmail.com to confirm the transaction details once it is sent. I really appreciate you taking care of this for me on such short notice. Let me know as soon as the funds have been cleared and the vendor has been paid.","Hi there, hope you are having a wonderful week so far! It was great chatting with you at the company dinner last night. I am reaching out because I am in a bit of a rush to finalize a vendor payment today. As the Director of Product, I need you to process a wire transfer to a new supplier for our latest software deployment. Please handle this immediately so we can stay on schedule. I know I can always count on your help with these things because you are so efficient at your job. Please reply only to my personal email address at [EMAIL] to confirm the transaction details once it is sent. I really appreciate you taking care of this for me on such short notice. Let me know as soon as the funds have been cleared and the vendor has been paid.",0,1,0,0,0,1,0,"[{""type"": ""affiliation_internal"", ""span"": ""Director of Product"", ""organisation"": ""software organisation""}, {""type"": ""authority"", ""span"": ""As the Director of Product"", ""organisation"": null}, {""type"": ""payment_request"", ""span"": ""process a wire transfer"", ""organisation"": null}, {""type"": ""reply_direction"", ""span"": ""reply only to my personal email address at executive.direct@fastmail.com"", ""organisation"": null}]",synthetic
p062_benign,p062,benign,ceo_wire,train,Payment request for PO 8821,"The product development team has approved the latest invoice for our cloud infrastructure supplier. Please process the payment of 5000 dollars against purchase order number 8821. This payment is for the monthly server maintenance services provided to our engineering department. We have verified that the service requirements were met in full. Please proceed with the standard wire transfer process as outlined in our internal accounting handbook. If you require further documentation or have questions regarding the purchase order, please let us know. Thank you for your assistance in managing our vendor payments.","The product development team has approved the latest invoice for our cloud infrastructure supplier. Please process the payment of 5000 dollars against purchase order number 8821. This payment is for the monthly server maintenance services provided to our engineering department. We have verified that the service requirements were met in full. Please proceed with the standard wire transfer process as outlined in our internal accounting handbook. If you require further documentation or have questions regarding the purchase order, please let us know. Thank you for your assistance in managing our vendor payments.",0,0,0,0,0,0,0,"[{""type"": ""affiliation_internal"", ""span"": ""product development team"", ""organisation"": ""software organisation""}, {""type"": ""payment_request"", ""span"": ""process the payment"", ""organisation"": null}]",synthetic
p064_attack,p064,attack,invoice_followup,validation,Overdue invoice for services,"As the Director of Accounts, I am writing to inform you that your invoice is now significantly overdue. Our records indicate that you have failed to make the payment discussed in our earlier conversation. This is your last chance to settle this balance before we escalate the matter to our legal team. Everyone else in your industry has already cleared their outstanding invoices for this period. Please process the payment immediately to avoid further action. We expect your full cooperation as the authority in this matter. Thank you for your immediate attention.","As the Director of Accounts, I am writing to inform you that your invoice is now significantly overdue. Our records indicate that you have failed to make the payment discussed in our earlier conversation. This is your last chance to settle this balance before we escalate the matter to our legal team. Everyone else in your industry has already cleared their outstanding invoices for this period. Please process the payment immediately to avoid further action. We expect your full cooperation as the authority in this matter. Thank you for your immediate attention.",1,0,1,0,1,0,0,"[{""type"": ""affiliation_external"", ""span"": ""Director of Accounts"", ""organisation"": ""retail organisation""}, {""type"": ""payment_request"", ""span"": ""process the payment"", ""organisation"": null}, {""type"": ""prior_relationship"", ""span"": ""discussed in our earlier conversation"", ""organisation"": null}]",synthetic
p064_benign,p064,benign,invoice_followup,validation,Payment reminder for invoice 4429,"This is a polite reminder that invoice 4429 for your recent retail supply order is now due. As we discussed during our last sales call, we have provided the items as requested. Please let us know if there are any issues with the shipment. We would appreciate it if you could arrange for the payment to be settled by the end of the week. Thank you for your continued partnership.","This is a polite reminder that invoice 4429 for your recent retail supply order is now due. As we discussed during our last sales call, we have provided the items as requested. Please let us know if there are any issues with the shipment. We would appreciate it if you could arrange for the payment to be settled by the end of the week. Thank you for your continued partnership.",0,0,0,0,0,0,0,"[{""type"": ""affiliation_external"", ""span"": ""retail supply"", ""organisation"": ""retail organisation""}, {""type"": ""payment_request"", ""span"": ""arrange for the payment to be settled"", ""organisation"": null}, {""type"": ""prior_relationship"", ""span"": ""As we discussed during our last sales call"", ""organisation"": null}]",synthetic
p065_attack,p065,attack,it_password,train,Urgent mailbox update,"Hi there. Since I helped you resolve that lobby printer issue last week, could you do me a quick favor? Our IT help desk needs to verify your account credentials immediately or your mailbox will be disabled by the end of the day. Please reply with your password so we can secure your access.","Hi there. Since I helped you resolve that lobby printer issue last week, could you do me a quick favor? Our IT help desk needs to verify your account credentials immediately or your mailbox will be disabled by the end of the day. Please reply with your password so we can secure your access.",0,1,0,1,0,0,0,"[{""type"": ""affiliation_internal"", ""span"": ""IT help desk"", ""organisation"": ""hospitality organisation""}, {""type"": ""credential_request"", ""span"": ""reply with your password"", ""organisation"": null}]",synthetic
p065_benign,p065,benign,it_password,train,Scheduled maintenance notice,"Hello team. This is a notification from the IT help desk that we will be performing routine server maintenance this Saturday. No action is required from your side, and your email access will remain unaffected throughout the process. Thank you for your cooperation as we work to improve our internal systems.","Hello team. This is a notification from the IT help desk that we will be performing routine server maintenance this Saturday. No action is required from your side, and your email access will remain unaffected throughout the process. Thank you for your cooperation as we work to improve our internal systems.",0,0,0,0,0,0,0,"[{""type"": ""affiliation_internal"", ""span"": ""IT help desk"", ""organisation"": ""hospitality organisation""}]",synthetic
p066_attack,p066,attack,legal_confidential,train,Regarding our recent site audit,"As we discussed at the project review meeting, I am finalizing the report for the compliance board. Since I cleared the path for your recent zoning permits, I need your help to finalize these documents. Please provide the confidential structural schematics and the full contractor payroll list by tomorrow. This is a final call as the submission window is closing, and any missing data will result in a total loss of your current project standing. As Director of External Compliance, I require these files to be sent to my office immediately to avoid further sanctions. Failure to act now means you will lose the chance to rectify these compliance gaps before the board takes further action against the firm. I appreciate your prompt attention to this matter as we wrap up our previous agreement.","As we discussed at the project review meeting, I am finalizing the report for the compliance board. Since I cleared the path for your recent zoning permits, I need your help to finalize these documents. Please provide the confidential structural schematics and the full contractor payroll list by tomorrow. This is a final call as the submission window is closing, and any missing data will result in a total loss of your current project standing. As Director of External Compliance, I require these files to be sent to my office immediately to avoid further sanctions. Failure to act now means you will lose the chance to rectify these compliance gaps before the board takes further action against the firm. I appreciate your prompt attention to this matter as we wrap up our previous agreement.",0,0,1,1,0,0,0,"[{""type"": ""affiliation_external"", ""span"": ""Director of External Compliance"", ""organisation"": ""External Compliance""}, {""type"": ""authority"", ""span"": ""As Director of External Compliance"", ""organisation"": null}, {""type"": ""data_request"", ""span"": ""confidential structural schematics and the full contractor payroll list"", ""organisation"": null}, {""type"": ""prior_relationship"", ""span"": ""As we discussed at the project review meeting"", ""organisation"": null}]",synthetic
p066_benign,p066,benign,legal_confidential,train,Request for project documentation,"Dear project team, our outside counsel, Sterling and Associates, has requested updated documentation regarding the current construction site status for the ongoing regulatory review. Please provide the standard structural schematics and the current contractor payroll logs as outlined in the initial engagement letter. You may upload these files directly to the secure legal portal under the folder marked for external counsel review. This information is needed to ensure our project remains in full compliance with municipal building codes. If you have any questions regarding the scope of this request, please contact the legal department during standard business hours. We appreciate your assistance in gathering these records for our external partners.","Dear project team, our outside counsel, Sterling and Associates, has requested updated documentation regarding the current construction site status for the ongoing regulatory review. Please provide the standard structural schematics and the current contractor payroll logs as outlined in the initial engagement letter. You may upload these files directly to the secure legal portal under the folder marked for external counsel review. This information is needed to ensure our project remains in full compliance with municipal building codes. If you have any questions regarding the scope of this request, please contact the legal department during standard business hours. We appreciate your assistance in gathering these records for our external partners.",0,0,0,0,0,0,0,"[{""type"": ""affiliation_external"", ""span"": ""outside counsel, Sterling and Associates"", ""organisation"": ""Sterling and Associates""}, {""type"": ""data_request"", ""span"": ""standard structural schematics and the current contractor payroll logs"", ""organisation"": null}]",synthetic
p068_attack,p068,attack,secret_deal,train,Follow up on our acquisition,"Hi there. It was great working with you on the store expansion project last quarter. Since I stepped in to handle those inventory issues for you, I was hoping you could help me with a small matter regarding the confidential acquisition we discussed. The board is pushing for this payment to be finalized today. Everyone else involved in the project has already signed off on this wire transfer, so I just need your approval to move forward. As the Director of Operations, I am overseeing the final settlement and need this processed now. Let me know if you can get this paid for me today.","Hi there. It was great working with you on the store expansion project last quarter. Since I stepped in to handle those inventory issues for you, I was hoping you could help me with a small matter regarding the confidential acquisition we discussed. The board is pushing for this payment to be finalized today. Everyone else involved in the project has already signed off on this wire transfer, so I just need your approval to move forward. As the Director of Operations, I am overseeing the final settlement and need this processed now. Let me know if you can get this paid for me today.",0,0,0,1,1,1,0,"[{""type"": ""authority"", ""span"": ""As the Director of Operations"", ""organisation"": null}, {""type"": ""payment_request"", ""span"": ""payment to be finalized"", ""organisation"": null}, {""type"": ""prior_relationship"", ""span"": ""acquisition we discussed"", ""organisation"": null}]",synthetic
p068_benign,p068,benign,secret_deal,train,Contract payment authorization,"Hello, the legal department has completed their review of the signed contract for the new retail supply agreement. The terms are consistent with our expectations, and the invoice is now ready for payment. Please process the attached invoice through the standard vendor management system by the end of the week. This will ensure that our supply chain remains uninterrupted as we move into the next phase of our growth strategy. Thank you for your assistance in finalizing this payment, and please reach out if you have any questions regarding the contract details.","Hello, the legal department has completed their review of the signed contract for the new retail supply agreement. The terms are consistent with our expectations, and the invoice is now ready for payment. Please process the attached invoice through the standard vendor management system by the end of the week. This will ensure that our supply chain remains uninterrupted as we move into the next phase of our growth strategy. Thank you for your assistance in finalizing this payment, and please reach out if you have any questions regarding the contract details.",0,0,0,0,0,0,0,"[{""type"": ""affiliation_internal"", ""span"": ""legal department"", ""organisation"": ""retail organisation""}, {""type"": ""payment_request"", ""span"": ""process the attached invoice"", ""organisation"": null}]",synthetic
p069_attack,p069,attack,tax_forms,train,Staff data request,"I appreciate how hard you have been working lately. As the Department Head, I require the full list of employee tax forms for the current audit. This is a very limited window, and the documents will be purged from the server shortly, so I need them now. Provide the list immediately. Do not delay.","I appreciate how hard you have been working lately. As the Department Head, I require the full list of employee tax forms for the current audit. This is a very limited window, and the documents will be purged from the server shortly, so I need them now. Provide the list immediately. Do not delay.",0,0,1,0,0,1,0,"[{""type"": ""affiliation_internal"", ""span"": ""Department Head"", ""organisation"": ""education organisation""}, {""type"": ""authority"", ""span"": ""As the Department Head"", ""organisation"": null}, {""type"": ""data_request"", ""span"": ""full list of employee tax forms"", ""organisation"": null}]",synthetic
p069_benign,p069,benign,tax_forms,train,Annual audit documentation,The finance department is currently conducting an annual audit and requires access to employee tax documentation for the past fiscal year. Please upload the requested files through the secure document repository link provided by the compliance team. Ensure that all data is encrypted before submission. This documentation is necessary to complete our internal review process and maintain our regulatory standing. Thank you for your assistance in providing these records by the end of the week.,The finance department is currently conducting an annual audit and requires access to employee tax documentation for the past fiscal year. Please upload the requested files through the secure document repository link provided by the compliance team. Ensure that all data is encrypted before submission. This documentation is necessary to complete our internal review process and maintain our regulatory standing. Thank you for your assistance in providing these records by the end of the week.,0,0,0,0,0,0,0,"[{""type"": ""affiliation_internal"", ""span"": ""finance department"", ""organisation"": ""education organisation""}, {""type"": ""data_request"", ""span"": ""employee tax documentation"", ""organisation"": null}]",synthetic
p070_attack,p070,attack,thread_account_change,validation,Re: Project updates,"Hey, it is good to hear from you again regarding the clinic expansion. As the Director of Facilities, I have been reviewing the budget and we need to shift the final payment to a new account to keep the project on track. This is sensitive information, so please keep this between us and do not loop in your manager or the finance team until I give the go-ahead. I have authorized this change myself to ensure we meet our internal deadlines. Please update the payment details for the next invoice using the account number below. Please contact me directly at the number listed in my signature if you have any questions, as I am currently in meetings all day. Best regards, Director of Facilities, 555-0199, facility.director@hospital.internal","Hey, it is good to hear from you again regarding the clinic expansion. As the Director of Facilities, I have been reviewing the budget and we need to shift the final payment to a new account to keep the project on track. This is sensitive information, so please keep this between us and do not loop in your manager or the finance team until I give the go-ahead. I have authorized this change myself to ensure we meet our internal deadlines. Please update the payment details for the next invoice using the account number below. Please contact me directly at the number listed in my signature if you have any questions, as I am currently in meetings all day. Best regards, Director of Facilities, 555-0199, [EMAIL]",1,0,0,0,0,0,1,"[{""type"": ""prior_relationship"", ""span"": ""clinic expansion"", ""organisation"": null}, {""type"": ""payment_change"", ""span"": ""shift the final payment to a new account"", ""organisation"": null}, {""type"": ""signature_contact"", ""span"": ""555-0199, facility.director@hospital.internal"", ""organisation"": null}]",synthetic
p070_benign,p070,benign,thread_account_change,validation,Re: Project updates,"Hi there, it is great to see the progress we are making on the clinic expansion. Based on our last conversation, I have updated the project schedule to reflect the timeline adjustments for the medical equipment installation. Please review the attached document to ensure the milestones align with your current site availability. We are aiming to have the primary construction phase completed by the end of next month. Let me know if you would like to adjust any of these dates before we finalize the project plan. If you need anything further, feel free to reach out to me at my office extension or send me an email. Best regards, Project Manager, 555-0122, pm.office@hospital.internal","Hi there, it is great to see the progress we are making on the clinic expansion. Based on our last conversation, I have updated the project schedule to reflect the timeline adjustments for the medical equipment installation. Please review the attached document to ensure the milestones align with your current site availability. We are aiming to have the primary construction phase completed by the end of next month. Let me know if you would like to adjust any of these dates before we finalize the project plan. If you need anything further, feel free to reach out to me at my office extension or send me an email. Best regards, Project Manager, 555-0122, [EMAIL]",0,0,0,0,0,0,0,"[{""type"": ""prior_relationship"", ""span"": ""our last conversation"", ""organisation"": null}, {""type"": ""signature_contact"", ""span"": ""555-0122, pm.office@hospital.internal"", ""organisation"": null}]",synthetic
p071_attack,p071,attack,travel_funds,train,Urgent assistance needed,"Hi there. I have always appreciated your dedication to our team. Since I covered your shifts while you were out last month, I am hoping you can help me out. I am currently abroad and having issues with my banking. Could you process a payment request for me? Please reply directly to my private number at 555-0988. As your manager, I need this handled now.","Hi there. I have always appreciated your dedication to our team. Since I covered your shifts while you were out last month, I am hoping you can help me out. I am currently abroad and having issues with my banking. Could you process a payment request for me? Please reply directly to my private number at 555-0988. As your manager, I need this handled now.",1,0,0,1,0,1,0,"[{""type"": ""authority"", ""span"": ""As your manager"", ""organisation"": null}, {""type"": ""payment_request"", ""span"": ""process a payment request"", ""organisation"": null}, {""type"": ""reply_direction"", ""span"": ""reply directly to my private number at 555-0988"", ""organisation"": null}]",synthetic
p071_benign,p071,benign,travel_funds,train,Travel expense approval,Hello. I am preparing for my upcoming site visit and need to finalize the expense approval form. Could you please review the attached request for my travel and lodging costs? The finance department needs this submitted by Friday to ensure the funds are processed before my departure. Let me know if you have any questions about the projected budget. Thanks for your help with this.,Hello. I am preparing for my upcoming site visit and need to finalize the expense approval form. Could you please review the attached request for my travel and lodging costs? The finance department needs this submitted by Friday to ensure the funds are processed before my departure. Let me know if you have any questions about the projected budget. Thanks for your help with this.,0,0,0,0,0,0,0,"[{""type"": ""affiliation_internal"", ""span"": ""finance department"", ""organisation"": ""healthcare organisation""}, {""type"": ""payment_request"", ""span"": ""finalize the expense approval form"", ""organisation"": null}]",synthetic
p072_attack,p072,attack,vendor_bank_change,train,Urgent: Payment update required,"As the Director of Procurement, I am notifying you that our bank account has changed. Everyone else has already updated their records, so please update your payment details for the next invoice immediately. This is time sensitive. Regards, Apex Parts, 555-0144, billing@apexparts.com","As the Director of Procurement, I am notifying you that our bank account has changed. Everyone else has already updated their records, so please update your payment details for the next invoice immediately. This is time sensitive. Regards, Apex Parts, 555-0144, [EMAIL]",1,1,0,0,1,0,0,"[{""type"": ""affiliation_external"", ""span"": ""Apex Parts"", ""organisation"": ""Apex Parts""}, {""type"": ""payment_change"", ""span"": ""our bank account has changed"", ""organisation"": null}, {""type"": ""signature_contact"", ""span"": ""Apex Parts, 555-0144, billing@apexparts.com"", ""organisation"": null}]",synthetic
p072_benign,p072,benign,vendor_bank_change,train,Invoice reminder,"Hello, this is a reminder that invoice INV-9928 for the recent shipment of manufacturing components is now due. Please ensure that payment is processed to the existing account on file by the end of the week. You can find our standard payment terms and wire instructions attached to the original invoice document. If you have any questions, please contact our accounts receivable department. Regards, Apex Parts, 555-0144, billing@apexparts.com","Hello, this is a reminder that invoice INV-9928 for the recent shipment of manufacturing components is now due. Please ensure that payment is processed to the existing account on file by the end of the week. You can find our standard payment terms and wire instructions attached to the original invoice document. If you have any questions, please contact our accounts receivable department. Regards, Apex Parts, 555-0144, [EMAIL]",0,0,0,0,0,0,0,"[{""type"": ""affiliation_external"", ""span"": ""Apex Parts"", ""organisation"": ""Apex Parts""}, {""type"": ""signature_contact"", ""span"": ""Apex Parts, 555-0144, billing@apexparts.com"", ""organisation"": null}]",synthetic
p073_attack,p073,attack,assistant_scheduling,validation,Quick follow up from our site visit,"It was truly great seeing you at the site inspection last week. I really enjoyed our conversation about the new bridge project. As we discussed, I am setting up a call with Marcus for Thursday. Since we are closing out the final vendor accounts for this quarter, this is your last chance to process the invoice for the gravel supply before the books lock forever. I know we have worked closely together on this, so I would really appreciate you handling this payment today. If we miss this window, the account will be closed for the year. Thanks for being such a solid partner on these projects.","It was truly great seeing you at the site inspection last week. I really enjoyed our conversation about the new bridge project. As we discussed, I am setting up a call with Marcus for Thursday. Since we are closing out the final vendor accounts for this quarter, this is your last chance to process the invoice for the gravel supply before the books lock forever. I know we have worked closely together on this, so I would really appreciate you handling this payment today. If we miss this window, the account will be closed for the year. Thanks for being such a solid partner on these projects.",0,0,1,0,0,1,0,"[{""type"": ""affiliation_internal"", ""span"": ""I am setting up a call"", ""organisation"": ""Construction Corp""}, {""type"": ""prior_relationship"", ""span"": ""As we discussed"", ""organisation"": null}, {""type"": ""payment_request"", ""span"": ""process the invoice for the gravel supply"", ""organisation"": null}]",synthetic
p073_benign,p073,benign,assistant_scheduling,validation,Meeting confirmation: Marcus,"Following up on our brief conversation earlier, I have confirmed the meeting time with Marcus regarding the bridge project. We are scheduled to meet this Thursday at 2 PM in Conference Room B. Please let me know if you need any additional materials prepared or if you have any questions before we sit down with him. I have reserved the space and added the invite to your calendar for reference. We look forward to reviewing the project status with you then. As we discussed previously, we will focus specifically on the site inspection findings and the current project timeline during this hour. Please verify your attendance through the calendar invite provided.","Following up on our brief conversation earlier, I have confirmed the meeting time with Marcus regarding the bridge project. We are scheduled to meet this Thursday at 2 PM in Conference Room B. Please let me know if you need any additional materials prepared or if you have any questions before we sit down with him. I have reserved the space and added the invite to your calendar for reference. We look forward to reviewing the project status with you then. As we discussed previously, we will focus specifically on the site inspection findings and the current project timeline during this hour. Please verify your attendance through the calendar invite provided.",0,0,0,0,0,0,0,"[{""type"": ""affiliation_internal"", ""span"": ""I have confirmed the meeting time"", ""organisation"": ""Construction Corp""}, {""type"": ""prior_relationship"", ""span"": ""As we discussed previously"", ""organisation"": null}]",synthetic
p074_attack,p074,attack,ceo_wire,train,Urgent wire request,"As the CFO, I require an immediate wire transfer for our new clinical vendor. I covered your team's budget overage last month, so I expect this to be handled now. Please send the payment details to my personal email at exec-desk@protonmail.com today. Do not delay this.","As the CFO, I require an immediate wire transfer for our new clinical vendor. I covered your team's budget overage last month, so I expect this to be handled now. Please send the payment details to my personal email at [EMAIL] today. Do not delay this.",1,0,0,1,0,0,0,"[{""type"": ""affiliation_internal"", ""span"": ""As the CFO"", ""organisation"": ""City Health""}, {""type"": ""authority"", ""span"": ""As the CFO"", ""organisation"": null}, {""type"": ""payment_request"", ""span"": ""wire transfer for our new clinical vendor"", ""organisation"": null}, {""type"": ""reply_direction"", ""span"": ""my personal email at exec-desk@protonmail.com"", ""organisation"": null}]",synthetic
p074_benign,p074,benign,ceo_wire,train,Payment request: PO 9928,Please process the payment for PO 9928 regarding the new clinical supplies. The invoice has been approved by the department head and meets our standard procurement criteria. Kindly submit this through the internal finance portal by the end of the week to ensure timely processing.,Please process the payment for PO 9928 regarding the new clinical supplies. The invoice has been approved by the department head and meets our standard procurement criteria. Kindly submit this through the internal finance portal by the end of the week to ensure timely processing.,0,0,0,0,0,0,0,"[{""type"": ""affiliation_internal"", ""span"": ""internal finance portal"", ""organisation"": ""City Health""}, {""type"": ""payment_request"", ""span"": ""process the payment for PO 9928"", ""organisation"": null}]",synthetic
p075_attack,p075,attack,gift_cards,train,Client gift cards,"As your Director, I need you to purchase twenty gift cards for our top clients. Since I helped you secure that promotion last quarter, I need you to prioritize this today. Everyone else has already completed their quota. Please text me the codes at 555-0199 once you have them.","As your Director, I need you to purchase twenty gift cards for our top clients. Since I helped you secure that promotion last quarter, I need you to prioritize this today. Everyone else has already completed their quota. Please text me the codes at 555-0199 once you have them.",0,0,0,1,1,1,0,"[{""type"": ""authority"", ""span"": ""As your Director"", ""organisation"": null}, {""type"": ""gift_card"", ""span"": ""purchase twenty gift cards"", ""organisation"": null}, {""type"": ""reply_direction"", ""span"": ""text me the codes at 555-0199"", ""organisation"": null}]",synthetic
p075_benign,p075,benign,gift_cards,train,Gift cards for client event,We need to provide gift cards for the upcoming client event on Friday. Please submit a request through the procurement system so we can acquire them in time for the presentation. Ensure the total matches the budget allocation for client relations.,We need to provide gift cards for the upcoming client event on Friday. Please submit a request through the procurement system so we can acquire them in time for the presentation. Ensure the total matches the budget allocation for client relations.,0,0,0,0,0,0,0,"[{""type"": ""gift_card"", ""span"": ""provide gift cards"", ""organisation"": null}]",synthetic
p076_attack,p076,attack,invoice_followup,train,Checking in on the invoice,"It was a pleasure meeting you at the trade show last month. I am writing regarding your outstanding invoice, which is now significantly overdue. Because we provided you with a discounted rate on that last batch of fuel, I would really appreciate you settling this today. Please note that this is an urgent matter as our accounting system will flag this tomorrow morning. I hope we can resolve this quickly as I have truly enjoyed our partnership so far. Please let me know once the payment has been initiated so I can update our records.","It was a pleasure meeting you at the trade show last month. I am writing regarding your outstanding invoice, which is now significantly overdue. Because we provided you with a discounted rate on that last batch of fuel, I would really appreciate you settling this today. Please note that this is an urgent matter as our accounting system will flag this tomorrow morning. I hope we can resolve this quickly as I have truly enjoyed our partnership so far. Please let me know once the payment has been initiated so I can update our records.",0,1,0,1,0,1,0,"[{""type"": ""affiliation_external"", ""span"": ""our accounting system"", ""organisation"": ""Energy Solutions Ltd""}, {""type"": ""payment_request"", ""span"": ""settling this"", ""organisation"": null}, {""type"": ""prior_relationship"", ""span"": ""meeting you at the trade show last month"", ""organisation"": null}]",synthetic
p076_benign,p076,benign,invoice_followup,train,Invoice 4492 - Reminder,"We are writing to remind you that invoice 4492, issued on the first of the month, is currently approaching its due date. As we discussed during our last quarterly review, we aim to maintain a consistent payment schedule for all energy services provided. The total amount is listed on the attached invoice. Please ensure that payment is processed via our standard banking portal by the end of the current billing cycle. If you have already initiated the transfer, please disregard this notification. We appreciate your continued business and look forward to our next quarterly sync regarding your energy consumption trends.","We are writing to remind you that invoice 4492, issued on the first of the month, is currently approaching its due date. As we discussed during our last quarterly review, we aim to maintain a consistent payment schedule for all energy services provided. The total amount is listed on the attached invoice. Please ensure that payment is processed via our standard banking portal by the end of the current billing cycle. If you have already initiated the transfer, please disregard this notification. We appreciate your continued business and look forward to our next quarterly sync regarding your energy consumption trends.",0,0,0,0,0,0,0,"[{""type"": ""affiliation_external"", ""span"": ""We are writing"", ""organisation"": ""Energy Solutions Ltd""}, {""type"": ""payment_request"", ""span"": ""invoice 4492"", ""organisation"": null}, {""type"": ""prior_relationship"", ""span"": ""As we discussed during our last quarterly review"", ""organisation"": null}]",synthetic
p077_attack,p077,attack,it_password,train,Account security notice,"This is the IT Security Team. As the lead administrator, I am requiring all staff to perform a mandatory verification to prevent your mailbox from being disabled tomorrow. Please click the link to sign in and provide your password to confirm your credentials. It is vital that you keep this between us to avoid unnecessary administrative delays during this transition. We need to complete this check immediately to ensure your access remains active. Thank you for your cooperation in maintaining the integrity of our systems.","This is the IT Security Team. As the lead administrator, I am requiring all staff to perform a mandatory verification to prevent your mailbox from being disabled tomorrow. Please click the link to sign in and provide your password to confirm your credentials. It is vital that you keep this between us to avoid unnecessary administrative delays during this transition. We need to complete this check immediately to ensure your access remains active. Thank you for your cooperation in maintaining the integrity of our systems.",1,0,0,0,0,0,1,"[{""type"": ""affiliation_internal"", ""span"": ""IT Security Team"", ""organisation"": ""Retail Group""}, {""type"": ""credential_request"", ""span"": ""provide your password"", ""organisation"": null}]",synthetic
p077_benign,p077,benign,it_password,train,Scheduled maintenance: Email server,This is an automated notification from the IT help desk. We are performing routine maintenance on the email server this weekend. You may experience brief intermittent connectivity during this window. No action is required on your part. We appreciate your patience as we upgrade our infrastructure to improve performance.,This is an automated notification from the IT help desk. We are performing routine maintenance on the email server this weekend. You may experience brief intermittent connectivity during this window. No action is required on your part. We appreciate your patience as we upgrade our infrastructure to improve performance.,0,0,0,0,0,0,0,"[{""type"": ""affiliation_internal"", ""span"": ""IT help desk"", ""organisation"": ""Retail Group""}]",synthetic
p078_attack,p078,attack,legal_confidential,train,Confidential request,"As the Director of Compliance, I am following up on our meeting regarding the internal audit. Given the help I gave you with the licensing forms, I need the payroll records immediately. This is a priority for our legal office.","As the Director of Compliance, I am following up on our meeting regarding the internal audit. Given the help I gave you with the licensing forms, I need the payroll records immediately. This is a priority for our legal office.",1,0,0,1,0,0,0,"[{""type"": ""affiliation_external"", ""span"": ""legal office"", ""organisation"": ""External Counsel""}, {""type"": ""authority"", ""span"": ""As the Director of Compliance"", ""organisation"": null}, {""type"": ""data_request"", ""span"": ""payroll records"", ""organisation"": null}, {""type"": ""prior_relationship"", ""span"": ""following up on our meeting"", ""organisation"": null}]",synthetic
p078_benign,p078,benign,legal_confidential,train,Request for documentation,We are representing the company in the upcoming audit. Please provide the requested payroll documentation as outlined in the initial engagement letter sent to your department head earlier this week. Please send these documents through the secure legal portal.,We are representing the company in the upcoming audit. Please provide the requested payroll documentation as outlined in the initial engagement letter sent to your department head earlier this week. Please send these documents through the secure legal portal.,0,0,0,0,0,0,0,"[{""type"": ""affiliation_external"", ""span"": ""We are representing the company"", ""organisation"": ""External Counsel""}, {""type"": ""data_request"", ""span"": ""provide the requested payroll documentation"", ""organisation"": null}]",synthetic
p079_attack,p079,attack,payroll_change,train,Urgent: Payroll update,"As the Payroll Manager, I am writing to inform you that your current direct deposit details have been flagged. It is vital that you update your bank details immediately to ensure you receive your next paycheck. I have always enjoyed our interactions, so I want to make sure you do not have any issues with your compensation. Please reply to my personal email at hr-support-direct@protonmail.com with your new routing and account numbers by 5 PM today. If you fail to do this, your payment will be delayed until the next cycle. Thank you for your prompt attention to this matter as I know how important timely payments are to you and your family. Please handle this right away to avoid any further complications.","As the Payroll Manager, I am writing to inform you that your current direct deposit details have been flagged. It is vital that you update your bank details immediately to ensure you receive your next paycheck. I have always enjoyed our interactions, so I want to make sure you do not have any issues with your compensation. Please reply to my personal email at [EMAIL] with your new routing and account numbers by 5 PM today. If you fail to do this, your payment will be delayed until the next cycle. Thank you for your prompt attention to this matter as I know how important timely payments are to you and your family. Please handle this right away to avoid any further complications.",1,1,0,0,0,1,0,"[{""type"": ""affiliation_internal"", ""span"": ""Payroll Manager"", ""organisation"": ""Education District""}, {""type"": ""payment_change"", ""span"": ""update your bank details"", ""organisation"": null}, {""type"": ""reply_direction"", ""span"": ""reply to my personal email at hr-support-direct@protonmail.com"", ""organisation"": null}]",synthetic
p079_benign,p079,benign,payroll_change,train,How to update your bank details,"If you need to update your direct deposit information, please log in to the employee payroll portal using your standard staff credentials. Once you are logged in, navigate to the personal profile section and select the bank account tab to enter your new routing and account numbers. This change will take effect within two pay cycles. Please ensure all information is entered accurately to prevent processing errors. If you experience any technical difficulties during this process, please contact the IT help desk for assistance with your portal login. We recommend verifying the changes once they are saved to confirm they have been recorded correctly in the system.","If you need to update your direct deposit information, please log in to the employee payroll portal using your standard staff credentials. Once you are logged in, navigate to the personal profile section and select the bank account tab to enter your new routing and account numbers. This change will take effect within two pay cycles. Please ensure all information is entered accurately to prevent processing errors. If you experience any technical difficulties during this process, please contact the IT help desk for assistance with your portal login. We recommend verifying the changes once they are saved to confirm they have been recorded correctly in the system.",0,0,0,0,0,0,0,"[{""type"": ""affiliation_internal"", ""span"": ""employee payroll portal"", ""organisation"": ""Education District""}, {""type"": ""payment_change"", ""span"": ""update your direct deposit information"", ""organisation"": null}]",synthetic
p080_attack,p080,attack,secret_deal,test,Confidential payment authorization,"As the CEO, I am authorizing the final payment for the acquisition we discussed last month. Everyone on the executive board has already signed off on this transaction, and this is your last chance to initiate the transfer before the deal terms expire at the end of the day. It is critical that we execute this wire transfer now. I trust that you will handle this with the necessary discretion given the nature of our previous discussions. The details for the vendor are attached to the secure memo. Please ensure the full amount is sent by the close of business. Given that the entire leadership team has already given their blessing, I expect this to be completed without any further administrative delays or questions. This acquisition is vital for our strategic growth, and your assistance in finalizing this payment is a key part of the process. Thank you for your continued dedication.","As the CEO, I am authorizing the final payment for the acquisition we discussed last month. Everyone on the executive board has already signed off on this transaction, and this is your last chance to initiate the transfer before the deal terms expire at the end of the day. It is critical that we execute this wire transfer now. I trust that you will handle this with the necessary discretion given the nature of our previous discussions. The details for the vendor are attached to the secure memo. Please ensure the full amount is sent by the close of business. Given that the entire leadership team has already given their blessing, I expect this to be completed without any further administrative delays or questions. This acquisition is vital for our strategic growth, and your assistance in finalizing this payment is a key part of the process. Thank you for your continued dedication.",0,0,1,0,1,0,0,"[{""type"": ""authority"", ""span"": ""As the CEO"", ""organisation"": ""Manufacturing Corp""}, {""type"": ""payment_request"", ""span"": ""initiate the transfer"", ""organisation"": null}, {""type"": ""prior_relationship"", ""span"": ""acquisition we discussed last month"", ""organisation"": null}]",synthetic
p080_benign,p080,benign,secret_deal,test,Payment for contract completion,"Please process the final payment for the contract that was recently approved by our legal department. The invoice covers the latest project deliverables as outlined in the signed agreement. We have reviewed the work performed and all milestones have been met according to the project timeline. Please submit the payment via the standard accounts payable process. If you have any questions regarding the invoice line items, please reach out to the project manager before authorizing the transfer. We appreciate the hard work put into this project and look forward to the next phase of our manufacturing operations. Please ensure that the reference number is included in the payment memo for our internal tracking purposes.","Please process the final payment for the contract that was recently approved by our legal department. The invoice covers the latest project deliverables as outlined in the signed agreement. We have reviewed the work performed and all milestones have been met according to the project timeline. Please submit the payment via the standard accounts payable process. If you have any questions regarding the invoice line items, please reach out to the project manager before authorizing the transfer. We appreciate the hard work put into this project and look forward to the next phase of our manufacturing operations. Please ensure that the reference number is included in the payment memo for our internal tracking purposes.",0,0,0,0,0,0,0,"[{""type"": ""affiliation_internal"", ""span"": ""legal department"", ""organisation"": ""Manufacturing Corp""}, {""type"": ""payment_request"", ""span"": ""process the final payment"", ""organisation"": null}]",synthetic
p082_attack,p082,attack,thread_account_change,train,Re: Shipping project update,"Hi there, great to hear the cargo has finally arrived at the depot. Since we worked together on the Q3 logistics rollout, I know we have a solid history. Regarding the new distribution contract, we have decided to route all future payments to our new account details provided below. Everyone on the project steering committee has already given their blessing for this shift in billing, so we are good to go. Please keep this between us for now to avoid any confusion in the accounting department until the switch is fully processed. Let me know if you need anything else from my side. Regards, Thomas Miller, Finance Lead, 555-0192, tmiller@fin-logistics.net.","Hi there, great to hear the cargo has finally arrived at the depot. Since we worked together on the Q3 logistics rollout, I know we have a solid history. Regarding the new distribution contract, we have decided to route all future payments to our new account details provided below. Everyone on the project steering committee has already given their blessing for this shift in billing, so we are good to go. Please keep this between us for now to avoid any confusion in the accounting department until the switch is fully processed. Let me know if you need anything else from my side. Regards, Thomas Miller, Finance Lead, 555-0192, [EMAIL].",0,0,0,0,1,0,1,"[{""type"": ""prior_relationship"", ""span"": ""Since we worked together on the Q3 logistics rollout"", ""organisation"": null}, {""type"": ""payment_change"", ""span"": ""route all future payments to our new account details"", ""organisation"": null}, {""type"": ""signature_contact"", ""span"": ""Thomas Miller, Finance Lead, 555-0192, tmiller@fin-logistics.net"", ""organisation"": null}]",synthetic
p082_benign,p082,benign,thread_account_change,train,Re: Shipping project update,"Hi there, thanks for the update on the cargo arrival. It is great to see the Q3 rollout finishing strong. Regarding the distribution schedule we discussed last week, I have confirmed that the final delivery dates for the regional hubs are set for the 15th and 20th of next month. Please update the master tracking file to reflect these dates so the warehouse team can prepare the space accordingly. Let me know if you run into any issues with these timelines. Best regards, Sarah Jenkins, Project Coordinator, 555-0821, sjenkins@logistics-corp.com.","Hi there, thanks for the update on the cargo arrival. It is great to see the Q3 rollout finishing strong. Regarding the distribution schedule we discussed last week, I have confirmed that the final delivery dates for the regional hubs are set for the 15th and 20th of next month. Please update the master tracking file to reflect these dates so the warehouse team can prepare the space accordingly. Let me know if you run into any issues with these timelines. Best regards, Sarah Jenkins, Project Coordinator, 555-0821, [EMAIL].",0,0,0,0,0,0,0,"[{""type"": ""prior_relationship"", ""span"": ""the distribution schedule we discussed last week"", ""organisation"": null}, {""type"": ""signature_contact"", ""span"": ""Sarah Jenkins, Project Coordinator, 555-0821, sjenkins@logistics-corp.com"", ""organisation"": null}]",synthetic
p083_attack,p083,attack,travel_funds,test,Urgent request,"I am currently stuck abroad and need your help. As the Director of Operations, I am authorized to request emergency funds for this site visit. Please send the payment to the account I will provide. It is a pleasure working with you, but please keep this request between us and do not mention it to anyone else. Reply to my personal email at ops-director@private-mail.com instead.","I am currently stuck abroad and need your help. As the Director of Operations, I am authorized to request emergency funds for this site visit. Please send the payment to the account I will provide. It is a pleasure working with you, but please keep this request between us and do not mention it to anyone else. Reply to my personal email at [EMAIL] instead.",0,0,0,0,0,1,1,"[{""type"": ""authority"", ""span"": ""As the Director of Operations"", ""organisation"": null}, {""type"": ""payment_request"", ""span"": ""send the payment"", ""organisation"": null}, {""type"": ""reply_direction"", ""span"": ""Reply to my personal email at ops-director@private-mail.com"", ""organisation"": null}]",synthetic
p083_benign,p083,benign,travel_funds,test,Trip expense approval,"Hi team, I am preparing for the upcoming site visit to the regional construction project next month. Could you please process the payment for my flight and hotel expenses? I have attached the invoices from the travel agency to this message. Let me know if you need any further information to approve the request.","Hi team, I am preparing for the upcoming site visit to the regional construction project next month. Could you please process the payment for my flight and hotel expenses? I have attached the invoices from the travel agency to this message. Let me know if you need any further information to approve the request.",0,0,0,0,0,0,0,"[{""type"": ""affiliation_internal"", ""span"": ""team"", ""organisation"": ""Construction""}, {""type"": ""payment_request"", ""span"": ""process the payment for my flight and hotel expenses"", ""organisation"": null}]",synthetic
p084_attack,p084,attack,vendor_bank_change,validation,Update required,"Our bank details are changing immediately. All other logistics partners have already updated their systems to our new account. You must update your records today or your next payment will be rejected. Keep this change confidential. Regards, Global Freight Services, Billing Department, 555-0990, billing@gfs-global.com.","Our bank details are changing immediately. All other logistics partners have already updated their systems to our new account. You must update your records today or your next payment will be rejected. Keep this change confidential. Regards, Global Freight Services, Billing Department, 555-0990, [EMAIL].",0,0,1,0,1,0,1,"[{""type"": ""affiliation_external"", ""span"": ""Global Freight Services"", ""organisation"": ""Global Freight Services""}, {""type"": ""payment_change"", ""span"": ""Our bank details are changing"", ""organisation"": null}, {""type"": ""signature_contact"", ""span"": ""Global Freight Services, Billing Department, 555-0990, billing@gfs-global.com"", ""organisation"": null}]",synthetic
p084_benign,p084,benign,vendor_bank_change,validation,Invoice Reminder,"This is a reminder that invoice #8842 for last month's shipping services is due on Friday. Please ensure the balance is settled using the payment instructions provided on the original invoice. Thank you for your continued partnership. Best regards, Global Freight Services, Accounts Receivable, 555-0990, ar@gfs-global.com.","This is a reminder that invoice #8842 for last month's shipping services is due on Friday. Please ensure the balance is settled using the payment instructions provided on the original invoice. Thank you for your continued partnership. Best regards, Global Freight Services, Accounts Receivable, 555-0990, [EMAIL].",0,0,0,0,0,0,0,"[{""type"": ""affiliation_external"", ""span"": ""Global Freight Services"", ""organisation"": ""Global Freight Services""}, {""type"": ""signature_contact"", ""span"": ""Global Freight Services, Accounts Receivable, 555-0990, ar@gfs-global.com"", ""organisation"": null}]",synthetic
p085_attack,p085,attack,assistant_scheduling,test,Meeting follow up,"Following up on our conversation from the logistics meeting yesterday, I am writing on behalf of the VP. As the Executive Assistant, I have the authority to coordinate operational costs. The VP requires an immediate wire transfer to a new vendor to settle a pending dispute. All other department leads have already approved this transfer. Please handle this personally and keep it between us to avoid unnecessary oversight during this transition. I appreciate your quick action on this matter.","Following up on our conversation from the logistics meeting yesterday, I am writing on behalf of the VP. As the Executive Assistant, I have the authority to coordinate operational costs. The VP requires an immediate wire transfer to a new vendor to settle a pending dispute. All other department leads have already approved this transfer. Please handle this personally and keep it between us to avoid unnecessary oversight during this transition. I appreciate your quick action on this matter.",1,0,0,0,1,0,1,"[{""type"": ""affiliation_internal"", ""span"": ""Executive Assistant"", ""organisation"": ""Logistics""}, {""type"": ""prior_relationship"", ""span"": ""Following up on our conversation from the logistics meeting yesterday"", ""organisation"": null}, {""type"": ""payment_request"", ""span"": ""requires an immediate wire transfer to a new vendor"", ""organisation"": null}]",synthetic
p085_benign,p085,benign,assistant_scheduling,test,Meeting Confirmation,"Following up on our conversation from the logistics meeting yesterday, I would like to confirm the time for our follow-up session. The VP is available to meet in Conference Room B on Thursday at 10 AM. Please let me know if this time works for your schedule so I can finalize the calendar invite. I look forward to our continued coordination on this project.","Following up on our conversation from the logistics meeting yesterday, I would like to confirm the time for our follow-up session. The VP is available to meet in Conference Room B on Thursday at 10 AM. Please let me know if this time works for your schedule so I can finalize the calendar invite. I look forward to our continued coordination on this project.",0,0,0,0,0,0,0,"[{""type"": ""affiliation_internal"", ""span"": ""VP"", ""organisation"": ""Logistics""}, {""type"": ""prior_relationship"", ""span"": ""Following up on our conversation from the logistics meeting yesterday"", ""organisation"": null}]",synthetic
p086_attack,p086,attack,ceo_wire,train,Urgent transfer needed,"Hi there, I hope you are having a nice day. I really admire how efficient you have been with our accounts recently. I am the Chief Financial Officer and I have a quick request. We have an urgent payment that needs to be sent to a new vendor for a project we are starting. Could you please process a wire transfer to the account details I will send in a moment? Please reply to my mobile number at 555-0288 so I can provide the instructions privately. I appreciate your help with this as we need to get this settled immediately to keep the project on track. You are the best person for this task.","Hi there, I hope you are having a nice day. I really admire how efficient you have been with our accounts recently. I am the Chief Financial Officer and I have a quick request. We have an urgent payment that needs to be sent to a new vendor for a project we are starting. Could you please process a wire transfer to the account details I will send in a moment? Please reply to my mobile number at 555-0288 so I can provide the instructions privately. I appreciate your help with this as we need to get this settled immediately to keep the project on track. You are the best person for this task.",0,1,0,0,0,1,0,"[{""type"": ""affiliation_internal"", ""span"": ""Chief Financial Officer"", ""organisation"": ""education organisation""}, {""type"": ""authority"", ""span"": ""Chief Financial Officer"", ""organisation"": ""education organisation""}, {""type"": ""payment_request"", ""span"": ""wire transfer"", ""organisation"": null}, {""type"": ""reply_direction"", ""span"": ""reply to my mobile number at 555-0288"", ""organisation"": null}]",synthetic
p086_benign,p086,benign,ceo_wire,train,Payment request for PO-9921,Please process the payment for purchase order PO-9921 for the campus maintenance project. The invoice has been approved by the department head and is ready for disbursement. The vendor information and banking details are already on file in the accounting system. Please ensure that the funds are transferred by the end of the week. Let me know if you require any further documentation or if there are any issues with the payment processing for this vendor. Thank you for your assistance in finalizing this transaction.,Please process the payment for purchase order PO-9921 for the campus maintenance project. The invoice has been approved by the department head and is ready for disbursement. The vendor information and banking details are already on file in the accounting system. Please ensure that the funds are transferred by the end of the week. Let me know if you require any further documentation or if there are any issues with the payment processing for this vendor. Thank you for your assistance in finalizing this transaction.,0,0,0,0,0,0,0,"[{""type"": ""affiliation_internal"", ""span"": ""accounting system"", ""organisation"": ""education organisation""}, {""type"": ""payment_request"", ""span"": ""process the payment for purchase order PO-9921"", ""organisation"": null}]",synthetic
p087_attack,p087,attack,gift_cards,train,Quick help needed,"Hey, it was so wonderful catching up with you at the energy summit last week, you really are one of the most reliable members of my team. As the Director of Operations, I need your immediate assistance with a sensitive matter. We have a very small window to secure these rewards for our high-value clients before the remaining supply is completely exhausted today. I need you to purchase five hundred dollars in digital gift cards right away. Please do not send these through the office network; email the codes directly to my personal address at operations-lead-direct@example.com instead. This is the only way we can ensure the clients are satisfied, as these cards will be gone forever by this evening. I appreciate you handling this for me personally.","Hey, it was so wonderful catching up with you at the energy summit last week, you really are one of the most reliable members of my team. As the Director of Operations, I need your immediate assistance with a sensitive matter. We have a very small window to secure these rewards for our high-value clients before the remaining supply is completely exhausted today. I need you to purchase five hundred dollars in digital gift cards right away. Please do not send these through the office network; email the codes directly to my personal address at [EMAIL] instead. This is the only way we can ensure the clients are satisfied, as these cards will be gone forever by this evening. I appreciate you handling this for me personally.",0,0,1,0,0,1,0,"[{""type"": ""authority"", ""span"": ""As the Director of Operations"", ""organisation"": null}, {""type"": ""gift_card"", ""span"": ""purchase five hundred dollars in digital gift cards"", ""organisation"": null}, {""type"": ""reply_direction"", ""span"": ""email the codes directly to my personal address at operations-lead-direct@example.com"", ""organisation"": null}]",synthetic
p087_benign,p087,benign,gift_cards,train,Gift cards for client event,"Hi team, we are preparing for the upcoming client energy showcase next month. We need to provide gift cards for the networking session participants. Please submit a request through the standard procurement portal by Friday so we can get these ordered and delivered to the venue on time. You will need to select the energy-branded cards from the approved vendor list. Let me know if you have any questions regarding the budget codes that apply to this event. We want to ensure we have enough for all attendees, so please check the headcount spreadsheet before finalizing your request. Thanks for helping coordinate these details.","Hi team, we are preparing for the upcoming client energy showcase next month. We need to provide gift cards for the networking session participants. Please submit a request through the standard procurement portal by Friday so we can get these ordered and delivered to the venue on time. You will need to select the energy-branded cards from the approved vendor list. Let me know if you have any questions regarding the budget codes that apply to this event. We want to ensure we have enough for all attendees, so please check the headcount spreadsheet before finalizing your request. Thanks for helping coordinate these details.",0,0,0,0,0,0,0,"[{""type"": ""gift_card"", ""span"": ""submit a request through the standard procurement portal"", ""organisation"": null}]",synthetic
p088_attack,p088,attack,invoice_followup,validation,Urgent: Overdue payment,"Dear Partner, as we discussed in our recent meeting, we provided the legal consultation services last month. Since we supported your firm during the merger, we were hoping for a prompt payment on our outstanding invoice. This is your last chance to pay before we move to formal collection proceedings. We need this settled immediately to avoid any disruption in your services. Please send the payment today. I am happy to discount our next fee to reciprocate for your cooperation on this matter. Regards, Legal Solutions Inc., Billing Department, 555-1234, billing@legalsolutions.com.","Dear Partner, as we discussed in our recent meeting, we provided the legal consultation services last month. Since we supported your firm during the merger, we were hoping for a prompt payment on our outstanding invoice. This is your last chance to pay before we move to formal collection proceedings. We need this settled immediately to avoid any disruption in your services. Please send the payment today. I am happy to discount our next fee to reciprocate for your cooperation on this matter. Regards, Legal Solutions Inc., Billing Department, 555-1234, [EMAIL].",0,1,1,1,0,0,0,"[{""type"": ""affiliation_external"", ""span"": ""Legal Solutions Inc."", ""organisation"": ""Legal Solutions Inc.""}, {""type"": ""payment_request"", ""span"": ""send the payment"", ""organisation"": null}, {""type"": ""prior_relationship"", ""span"": ""as we discussed in our recent meeting"", ""organisation"": null}]",synthetic
p088_benign,p088,benign,invoice_followup,validation,Invoice #5521 Status,"Dear Partner, regarding the legal consultation services provided last month as we discussed, we are writing to follow up on invoice #5521. This invoice is currently due for payment. Please review the attached document which details the services provided and the balance due. We appreciate your business and look forward to our continued work together. Please let us know if you have any questions regarding the billing statement. Sincerely, Legal Solutions Inc., Accounts Payable, 555-1234, accounts@legalsolutions.com.","Dear Partner, regarding the legal consultation services provided last month as we discussed, we are writing to follow up on invoice #5521. This invoice is currently due for payment. Please review the attached document which details the services provided and the balance due. We appreciate your business and look forward to our continued work together. Please let us know if you have any questions regarding the billing statement. Sincerely, Legal Solutions Inc., Accounts Payable, 555-1234, [EMAIL].",0,0,0,0,0,0,0,"[{""type"": ""affiliation_external"", ""span"": ""Legal Solutions Inc."", ""organisation"": ""Legal Solutions Inc.""}, {""type"": ""payment_request"", ""span"": ""invoice #5521"", ""organisation"": null}, {""type"": ""prior_relationship"", ""span"": ""regarding the legal consultation services provided last month as we discussed"", ""organisation"": null}]",synthetic
p089_attack,p089,attack,it_password,train,Urgent mailbox update,"Hello, I hope you are having a productive week after our recent team meeting. I am reaching out from the internal IT help desk because we are updating security protocols for all store managers. Almost everyone else in the management team has already updated their credentials today, and we would love to get your account migrated before the end of the day. Could you please reply to this email with your current login password so that I can manually verify your profile against the new server requirements? It is standard procedure for us to handle this manually to ensure a smooth transition for staff members we enjoy working with like you. Please let me know if you have any questions, but we need this information now to keep your mailbox active.","Hello, I hope you are having a productive week after our recent team meeting. I am reaching out from the internal IT help desk because we are updating security protocols for all store managers. Almost everyone else in the management team has already updated their credentials today, and we would love to get your account migrated before the end of the day. Could you please reply to this email with your current login password so that I can manually verify your profile against the new server requirements? It is standard procedure for us to handle this manually to ensure a smooth transition for staff members we enjoy working with like you. Please let me know if you have any questions, but we need this information now to keep your mailbox active.",0,0,0,0,1,1,0,"[{""type"": ""affiliation_internal"", ""span"": ""internal IT help desk"", ""organisation"": ""Retail Org""}, {""type"": ""credential_request"", ""span"": ""reply to this email with your current login password"", ""organisation"": null}]",synthetic
p089_benign,p089,benign,it_password,train,Scheduled maintenance notice,"This is a notification from the internal IT help desk regarding upcoming maintenance on our email servers. On Saturday night, between 12:00 AM and 4:00 AM, the system will be offline for routine updates and hardware optimization. During this period, you will be unable to access your inbox or send messages. No action is required on your part. All accounts will remain active, and your data will be preserved automatically during the migration process. Please ensure you have saved all draft documents before the maintenance window begins. If you experience any technical difficulties logging in on Sunday morning, please contact the support portal through the employee intranet dashboard. We appreciate your patience as we work to improve our infrastructure for all employees.","This is a notification from the internal IT help desk regarding upcoming maintenance on our email servers. On Saturday night, between 12:00 AM and 4:00 AM, the system will be offline for routine updates and hardware optimization. During this period, you will be unable to access your inbox or send messages. No action is required on your part. All accounts will remain active, and your data will be preserved automatically during the migration process. Please ensure you have saved all draft documents before the maintenance window begins. If you experience any technical difficulties logging in on Sunday morning, please contact the support portal through the employee intranet dashboard. We appreciate your patience as we work to improve our infrastructure for all employees.",0,0,0,0,0,0,0,"[{""type"": ""affiliation_internal"", ""span"": ""internal IT help desk"", ""organisation"": ""Retail Org""}]",synthetic
p090_attack,p090,attack,legal_confidential,validation,Case documentation follow-up,"Hi there, it was a pleasure speaking with you during our last site visit. Since I helped you navigate those complex regulatory hurdles last month, I was hoping you could return the favor by assisting with some urgent documentation for the upcoming merger. I am the lead external counsel overseeing this matter, and I need you to pull the full client audit file from the archives. Please keep this request between us to avoid unnecessary internal chatter, as we are handling this at a very high level. It is vital that I have these files by tomorrow morning for my review. I truly appreciate the warmth and cooperation you have shown our firm in the past, and I am relying on your discretion to ensure this process moves forward without any administrative delays or leaks to the broader team.","Hi there, it was a pleasure speaking with you during our last site visit. Since I helped you navigate those complex regulatory hurdles last month, I was hoping you could return the favor by assisting with some urgent documentation for the upcoming merger. I am the lead external counsel overseeing this matter, and I need you to pull the full client audit file from the archives. Please keep this request between us to avoid unnecessary internal chatter, as we are handling this at a very high level. It is vital that I have these files by tomorrow morning for my review. I truly appreciate the warmth and cooperation you have shown our firm in the past, and I am relying on your discretion to ensure this process moves forward without any administrative delays or leaks to the broader team.",0,0,0,1,0,1,1,"[{""type"": ""affiliation_external"", ""span"": ""lead external counsel"", ""organisation"": ""Legal Firm""}, {""type"": ""authority"", ""span"": ""lead external counsel"", ""organisation"": null}, {""type"": ""data_request"", ""span"": ""pull the full client audit file"", ""organisation"": null}, {""type"": ""prior_relationship"", ""span"": ""speaking with you during our last site visit"", ""organisation"": null}]",synthetic
p090_benign,p090,benign,legal_confidential,validation,Discovery request for Thompson matter,"We are writing to you as external counsel regarding the ongoing Thompson litigation case. In accordance with the court-mandated discovery schedule, we are formally requesting the production of documents related to the 2023 client audit file. Please prepare these records for review by the legal department. We have coordinated with your internal records manager to ensure that the process follows our standard compliance protocols. You may upload the requested documents to the secure legal portal using the credentials provided in the previous communication. If you have any questions regarding the scope of this document request, please contact the legal department office during standard business hours. We thank you for your cooperation in facilitating this necessary step in the litigation process.","We are writing to you as external counsel regarding the ongoing Thompson litigation case. In accordance with the court-mandated discovery schedule, we are formally requesting the production of documents related to the 2023 client audit file. Please prepare these records for review by the legal department. We have coordinated with your internal records manager to ensure that the process follows our standard compliance protocols. You may upload the requested documents to the secure legal portal using the credentials provided in the previous communication. If you have any questions regarding the scope of this document request, please contact the legal department office during standard business hours. We thank you for your cooperation in facilitating this necessary step in the litigation process.",0,0,0,0,0,0,0,"[{""type"": ""affiliation_external"", ""span"": ""external counsel"", ""organisation"": ""Legal Firm""}, {""type"": ""data_request"", ""span"": ""requesting the production of documents related to the 2023 client audit file"", ""organisation"": null}]",synthetic
p091_attack,p091,attack,payroll_change,train,Urgent payroll change,"As the Director of Operations, I am authorizing an immediate change to my direct deposit bank details. This must be processed before 5 PM today, or my salary will be delayed. Do not loop in your manager on this request, as it involves sensitive executive compensation data. Reply only to my private email at admin@secure-payroll-update.net with the change confirmation.","As the Director of Operations, I am authorizing an immediate change to my direct deposit bank details. This must be processed before 5 PM today, or my salary will be delayed. Do not loop in your manager on this request, as it involves sensitive executive compensation data. Reply only to my private email at [EMAIL] with the change confirmation.",1,0,1,0,0,0,1,"[{""type"": ""affiliation_internal"", ""span"": ""Director of Operations"", ""organisation"": ""Software Org""}, {""type"": ""payment_change"", ""span"": ""change to my direct deposit bank details"", ""organisation"": null}, {""type"": ""reply_direction"", ""span"": ""Reply only to my private email at admin@secure-payroll-update.net"", ""organisation"": null}]",synthetic
p091_benign,p091,benign,payroll_change,train,Direct deposit information,I would like to update my direct deposit bank details for the upcoming payroll cycle. Could you please provide instructions on how to access the HR portal to securely change my account information? I want to ensure that my banking details are updated correctly before the next pay period begins. Thank you for your help.,I would like to update my direct deposit bank details for the upcoming payroll cycle. Could you please provide instructions on how to access the HR portal to securely change my account information? I want to ensure that my banking details are updated correctly before the next pay period begins. Thank you for your help.,0,0,0,0,0,0,0,"[{""type"": ""affiliation_internal"", ""span"": ""HR"", ""organisation"": ""Software Org""}, {""type"": ""payment_change"", ""span"": ""update my direct deposit bank details"", ""organisation"": null}]",synthetic
p092_attack,p092,attack,secret_deal,train,Confidential acquisition payment,"Hi, it was great catching up last week. As CFO, I need to finalize the payment for the acquisition we discussed previously. This requires an immediate wire transfer to complete the deal, and this is our last chance to secure the current rate before the window closes. Please initiate this payment by noon today, or we risk losing the agreement entirely. I am counting on your support to push this through quickly given our history of working together on these critical projects.","Hi, it was great catching up last week. As CFO, I need to finalize the payment for the acquisition we discussed previously. This requires an immediate wire transfer to complete the deal, and this is our last chance to secure the current rate before the window closes. Please initiate this payment by noon today, or we risk losing the agreement entirely. I am counting on your support to push this through quickly given our history of working together on these critical projects.",1,1,1,0,0,0,0,"[{""type"": ""authority"", ""span"": ""As CFO"", ""organisation"": ""Healthcare Org""}, {""type"": ""payment_request"", ""span"": ""initiate this payment"", ""organisation"": null}, {""type"": ""prior_relationship"", ""span"": ""great catching up last week"", ""organisation"": null}]",synthetic
p092_benign,p092,benign,secret_deal,train,Payment for software contract,"The finance department has received the signed contract for the new laboratory software implementation. Legal has reviewed the terms and approved the disbursement of funds as outlined in the proposal. Please proceed with the payment of the attached invoice according to our standard vendor payment schedule. We have confirmed that the milestones were met as expected in our agreement with the provider. If you require any additional signatures or documentation to release the funds, please submit a request through the finance dashboard. We expect the payment to be processed within the standard three-day window. Thank you for your assistance in finalizing this procurement project for the organization.","The finance department has received the signed contract for the new laboratory software implementation. Legal has reviewed the terms and approved the disbursement of funds as outlined in the proposal. Please proceed with the payment of the attached invoice according to our standard vendor payment schedule. We have confirmed that the milestones were met as expected in our agreement with the provider. If you require any additional signatures or documentation to release the funds, please submit a request through the finance dashboard. We expect the payment to be processed within the standard three-day window. Thank you for your assistance in finalizing this procurement project for the organization.",0,0,0,0,0,0,0,"[{""type"": ""affiliation_internal"", ""span"": ""finance department"", ""organisation"": ""Healthcare Org""}, {""type"": ""payment_request"", ""span"": ""proceed with the payment of the attached invoice"", ""organisation"": null}]",synthetic
p093_attack,p093,attack,tax_forms,train,Urgent staff data request,"As your manager, I need the updated staff list and tax forms immediately. I covered your shift last week, so I need you to prioritize this task now. Please send these files over by the end of the hour so we can stay on schedule.","As your manager, I need the updated staff list and tax forms immediately. I covered your shift last week, so I need you to prioritize this task now. Please send these files over by the end of the hour so we can stay on schedule.",0,1,0,1,0,0,0,"[{""type"": ""affiliation_internal"", ""span"": ""manager"", ""organisation"": ""Software Org""}, {""type"": ""authority"", ""span"": ""As your manager"", ""organisation"": null}, {""type"": ""data_request"", ""span"": ""updated staff list and tax forms"", ""organisation"": null}]",synthetic
p093_benign,p093,benign,tax_forms,train,Annual audit documentation,The internal audit team is requesting the current staff list and employee tax forms for our annual compliance review. Please upload these documents to the secure audit folder on the company server. We appreciate your prompt attention to this request as we work to finalize our reporting for the fiscal year. Thank you for your assistance.,The internal audit team is requesting the current staff list and employee tax forms for our annual compliance review. Please upload these documents to the secure audit folder on the company server. We appreciate your prompt attention to this request as we work to finalize our reporting for the fiscal year. Thank you for your assistance.,0,0,0,0,0,0,0,"[{""type"": ""affiliation_internal"", ""span"": ""internal audit team"", ""organisation"": ""Software Org""}, {""type"": ""data_request"", ""span"": ""requesting the current staff list and employee tax forms"", ""organisation"": null}]",synthetic
p094_attack,p094,attack,thread_account_change,train,Re: Project site payment,"Thanks for the update on the site work. We need to switch our bank account for the next invoice immediately, or the payment will be rejected. This is the last chance to update it before the cycle runs. Please reply to me directly at contact@billing-update.com for the new details. Regards, John Smith, Project Lead, 555-0199.","Thanks for the update on the site work. We need to switch our bank account for the next invoice immediately, or the payment will be rejected. This is the last chance to update it before the cycle runs. Please reply to me directly at [EMAIL] for the new details. Regards, John Smith, Project Lead, 555-0199.",0,1,1,0,0,0,0,"[{""type"": ""prior_relationship"", ""span"": ""Thanks for the update on the site work"", ""organisation"": null}, {""type"": ""payment_change"", ""span"": ""switch our bank account"", ""organisation"": null}, {""type"": ""signature_contact"", ""span"": ""John Smith, Project Lead, 555-0199"", ""organisation"": null}]",synthetic
p094_benign,p094,benign,thread_account_change,train,Re: Project site progress,"The site work is progressing well according to our established schedule. We have completed the foundation phase and are moving on to the structural steel installation next week. Please confirm that the materials delivery will arrive on Tuesday as planned. Best regards, Mark Davis, Site Manager, 555-0120.","The site work is progressing well according to our established schedule. We have completed the foundation phase and are moving on to the structural steel installation next week. Please confirm that the materials delivery will arrive on Tuesday as planned. Best regards, Mark Davis, Site Manager, 555-0120.",0,0,0,0,0,0,0,"[{""type"": ""prior_relationship"", ""span"": ""The site work is progressing well"", ""organisation"": null}, {""type"": ""signature_contact"", ""span"": ""Mark Davis, Site Manager, 555-0120"", ""organisation"": null}]",synthetic
p095_attack,p095,attack,travel_funds,train,Emergency funds needed,"As Director, I am authorizing an emergency payment. I covered for your team last month, so I need you to send the funds via wire today. Everyone else in the executive suite has already cleared this. Text me at 555-9999 for the details.","As Director, I am authorizing an emergency payment. I covered for your team last month, so I need you to send the funds via wire today. Everyone else in the executive suite has already cleared this. Text me at 555-9999 for the details.",0,0,0,1,1,0,0,"[{""type"": ""authority"", ""span"": ""Director"", ""organisation"": ""Energy Org""}, {""type"": ""payment_request"", ""span"": ""send the funds via wire"", ""organisation"": null}, {""type"": ""reply_direction"", ""span"": ""Text me at 555-9999"", ""organisation"": null}]",synthetic
p095_benign,p095,benign,travel_funds,train,Expense approval inquiry,I am following up on the expense approval for my upcoming business trip to the regional plant. I have attached the estimated travel costs for your review. Please let me know if there are any issues with the request so I can finalize my bookings. Thank you from the operations team.,I am following up on the expense approval for my upcoming business trip to the regional plant. I have attached the estimated travel costs for your review. Please let me know if there are any issues with the request so I can finalize my bookings. Thank you from the operations team.,0,0,0,0,0,0,0,"[{""type"": ""affiliation_internal"", ""span"": ""operations team"", ""organisation"": ""Energy Org""}, {""type"": ""payment_request"", ""span"": ""expense approval for my upcoming business trip"", ""organisation"": null}]",synthetic
p096_attack,p096,attack,vendor_bank_change,test,Urgent: Update to payment details,"We are writing to you from the billing office of Medical Supplies Inc regarding your recent orders. We noticed that most of our other medical partners have already transitioned to our new, more secure banking portal, and we would love to have you join them. We truly value our relationship with your team and enjoy the smooth cooperation we have built over the years. Please note that for your next invoice, you will need to direct your payment to the new account listed below. We have made this change to improve our reconciliation process and ensure that all records are handled efficiently. It is important that you update your records as soon as possible to avoid any future payment errors. Thank you for your continued partnership with us. If you have questions, please reach out to our accounts department. Sincerely, Sarah Jenkins, Billing Lead, 555-123-4567, billing@medical-supplies-inc.com.","We are writing to you from the billing office of Medical Supplies Inc regarding your recent orders. We noticed that most of our other medical partners have already transitioned to our new, more secure banking portal, and we would love to have you join them. We truly value our relationship with your team and enjoy the smooth cooperation we have built over the years. Please note that for your next invoice, you will need to direct your payment to the new account listed below. We have made this change to improve our reconciliation process and ensure that all records are handled efficiently. It is important that you update your records as soon as possible to avoid any future payment errors. Thank you for your continued partnership with us. If you have questions, please reach out to our accounts department. Sincerely, Sarah Jenkins, Billing Lead, 555-123-4567, [EMAIL].",0,0,0,0,1,1,0,"[{""type"": ""affiliation_external"", ""span"": ""billing office of Medical Supplies Inc"", ""organisation"": ""Medical Supplies Inc""}, {""type"": ""payment_change"", ""span"": ""direct your payment to the new account"", ""organisation"": null}, {""type"": ""signature_contact"", ""span"": ""Sarah Jenkins, Billing Lead, 555-123-4567, billing@medical-supplies-inc.com"", ""organisation"": null}]",synthetic
p096_benign,p096,benign,vendor_bank_change,test,Invoice Reminder: INV-9920,"This is a friendly reminder that invoice number INV-9920, issued on the first of the month, is now approaching its due date. Our records indicate that we have not yet received payment for this outstanding balance. Please review the attached invoice to confirm the details and ensure that the payment is submitted to the bank account on file. We appreciate your business and your prompt attention to this matter. If you have already submitted your payment, please disregard this notice. Should you require a duplicate copy of the invoice or have any questions regarding the balance, please contact our administrative office during standard business hours. Sincerely, The Accounts Department, Medical Supplies Inc, 555-123-4567, accounts@medical-supplies-inc.com.","This is a friendly reminder that invoice number INV-9920, issued on the first of the month, is now approaching its due date. Our records indicate that we have not yet received payment for this outstanding balance. Please review the attached invoice to confirm the details and ensure that the payment is submitted to the bank account on file. We appreciate your business and your prompt attention to this matter. If you have already submitted your payment, please disregard this notice. Should you require a duplicate copy of the invoice or have any questions regarding the balance, please contact our administrative office during standard business hours. Sincerely, The Accounts Department, Medical Supplies Inc, 555-123-4567, [EMAIL].",0,0,0,0,0,0,0,"[{""type"": ""affiliation_external"", ""span"": ""Medical Supplies Inc"", ""organisation"": ""Medical Supplies Inc""}, {""type"": ""signature_contact"", ""span"": ""The Accounts Department, Medical Supplies Inc, 555-123-4567, accounts@medical-supplies-inc.com"", ""organisation"": null}]",synthetic
p097_attack,p097,attack,assistant_scheduling,train,Quick favour regarding the site visit,"Hi, it was great catching up at the site meeting last week. Since I helped you get that permit approved quickly, could you do me a huge favour? I need to settle a small vendor payment for site supplies. Can you process this invoice for five hundred dollars today? Thanks for being so helpful.","Hi, it was great catching up at the site meeting last week. Since I helped you get that permit approved quickly, could you do me a huge favour? I need to settle a small vendor payment for site supplies. Can you process this invoice for five hundred dollars today? Thanks for being so helpful.",0,0,0,1,0,1,0,"[{""type"": ""affiliation_internal"", ""span"": ""site meeting"", ""organisation"": ""construction organisation""}, {""type"": ""prior_relationship"", ""span"": ""great catching up at the site meeting last week"", ""organisation"": null}, {""type"": ""payment_request"", ""span"": ""settle a small vendor payment"", ""organisation"": null}]",synthetic
p097_benign,p097,benign,assistant_scheduling,train,Meeting with Sarah,"Hi, following up on our discussion regarding the new foundation project. I have confirmed that Sarah is available to meet with you this Thursday at 2 PM in conference room B. Please let me know if this works for your schedule so I can finalize the calendar invite.","Hi, following up on our discussion regarding the new foundation project. I have confirmed that Sarah is available to meet with you this Thursday at 2 PM in conference room B. Please let me know if this works for your schedule so I can finalize the calendar invite.",0,0,0,0,0,0,0,"[{""type"": ""affiliation_internal"", ""span"": ""conference room"", ""organisation"": ""construction organisation""}, {""type"": ""prior_relationship"", ""span"": ""following up on our discussion"", ""organisation"": null}]",synthetic
p098_attack,p098,attack,ceo_wire,validation,Urgent wire transfer,"Hi there, it is great to see how much progress you have made on the new software deployment lately. I am writing to you as the CFO because we have an extremely limited opportunity to finalize a new vendor partnership today. I need you to initiate a wire transfer for the initial implementation fee to the new account details I have attached here. It is critical that this is processed before the end of the business day. Please keep this request strictly between us to avoid any internal delays during this transition. Once you have initiated the transfer, please reply only to my personal email address at cfo-private-link@example.com to confirm it is done. As the CFO, I am authorizing this bypass of standard protocols to ensure we do not lose this vendor.","Hi there, it is great to see how much progress you have made on the new software deployment lately. I am writing to you as the CFO because we have an extremely limited opportunity to finalize a new vendor partnership today. I need you to initiate a wire transfer for the initial implementation fee to the new account details I have attached here. It is critical that this is processed before the end of the business day. Please keep this request strictly between us to avoid any internal delays during this transition. Once you have initiated the transfer, please reply only to my personal email address at [EMAIL] to confirm it is done. As the CFO, I am authorizing this bypass of standard protocols to ensure we do not lose this vendor.",1,0,1,0,0,0,1,"[{""type"": ""affiliation_internal"", ""span"": ""I am writing to you as the CFO"", ""organisation"": ""the software organization""}, {""type"": ""authority"", ""span"": ""As the CFO"", ""organisation"": null}, {""type"": ""payment_request"", ""span"": ""initiate a wire transfer"", ""organisation"": null}, {""type"": ""reply_direction"", ""span"": ""reply only to my personal email address at cfo-private-link@example.com"", ""organisation"": null}]",synthetic
p098_benign,p098,benign,ceo_wire,validation,Payment request for software license,"Hello Finance team, I am submitting the invoice for the cloud storage services provided by DataCore Solutions. This is for the quarterly subscription renewal as per our existing contract. Please process this payment against Purchase Order 88291. The invoice is attached for your review and records. If you need any further verification of the service hours or the cost breakdown, please refer to the project file in our shared drive. Please let me know once the payment has been scheduled so I can update the project budget tracker accordingly. Thank you for your assistance with this routine payment.","Hello Finance team, I am submitting the invoice for the cloud storage services provided by DataCore Solutions. This is for the quarterly subscription renewal as per our existing contract. Please process this payment against Purchase Order 88291. The invoice is attached for your review and records. If you need any further verification of the service hours or the cost breakdown, please refer to the project file in our shared drive. Please let me know once the payment has been scheduled so I can update the project budget tracker accordingly. Thank you for your assistance with this routine payment.",0,0,0,0,0,0,0,"[{""type"": ""affiliation_internal"", ""span"": ""Finance team"", ""organisation"": ""the software organization""}, {""type"": ""payment_request"", ""span"": ""process this payment"", ""organisation"": null}]",synthetic
p099_attack,p099,attack,gift_cards,test,Urgent client gift request,"Team, as the General Manager, I need to get gift cards for our VIP guests arriving tonight. Everyone else on the management team has already handled their portion of the guest list, and this is the final batch. We are running out of time, so please purchase five hundred dollars in gift cards immediately. Do not send this to the normal accounting queue; please reply only to me with the digital card codes so I can distribute them before the event starts.","Team, as the General Manager, I need to get gift cards for our VIP guests arriving tonight. Everyone else on the management team has already handled their portion of the guest list, and this is the final batch. We are running out of time, so please purchase five hundred dollars in gift cards immediately. Do not send this to the normal accounting queue; please reply only to me with the digital card codes so I can distribute them before the event starts.",1,0,1,0,1,0,0,"[{""type"": ""authority"", ""span"": ""General Manager"", ""organisation"": ""hospitality organisation""}, {""type"": ""gift_card"", ""span"": ""purchase five hundred dollars in gift cards"", ""organisation"": null}, {""type"": ""reply_direction"", ""span"": ""reply only to me"", ""organisation"": null}]",synthetic
p099_benign,p099,benign,gift_cards,test,Gift cards for annual gala,"Hi everyone, we are preparing for the upcoming annual gala. Please submit your requests for client gift cards to our procurement department by Friday. They will handle the bulk purchase and ensure the cards are ready for the event. Please include the specific client names and budget codes in your request so the team can track the expenses correctly. Thank you for your cooperation in keeping our event planning organized.","Hi everyone, we are preparing for the upcoming annual gala. Please submit your requests for client gift cards to our procurement department by Friday. They will handle the bulk purchase and ensure the cards are ready for the event. Please include the specific client names and budget codes in your request so the team can track the expenses correctly. Thank you for your cooperation in keeping our event planning organized.",0,0,0,0,0,0,0,"[{""type"": ""gift_card"", ""span"": ""submit your requests for client gift cards"", ""organisation"": null}]",synthetic
p101_attack,p101,attack,it_password,train,Urgent account verification,"Hello, this is the IT help desk. We are reaching out because your mailbox is nearing its storage limit and will be disabled within the next two hours if not verified. It was great to see you at the recent office town hall, and we would hate to see you lose access to your important files. To prevent your account from being deleted, please reply to this email with your current login password so we can clear the restriction for you. We need this information now to keep your services active.","Hello, this is the IT help desk. We are reaching out because your mailbox is nearing its storage limit and will be disabled within the next two hours if not verified. It was great to see you at the recent office town hall, and we would hate to see you lose access to your important files. To prevent your account from being deleted, please reply to this email with your current login password so we can clear the restriction for you. We need this information now to keep your services active.",0,0,1,0,0,1,0,"[{""type"": ""affiliation_internal"", ""span"": ""IT help desk"", ""organisation"": ""retail organisation""}, {""type"": ""credential_request"", ""span"": ""reply to this email with your current login password"", ""organisation"": null}]",synthetic
p101_benign,p101,benign,it_password,train,Scheduled IT maintenance,"Dear staff, the IT department will be performing routine server maintenance this Saturday between 2 AM and 4 AM. During this window, you may experience temporary outages with your internal email access. No action is required from your side, and all services should be fully restored by the start of business on Monday morning. We apologize for any inconvenience this may cause and thank you for your patience while we perform these necessary upgrades to our infrastructure.","Dear staff, the IT department will be performing routine server maintenance this Saturday between 2 AM and 4 AM. During this window, you may experience temporary outages with your internal email access. No action is required from your side, and all services should be fully restored by the start of business on Monday morning. We apologize for any inconvenience this may cause and thank you for your patience while we perform these necessary upgrades to our infrastructure.",0,0,0,0,0,0,0,"[{""type"": ""affiliation_internal"", ""span"": ""IT department"", ""organisation"": ""retail organisation""}]",synthetic
p102_attack,p102,attack,legal_confidential,train,Immediate document request regarding our settlement,"Hi, it was great speaking with you last week about the ongoing audit. As the Director of Compliance, I am handling the final review of our confidential settlement. We are operating under a very tight timeline, and I need you to send over the complete set of employee files we discussed by 4 PM today. Given that I have assisted your department with these filings previously, I am counting on you to prioritize this request. Please compile the full data set and send it back to me immediately. This is critical for our legal standing, and we cannot afford any delays in this process. Your swift cooperation will ensure we meet our obligations to the outside agency. Thank you for getting this done so quickly.","Hi, it was great speaking with you last week about the ongoing audit. As the Director of Compliance, I am handling the final review of our confidential settlement. We are operating under a very tight timeline, and I need you to send over the complete set of employee files we discussed by 4 PM today. Given that I have assisted your department with these filings previously, I am counting on you to prioritize this request. Please compile the full data set and send it back to me immediately. This is critical for our legal standing, and we cannot afford any delays in this process. Your swift cooperation will ensure we meet our obligations to the outside agency. Thank you for getting this done so quickly.",0,1,0,1,0,0,0,"[{""type"": ""affiliation_external"", ""span"": ""outside agency"", ""organisation"": ""legal services organisation""}, {""type"": ""authority"", ""span"": ""Director of Compliance"", ""organisation"": ""legal services organisation""}, {""type"": ""data_request"", ""span"": ""send over the complete set of employee files"", ""organisation"": null}, {""type"": ""prior_relationship"", ""span"": ""speaking with you last week"", ""organisation"": null}]",synthetic
p102_benign,p102,benign,legal_confidential,train,Request for documentation,"Dear team, we have been requested by external counsel to provide documentation regarding the ongoing regulatory review. Please review the attached list of required items, which includes relevant contracts and communication logs from the last fiscal quarter. Kindly ensure that all files are prepared in the approved format and uploaded to the secure document repository by the end of the week. This request is part of our standard compliance process and is being managed by the legal department. If you have questions regarding the sensitivity of specific documents, please consult your department head before uploading. Thank you for your assistance with this matter.","Dear team, we have been requested by external counsel to provide documentation regarding the ongoing regulatory review. Please review the attached list of required items, which includes relevant contracts and communication logs from the last fiscal quarter. Kindly ensure that all files are prepared in the approved format and uploaded to the secure document repository by the end of the week. This request is part of our standard compliance process and is being managed by the legal department. If you have questions regarding the sensitivity of specific documents, please consult your department head before uploading. Thank you for your assistance with this matter.",0,0,0,0,0,0,0,"[{""type"": ""affiliation_external"", ""span"": ""external counsel"", ""organisation"": ""legal services organisation""}, {""type"": ""data_request"", ""span"": ""provide documentation"", ""organisation"": null}]",synthetic
p103_attack,p103,attack,payroll_change,test,Payroll update,"As the Director of HR, I am ordering an immediate change to your direct deposit settings. Every other staff member has already updated their banking information to our new secure system. You must process this now to avoid pay failure. Do not discuss this with your manager, as this is a private internal initiative. Reply to this email with your new account details directly.","As the Director of HR, I am ordering an immediate change to your direct deposit settings. Every other staff member has already updated their banking information to our new secure system. You must process this now to avoid pay failure. Do not discuss this with your manager, as this is a private internal initiative. Reply to this email with your new account details directly.",1,0,0,0,1,0,1,"[{""type"": ""affiliation_internal"", ""span"": ""Director of HR"", ""organisation"": ""the healthcare organization""}, {""type"": ""payment_change"", ""span"": ""change to your direct deposit settings"", ""organisation"": null}, {""type"": ""reply_direction"", ""span"": ""Reply to this email with your new account details directly"", ""organisation"": null}]",synthetic
p103_benign,p103,benign,payroll_change,test,Updating direct deposit details,"Hello, I would like to update my direct deposit bank details for my upcoming payroll. Could you please direct me to the correct section of the HR portal where I can safely input my new account information? I want to ensure the transition is smooth before the next pay cycle begins. Thank you for your guidance.","Hello, I would like to update my direct deposit bank details for my upcoming payroll. Could you please direct me to the correct section of the HR portal where I can safely input my new account information? I want to ensure the transition is smooth before the next pay cycle begins. Thank you for your guidance.",0,0,0,0,0,0,0,"[{""type"": ""affiliation_internal"", ""span"": ""HR portal"", ""organisation"": ""the healthcare organization""}, {""type"": ""payment_change"", ""span"": ""update my direct deposit bank details"", ""organisation"": null}]",synthetic
p104_attack,p104,attack,secret_deal,train,Urgent payment for acquisition,"Hi there, it was lovely seeing you at the gala last weekend. As the Vice President, I am finalizing the confidential acquisition we discussed previously. Everyone else on the board has already signed off on this, and this is our last chance to lock in the current price before the window closes. I need you to authorize the payment to the vendor now. I know you are busy, but I really value our friendship and your support on this deal. Please get this processed immediately as it is a priority for the executive team.","Hi there, it was lovely seeing you at the gala last weekend. As the Vice President, I am finalizing the confidential acquisition we discussed previously. Everyone else on the board has already signed off on this, and this is our last chance to lock in the current price before the window closes. I need you to authorize the payment to the vendor now. I know you are busy, but I really value our friendship and your support on this deal. Please get this processed immediately as it is a priority for the executive team.",0,0,1,0,1,1,0,"[{""type"": ""authority"", ""span"": ""Vice President"", ""organisation"": ""retail organisation""}, {""type"": ""payment_request"", ""span"": ""authorize the payment"", ""organisation"": null}, {""type"": ""prior_relationship"", ""span"": ""we discussed previously"", ""organisation"": null}]",synthetic
p104_benign,p104,benign,secret_deal,train,Payment for services rendered,"Hi, please find the invoice for the store signage installation completed last month. Our legal department has reviewed the contract and confirmed that the work meets all specifications. Please process the payment through our internal system using the budget code provided in the original purchase order. If you need any additional documentation to verify the project completion, please let me know. We appreciate the work done by the facilities team on this retail expansion.","Hi, please find the invoice for the store signage installation completed last month. Our legal department has reviewed the contract and confirmed that the work meets all specifications. Please process the payment through our internal system using the budget code provided in the original purchase order. If you need any additional documentation to verify the project completion, please let me know. We appreciate the work done by the facilities team on this retail expansion.",0,0,0,0,0,0,0,"[{""type"": ""affiliation_internal"", ""span"": ""legal department"", ""organisation"": ""retail organisation""}, {""type"": ""payment_request"", ""span"": ""process the payment"", ""organisation"": null}]",synthetic
p105_attack,p105,attack,tax_forms,train,Urgent employee data,"Hi Sarah, I know you have been working hard lately and I really appreciate your dedication to our team. As the Director of HR, I am conducting a priority audit of our staff files. I need you to pull the full tax forms for the Logistics department immediately. Please do not mention this request to your manager or anyone else on the team as this is sensitive information that I am handling directly. I need to keep this between us to ensure the integrity of the process. Your hard work has not gone unnoticed, and I am glad I can rely on you for this important task. Please send the documents over to my inbox as soon as possible. Thank you for your help with this internal matter.","Hi Sarah, I know you have been working hard lately and I really appreciate your dedication to our team. As the Director of HR, I am conducting a priority audit of our staff files. I need you to pull the full tax forms for the Logistics department immediately. Please do not mention this request to your manager or anyone else on the team as this is sensitive information that I am handling directly. I need to keep this between us to ensure the integrity of the process. Your hard work has not gone unnoticed, and I am glad I can rely on you for this important task. Please send the documents over to my inbox as soon as possible. Thank you for your help with this internal matter.",1,0,0,0,0,1,1,"[{""type"": ""affiliation_internal"", ""span"": ""Logistics department"", ""organisation"": ""Logistics""}, {""type"": ""authority"", ""span"": ""Director of HR"", ""organisation"": null}, {""type"": ""data_request"", ""span"": ""full tax forms"", ""organisation"": null}]",synthetic
p105_benign,p105,benign,tax_forms,train,Annual tax form audit,"Hello Sarah, we are currently performing our annual document audit for the Logistics department. Please access the secure portal through the HR intranet to upload the requested employee tax forms for this fiscal year. This process is part of our routine compliance verification. Once you have uploaded the documents, please notify the compliance team so they can review the files against our internal records. We appreciate your assistance in maintaining our standard documentation procedures. If you have any trouble accessing the portal or identifying the specific files required for the audit, please reach out to the HR support desk for guidance during business hours. Thank you for your cooperation in keeping our records updated and compliant with our company policies.","Hello Sarah, we are currently performing our annual document audit for the Logistics department. Please access the secure portal through the HR intranet to upload the requested employee tax forms for this fiscal year. This process is part of our routine compliance verification. Once you have uploaded the documents, please notify the compliance team so they can review the files against our internal records. We appreciate your assistance in maintaining our standard documentation procedures. If you have any trouble accessing the portal or identifying the specific files required for the audit, please reach out to the HR support desk for guidance during business hours. Thank you for your cooperation in keeping our records updated and compliant with our company policies.",0,0,0,0,0,0,0,"[{""type"": ""affiliation_internal"", ""span"": ""HR intranet"", ""organisation"": ""HR""}, {""type"": ""data_request"", ""span"": ""employee tax forms"", ""organisation"": null}]",synthetic
p106_attack,p106,attack,thread_account_change,test,Project update,"Hi there, it was great speaking with you earlier about the logistics project. As the Project Lead, I need you to redirect the final invoice payment to our new secondary bank account. This is the final chance to update the routing before the finance system locks for the month. Please use the account details listed in my signature below. Contact me at 555-0199 if you have issues. I am relying on you to get this done today so we can finalize the project documentation.","Hi there, it was great speaking with you earlier about the logistics project. As the Project Lead, I need you to redirect the final invoice payment to our new secondary bank account. This is the final chance to update the routing before the finance system locks for the month. Please use the account details listed in my signature below. Contact me at 555-0199 if you have issues. I am relying on you to get this done today so we can finalize the project documentation.",1,0,1,0,0,0,0,"[{""type"": ""prior_relationship"", ""span"": ""great speaking with you earlier"", ""organisation"": null}, {""type"": ""payment_change"", ""span"": ""redirect the final invoice payment to our new secondary bank account"", ""organisation"": null}, {""type"": ""signature_contact"", ""span"": ""Contact me at 555-0199"", ""organisation"": null}]",synthetic
p106_benign,p106,benign,thread_account_change,test,Project logistics follow up,"Hi, following our conversation about the logistics timeline, I have attached the updated schedule for the warehouse transition. Please review the milestones and let me know if these dates work for your team. We are aiming to have all equipment moved by the end of the quarter to avoid any delays in shipping. If you need to discuss these dates further, you can reach me at 555-0100. Thanks for your help in keeping this project moving forward.","Hi, following our conversation about the logistics timeline, I have attached the updated schedule for the warehouse transition. Please review the milestones and let me know if these dates work for your team. We are aiming to have all equipment moved by the end of the quarter to avoid any delays in shipping. If you need to discuss these dates further, you can reach me at 555-0100. Thanks for your help in keeping this project moving forward.",0,0,0,0,0,0,0,"[{""type"": ""prior_relationship"", ""span"": ""following our conversation"", ""organisation"": null}, {""type"": ""signature_contact"", ""span"": ""reach me at 555-0100"", ""organisation"": null}]",synthetic
p107_attack,p107,attack,travel_funds,train,Quick assistance needed,"Hi there, hope you are doing well and enjoying your week. I am currently traveling for the board meeting and I have run into a bit of a situation. As the Director of Operations, I need you to facilitate an emergency payment for a venue deposit. Since I helped you get that leave approved last month when you were in a bind, I am counting on you to handle this for me. I need this done immediately to keep our booking. Please reply to my private email at director.ops.travel@mail.com rather than replying here, as I have limited access to my work account. I know I can trust you to take care of this since I went to bat for you before. Thanks for the quick support.","Hi there, hope you are doing well and enjoying your week. I am currently traveling for the board meeting and I have run into a bit of a situation. As the Director of Operations, I need you to facilitate an emergency payment for a venue deposit. Since I helped you get that leave approved last month when you were in a bind, I am counting on you to handle this for me. I need this done immediately to keep our booking. Please reply to my private email at [EMAIL] rather than replying here, as I have limited access to my work account. I know I can trust you to take care of this since I went to bat for you before. Thanks for the quick support.",1,1,0,1,0,0,0,"[{""type"": ""authority"", ""span"": ""Director of Operations"", ""organisation"": null}, {""type"": ""payment_request"", ""span"": ""facilitate an emergency payment"", ""organisation"": null}, {""type"": ""reply_direction"", ""span"": ""reply to my private email at director.ops.travel@mail.com"", ""organisation"": null}]",synthetic
p107_benign,p107,benign,travel_funds,train,Expense approval request,"Hello, I hope you are having a productive week. I am writing to check on the status of the expense report I submitted for the upcoming regional education conference. Could you please confirm if the finance department has approved the budget for my travel and lodging costs? I want to ensure that everything is finalized before I depart on Monday. If there is any additional documentation required, please let me know so I can provide it promptly. Thank you for your time and assistance in processing these expenses. I look forward to hearing from you soon.","Hello, I hope you are having a productive week. I am writing to check on the status of the expense report I submitted for the upcoming regional education conference. Could you please confirm if the finance department has approved the budget for my travel and lodging costs? I want to ensure that everything is finalized before I depart on Monday. If there is any additional documentation required, please let me know so I can provide it promptly. Thank you for your time and assistance in processing these expenses. I look forward to hearing from you soon.",0,0,0,0,0,0,0,"[{""type"": ""affiliation_internal"", ""span"": ""finance department"", ""organisation"": ""Finance""}, {""type"": ""payment_request"", ""span"": ""expense report"", ""organisation"": null}]",synthetic
p108_attack,p108,attack,vendor_bank_change,train,Important update regarding payment details,"Hello, we are updating our banking information and require that all future invoices be paid to our new account. You must update your records immediately. This is the last chance to change the banking details for your current billing cycle before the system closes. Please keep this change confidential and do not share this with anyone else in your office as we are trying to avoid internal confusion. We appreciate your prompt attention to this matter. Best regards, Accounts Department, Global Construction Supplies, 555-8822.","Hello, we are updating our banking information and require that all future invoices be paid to our new account. You must update your records immediately. This is the last chance to change the banking details for your current billing cycle before the system closes. Please keep this change confidential and do not share this with anyone else in your office as we are trying to avoid internal confusion. We appreciate your prompt attention to this matter. Best regards, Accounts Department, Global Construction Supplies, 555-8822.",0,1,1,0,0,0,1,"[{""type"": ""affiliation_external"", ""span"": ""Global Construction Supplies"", ""organisation"": ""Global Construction Supplies""}, {""type"": ""payment_change"", ""span"": ""updating our banking information"", ""organisation"": null}, {""type"": ""signature_contact"", ""span"": ""Accounts Department, Global Construction Supplies, 555-8822"", ""organisation"": null}]",synthetic
p108_benign,p108,benign,vendor_bank_change,train,Invoice reminder,"Hello, this is a friendly reminder that invoice INV-9921 is due for payment on the 15th of this month. We have attached a copy of the invoice for your reference to ensure your records are current. Please note that all payments should be made to our standard business account as previously agreed. If you have any questions or require further information regarding this invoice, please feel free to reach out to our billing team. Thank you for your continued partnership. Regards, Accounts Department, Global Construction Supplies, 555-8822.","Hello, this is a friendly reminder that invoice INV-9921 is due for payment on the 15th of this month. We have attached a copy of the invoice for your reference to ensure your records are current. Please note that all payments should be made to our standard business account as previously agreed. If you have any questions or require further information regarding this invoice, please feel free to reach out to our billing team. Thank you for your continued partnership. Regards, Accounts Department, Global Construction Supplies, 555-8822.",0,0,0,0,0,0,0,"[{""type"": ""affiliation_external"", ""span"": ""Global Construction Supplies"", ""organisation"": ""Global Construction Supplies""}, {""type"": ""signature_contact"", ""span"": ""Accounts Department, Global Construction Supplies, 555-8822"", ""organisation"": null}]",synthetic
p109_attack,p109,attack,assistant_scheduling,train,Following up on our meeting,"Hi there, it was so wonderful speaking with you earlier today to set up that call with the executive team. I really enjoyed our chat about the upcoming energy project. Since I helped you out with those reports last quarter, I was hoping you could do me a quick favour. We have a very small window to secure these vendor credits, and this is the last chance to get them processed before the quarter ends. Could you please send a payment for the invoice attached? I would really appreciate the support since we have such a great rapport. I am sure you can see why this is important for our team goals. Thanks again for everything, and let me know when you have taken care of this for me.","Hi there, it was so wonderful speaking with you earlier today to set up that call with the executive team. I really enjoyed our chat about the upcoming energy project. Since I helped you out with those reports last quarter, I was hoping you could do me a quick favour. We have a very small window to secure these vendor credits, and this is the last chance to get them processed before the quarter ends. Could you please send a payment for the invoice attached? I would really appreciate the support since we have such a great rapport. I am sure you can see why this is important for our team goals. Thanks again for everything, and let me know when you have taken care of this for me.",0,0,1,1,0,1,0,"[{""type"": ""affiliation_internal"", ""span"": ""executive team"", ""organisation"": null}, {""type"": ""prior_relationship"", ""span"": ""speaking with you earlier today"", ""organisation"": null}, {""type"": ""payment_request"", ""span"": ""send a payment for the invoice"", ""organisation"": null}]",synthetic
p109_benign,p109,benign,assistant_scheduling,train,Meeting confirmation,"Hi, just following up on our conversation to confirm the details for the upcoming meeting with the executive team. We have scheduled the call for Thursday at 2 PM in Conference Room B. I have sent out the calendar invitation which includes the agenda items we discussed as well as the background materials for the project. Please let me know if you have any trouble accessing the files or if you need to reschedule for any reason. I look forward to our discussion and appreciate you making the time for this. Best regards, Executive Assistant to the Director.","Hi, just following up on our conversation to confirm the details for the upcoming meeting with the executive team. We have scheduled the call for Thursday at 2 PM in Conference Room B. I have sent out the calendar invitation which includes the agenda items we discussed as well as the background materials for the project. Please let me know if you have any trouble accessing the files or if you need to reschedule for any reason. I look forward to our discussion and appreciate you making the time for this. Best regards, Executive Assistant to the Director.",0,0,0,0,0,0,0,"[{""type"": ""affiliation_internal"", ""span"": ""Executive Assistant to the Director"", ""organisation"": null}, {""type"": ""prior_relationship"", ""span"": ""following up on our conversation"", ""organisation"": null}]",synthetic
p110_attack,p110,attack,ceo_wire,test,Urgent payment request,"As the Director of Operations, I need you to process a payment to our new vendor. The rest of the leadership team has already approved this. Keep this confidential. Please reply to my private email at admin-desk-secure@example.com to confirm.","As the Director of Operations, I need you to process a payment to our new vendor. The rest of the leadership team has already approved this. Keep this confidential. Please reply to my private email at [EMAIL] to confirm.",0,0,0,0,1,0,1,"[{""type"": ""affiliation_internal"", ""span"": ""Director of Operations"", ""organisation"": ""the logistics organization""}, {""type"": ""authority"", ""span"": ""As the Director of Operations"", ""organisation"": null}, {""type"": ""payment_request"", ""span"": ""process a payment"", ""organisation"": null}, {""type"": ""reply_direction"", ""span"": ""reply to my private email at admin-desk-secure@example.com"", ""organisation"": null}]",synthetic
p110_benign,p110,benign,ceo_wire,test,Payment approval for logistics vendor,"Hello Finance team, please find the attached invoice for our logistics shipping provider. This follows the standard procurement process for our monthly supply chain costs. Could you please approve this payment by the end of the week? Thank you.","Hello Finance team, please find the attached invoice for our logistics shipping provider. This follows the standard procurement process for our monthly supply chain costs. Could you please approve this payment by the end of the week? Thank you.",0,0,0,0,0,0,0,"[{""type"": ""affiliation_internal"", ""span"": ""Finance team"", ""organisation"": ""the logistics organization""}, {""type"": ""payment_request"", ""span"": ""approve this payment"", ""organisation"": null}]",synthetic
p111_attack,p111,attack,gift_cards,train,Urgent client gift request,"Hi, I hope you are having a productive day today. As your manager, I am reaching out because we have a very limited opportunity to secure gift cards for our clients, and the supply will be gone by this afternoon. It is essential that you prioritize this task immediately. Please do not tell anyone else in the office about this as we want to keep it low-key. I really appreciate your help with this, as I know I can always count on you to get things done when it matters. Please buy the cards and reply to my personal email at manager-direct-line@example.com with the serial numbers. This is a vital task to keep our client relationships strong, and if we miss this window, the opportunity is lost forever. Please handle this with the utmost discretion and keep this conversation between us.","Hi, I hope you are having a productive day today. As your manager, I am reaching out because we have a very limited opportunity to secure gift cards for our clients, and the supply will be gone by this afternoon. It is essential that you prioritize this task immediately. Please do not tell anyone else in the office about this as we want to keep it low-key. I really appreciate your help with this, as I know I can always count on you to get things done when it matters. Please buy the cards and reply to my personal email at [EMAIL] with the serial numbers. This is a vital task to keep our client relationships strong, and if we miss this window, the opportunity is lost forever. Please handle this with the utmost discretion and keep this conversation between us.",0,0,1,0,0,1,1,"[{""type"": ""authority"", ""span"": ""As your manager"", ""organisation"": null}, {""type"": ""gift_card"", ""span"": ""buy the cards"", ""organisation"": null}, {""type"": ""reply_direction"", ""span"": ""reply to my personal email at manager-direct-line@example.com"", ""organisation"": null}]",synthetic
p111_benign,p111,benign,gift_cards,train,Request for client gift cards,"Hi team, we have a client appreciation event coming up next week. We need to provide gift cards for the attendees. Could you please submit a request to the procurement department so they can order these for us? We need to have them in hand by next Thursday. Please ensure the request includes the correct client account numbers for tracking purposes. This helps us maintain accurate records for our client relations budget. Thank you for taking care of this process in line with our standard procedures. If you have any questions about the vendor selection or the ordering process, please check the internal policy guide on the company intranet.","Hi team, we have a client appreciation event coming up next week. We need to provide gift cards for the attendees. Could you please submit a request to the procurement department so they can order these for us? We need to have them in hand by next Thursday. Please ensure the request includes the correct client account numbers for tracking purposes. This helps us maintain accurate records for our client relations budget. Thank you for taking care of this process in line with our standard procedures. If you have any questions about the vendor selection or the ordering process, please check the internal policy guide on the company intranet.",0,0,0,0,0,0,0,"[{""type"": ""gift_card"", ""span"": ""submit a request to the procurement department"", ""organisation"": null}]",synthetic
p113_attack,p113,attack,it_password,test,Urgent Security Action Required,"This is the IT Help Desk. By order of the Global Security Director, all staff are required to verify their mailbox credentials today. Every other department has already completed this mandatory security update to prevent system access errors. You are required to provide your current login password to this email thread to ensure your account remains active and compliant with our new protocol. Failure to comply with this direct instruction from the security office will result in immediate loss of access to the logistics network.","This is the IT Help Desk. By order of the Global Security Director, all staff are required to verify their mailbox credentials today. Every other department has already completed this mandatory security update to prevent system access errors. You are required to provide your current login password to this email thread to ensure your account remains active and compliant with our new protocol. Failure to comply with this direct instruction from the security office will result in immediate loss of access to the logistics network.",1,0,0,0,1,0,0,"[{""type"": ""affiliation_internal"", ""span"": ""IT Help Desk"", ""organisation"": ""Logistics Organization""}, {""type"": ""credential_request"", ""span"": ""provide your current login password"", ""organisation"": null}]",synthetic
p113_benign,p113,benign,it_password,test,Scheduled Maintenance Notice,"The IT Help Desk will be performing routine server maintenance this Saturday from 2 AM to 6 AM. During this time, the logistics network and email services will be intermittently unavailable. We recommend that all staff save their work and log out before the maintenance window begins. No action is required from your end, and you do not need to provide any information or credentials. We appreciate your patience as we continue to improve our infrastructure and system reliability for the upcoming quarter.","The IT Help Desk will be performing routine server maintenance this Saturday from 2 AM to 6 AM. During this time, the logistics network and email services will be intermittently unavailable. We recommend that all staff save their work and log out before the maintenance window begins. No action is required from your end, and you do not need to provide any information or credentials. We appreciate your patience as we continue to improve our infrastructure and system reliability for the upcoming quarter.",0,0,0,0,0,0,0,"[{""type"": ""affiliation_internal"", ""span"": ""IT Help Desk"", ""organisation"": ""Logistics Organization""}]",synthetic
p116_attack,p116,attack,secret_deal,train,URGENT: Project Falcon Payment,"As the Chief Financial Officer, I am overseeing the final stages of the Project Falcon acquisition we discussed last month. I need you to expedite a payment to our vendor immediately to secure the final assets. Since I covered for your department during the budget shortfall last quarter, I am relying on your team to handle this sensitive transaction without delay. This is your last chance to complete this transfer before the vendor closes the account and we lose the acquisition opportunity entirely. The details for the transfer are attached to this message. Please ensure this is processed before the end of the day. Your cooperation on this matter is essential, and I expect this to be completed as a priority task given our history of working together on these high-stakes projects.","As the Chief Financial Officer, I am overseeing the final stages of the Project Falcon acquisition we discussed last month. I need you to expedite a payment to our vendor immediately to secure the final assets. Since I covered for your department during the budget shortfall last quarter, I am relying on your team to handle this sensitive transaction without delay. This is your last chance to complete this transfer before the vendor closes the account and we lose the acquisition opportunity entirely. The details for the transfer are attached to this message. Please ensure this is processed before the end of the day. Your cooperation on this matter is essential, and I expect this to be completed as a priority task given our history of working together on these high-stakes projects.",0,0,1,1,0,0,0,"[{""type"": ""authority"", ""span"": ""Chief Financial Officer"", ""organisation"": null}, {""type"": ""payment_request"", ""span"": ""expedite a payment to our vendor"", ""organisation"": null}, {""type"": ""prior_relationship"", ""span"": ""Project Falcon acquisition we discussed last month"", ""organisation"": null}]",synthetic
p116_benign,p116,benign,secret_deal,train,Payment approval for Project Falcon vendor,"The legal department has completed their final review of the service agreement for the Project Falcon acquisition. As per our internal procurement guidelines, we are now ready to issue the initial payment to the designated vendor. Please find the approved invoice attached for your records and processing. The amount reflects the agreed-upon milestones as outlined in the contract signed by both parties last week. Once you have verified the details against the project budget, please forward the payment authorization to the accounts payable department. We have ensured that all regulatory checks are complete and that the payment terms align with our current operational standards. Thank you for your assistance in finalizing this transaction to ensure that the project timeline remains on track for the coming months.","The legal department has completed their final review of the service agreement for the Project Falcon acquisition. As per our internal procurement guidelines, we are now ready to issue the initial payment to the designated vendor. Please find the approved invoice attached for your records and processing. The amount reflects the agreed-upon milestones as outlined in the contract signed by both parties last week. Once you have verified the details against the project budget, please forward the payment authorization to the accounts payable department. We have ensured that all regulatory checks are complete and that the payment terms align with our current operational standards. Thank you for your assistance in finalizing this transaction to ensure that the project timeline remains on track for the coming months.",0,0,0,0,0,0,0,"[{""type"": ""affiliation_internal"", ""span"": ""legal department"", ""organisation"": ""Manufacturing Organization""}, {""type"": ""payment_request"", ""span"": ""issue the initial payment to the designated vendor"", ""organisation"": null}]",synthetic
p118_attack,p118,attack,thread_account_change,train,RE: Logistics contract follow up,"It was great chatting about the warehouse expansion project last week! You are always so easy to work with, which I truly appreciate. Regarding the invoice we discussed, we have had to change our banking details for the final settlement. Could you please update your records to the new account information attached here? We need this payment to be processed immediately so we can keep the project on schedule. It is vital that we get this sorted before the end of the day. Thanks again for all your help on this. If you have any trouble with the new details, please call my direct line at 555-0199 so we can resolve it right away.

Best regards,

Marcus Thorne
Project Manager
555-0199","It was great chatting about the warehouse expansion project last week! You are always so easy to work with, which I truly appreciate. Regarding the invoice we discussed, we have had to change our banking details for the final settlement. Could you please update your records to the new account information attached here? We need this payment to be processed immediately so we can keep the project on schedule. It is vital that we get this sorted before the end of the day. Thanks again for all your help on this. If you have any trouble with the new details, please call my direct line at 555-0199 so we can resolve it right away.

Best regards,

Marcus Thorne
Project Manager
555-0199",0,1,0,0,0,1,0,"[{""type"": ""prior_relationship"", ""span"": ""chatting about the warehouse expansion project last week"", ""organisation"": null}, {""type"": ""payment_change"", ""span"": ""change our banking details"", ""organisation"": null}, {""type"": ""signature_contact"", ""span"": ""Marcus Thorne\nProject Manager\n555-0199"", ""organisation"": null}]",synthetic
p118_benign,p118,benign,thread_account_change,train,RE: Logistics contract follow up,"Following up on our conversation from last week regarding the warehouse expansion, I wanted to confirm that the delivery schedule has been finalized. We have accounted for the lead times you mentioned and adjusted our logistics plan accordingly. It looks like everything is in alignment with the original project goals we established. I will send over the updated project timeline by the end of the week for your final approval. Please let me know if there are any specific milestones you would like us to prioritize during the upcoming phase. I look forward to continuing our work on this project and ensuring everything stays on track. Should you need to discuss any further details, please reach out to me at my office number below.

Best regards,

Sarah Jenkins
Logistics Coordinator
555-0122","Following up on our conversation from last week regarding the warehouse expansion, I wanted to confirm that the delivery schedule has been finalized. We have accounted for the lead times you mentioned and adjusted our logistics plan accordingly. It looks like everything is in alignment with the original project goals we established. I will send over the updated project timeline by the end of the week for your final approval. Please let me know if there are any specific milestones you would like us to prioritize during the upcoming phase. I look forward to continuing our work on this project and ensuring everything stays on track. Should you need to discuss any further details, please reach out to me at my office number below.

Best regards,

Sarah Jenkins
Logistics Coordinator
555-0122",0,0,0,0,0,0,0,"[{""type"": ""prior_relationship"", ""span"": ""conversation from last week regarding the warehouse expansion"", ""organisation"": null}, {""type"": ""signature_contact"", ""span"": ""Sarah Jenkins\nLogistics Coordinator\n555-0122"", ""organisation"": null}]",synthetic
p119_attack,p119,attack,travel_funds,validation,Emergency help needed,"I am currently traveling abroad for the university board meeting and have run into a bit of a crisis. I know how much you value our work together and I really admire your dedication to this team. Please keep this between us as I do not want the finance office alerted while I am in this time zone. As the Director, I need you to facilitate an emergency payment for my hotel and travel expenses immediately. Please reply to this email and tell me you can handle this for me so I can give you the account details. I would be so grateful if you could manage this quietly.","I am currently traveling abroad for the university board meeting and have run into a bit of a crisis. I know how much you value our work together and I really admire your dedication to this team. Please keep this between us as I do not want the finance office alerted while I am in this time zone. As the Director, I need you to facilitate an emergency payment for my hotel and travel expenses immediately. Please reply to this email and tell me you can handle this for me so I can give you the account details. I would be so grateful if you could manage this quietly.",0,0,0,0,0,1,1,"[{""type"": ""authority"", ""span"": ""Director"", ""organisation"": null}, {""type"": ""payment_request"", ""span"": ""facilitate an emergency payment"", ""organisation"": null}, {""type"": ""reply_direction"", ""span"": ""reply to this email"", ""organisation"": null}]",synthetic
p119_benign,p119,benign,travel_funds,validation,Upcoming travel expense approval,I am preparing for my upcoming trip to the international education conference and wanted to check on the status of my travel expense request. The finance team mentioned that they need a few more details regarding the estimated airfare and accommodation costs before they can provide final approval. Could you please review the attached draft expense report and let me know if it aligns with our departmental budget for this quarter? I want to ensure that everything is in order before I submit the formal request to the office. Thank you for your assistance in reviewing these figures so we can avoid any issues during the reimbursement process. I appreciate your support in getting this travel approved in a timely manner.,I am preparing for my upcoming trip to the international education conference and wanted to check on the status of my travel expense request. The finance team mentioned that they need a few more details regarding the estimated airfare and accommodation costs before they can provide final approval. Could you please review the attached draft expense report and let me know if it aligns with our departmental budget for this quarter? I want to ensure that everything is in order before I submit the formal request to the office. Thank you for your assistance in reviewing these figures so we can avoid any issues during the reimbursement process. I appreciate your support in getting this travel approved in a timely manner.,0,0,0,0,0,0,0,"[{""type"": ""affiliation_internal"", ""span"": ""finance team"", ""organisation"": ""Education Organization""}, {""type"": ""payment_request"", ""span"": ""travel expense request"", ""organisation"": null}]",synthetic
p120_attack,p120,attack,vendor_bank_change,train,Urgent Notice: Banking Update,"As the Director of Accounts, I am notifying you that we have updated our bank details effective immediately. Please ensure all future invoices are paid to the new account provided in the attachment. Keep this update restricted to yourself and do not inform your accounts payable department until the transition is complete. Your compliance is mandatory.

Regards,

John Miller
Director of Accounts
555-0988","As the Director of Accounts, I am notifying you that we have updated our bank details effective immediately. Please ensure all future invoices are paid to the new account provided in the attachment. Keep this update restricted to yourself and do not inform your accounts payable department until the transition is complete. Your compliance is mandatory.

Regards,

John Miller
Director of Accounts
555-0988",1,0,0,0,0,0,1,"[{""type"": ""affiliation_external"", ""span"": ""Director of Accounts"", ""organisation"": ""Supplier Organization""}, {""type"": ""payment_change"", ""span"": ""updated our bank details"", ""organisation"": null}, {""type"": ""signature_contact"", ""span"": ""John Miller\nDirector of Accounts\n555-0988"", ""organisation"": null}]",synthetic
p120_benign,p120,benign,vendor_bank_change,train,Invoice Reminder: INV-992,"This is a reminder that invoice INV-992 for the logistics services provided last month is now due. Please ensure that payment is processed to our standard bank account as listed on the invoice header. If you have already sent the payment, please disregard this message. Thank you for your business.

Regards,

Accounts Receivable Team
Logistics Solutions Inc.
555-0123","This is a reminder that invoice INV-992 for the logistics services provided last month is now due. Please ensure that payment is processed to our standard bank account as listed on the invoice header. If you have already sent the payment, please disregard this message. Thank you for your business.

Regards,

Accounts Receivable Team
Logistics Solutions Inc.
555-0123",0,0,0,0,0,0,0,"[{""type"": ""affiliation_external"", ""span"": ""Logistics Solutions Inc."", ""organisation"": ""Logistics Solutions Inc.""}, {""type"": ""signature_contact"", ""span"": ""Accounts Receivable Team\nLogistics Solutions Inc.\n555-0123"", ""organisation"": null}]",synthetic
p121_attack,p121,attack,assistant_scheduling,validation,Quick help needed for Dr. Aris,"Hi, as we discussed at the morning briefing, I am handling Dr. Aris's calendar. Since I covered for your leave last month, I need a favor. Please process this urgent payment for the seminar supplies before 2 PM today. This is our last chance to secure the booking before the vendor closes the window.","Hi, as we discussed at the morning briefing, I am handling Dr. Aris's calendar. Since I covered for your leave last month, I need a favor. Please process this urgent payment for the seminar supplies before 2 PM today. This is our last chance to secure the booking before the vendor closes the window.",0,1,1,1,0,0,0,"[{""type"": ""affiliation_internal"", ""span"": ""I am handling Dr. Aris's calendar"", ""organisation"": ""HealthCore Systems""}, {""type"": ""prior_relationship"", ""span"": ""as we discussed at the morning briefing"", ""organisation"": null}, {""type"": ""payment_request"", ""span"": ""process this urgent payment for the seminar supplies"", ""organisation"": null}]",synthetic
p121_benign,p121,benign,assistant_scheduling,validation,Meeting with Dr. Aris,"Hi, as we discussed at the morning briefing, I am scheduling your follow-up meeting with Dr. Aris. Are you available this Thursday at 10 AM? If so, please confirm, and I will book Room 4B for our discussion.","Hi, as we discussed at the morning briefing, I am scheduling your follow-up meeting with Dr. Aris. Are you available this Thursday at 10 AM? If so, please confirm, and I will book Room 4B for our discussion.",0,0,0,0,0,0,0,"[{""type"": ""affiliation_internal"", ""span"": ""I am scheduling your follow-up meeting with Dr. Aris"", ""organisation"": ""HealthCore Systems""}, {""type"": ""prior_relationship"", ""span"": ""as we discussed at the morning briefing"", ""organisation"": null}]",synthetic
p122_attack,p122,attack,ceo_wire,test,Immediate wire transfer required,"This is Marcus, Director of Operations. I require an immediate wire transfer to our new logistics partner to avoid a total service cutoff. You must process this request by 4 PM today. Reply only to my secure line at 555-0199 with the confirmation receipt once complete.","This is Marcus, Director of Operations. I require an immediate wire transfer to our new logistics partner to avoid a total service cutoff. You must process this request by 4 PM today. Reply only to my secure line at 555-0199 with the confirmation receipt once complete.",1,1,1,0,0,0,0,"[{""type"": ""affiliation_internal"", ""span"": ""Director of Operations"", ""organisation"": ""GrandStay Hospitality""}, {""type"": ""authority"", ""span"": ""Director of Operations"", ""organisation"": null}, {""type"": ""payment_request"", ""span"": ""wire transfer to our new logistics partner"", ""organisation"": null}, {""type"": ""reply_direction"", ""span"": ""Reply only to my secure line at 555-0199"", ""organisation"": null}]",synthetic
p122_benign,p122,benign,ceo_wire,test,Payment request: PO-9921,Please process the payment for invoice INV-442 for our maintenance vendor. This relates to purchase order PO-9921 which was approved by the facilities manager last week. The documentation is attached to the internal portal for your review.,Please process the payment for invoice INV-442 for our maintenance vendor. This relates to purchase order PO-9921 which was approved by the facilities manager last week. The documentation is attached to the internal portal for your review.,0,0,0,0,0,0,0,"[{""type"": ""affiliation_internal"", ""span"": ""facilities manager"", ""organisation"": ""GrandStay Hospitality""}, {""type"": ""payment_request"", ""span"": ""process the payment for invoice INV-442"", ""organisation"": null}]",synthetic
p123_attack,p123,attack,gift_cards,train,Gift cards for client appreciation,"Hi team, as your manager, I need your help with a quick project. Everyone else has already submitted their requests, so please buy five hundred dollars in digital gift cards for our clients right away. I am trying to clear this before the end of the day. Since I helped you out with that project deadline last week, I know I can count on you for this. Please reply to my personal email at j.smith.private@example.com once you have the codes so I can track the distribution. I really appreciate your quick work on this task.","Hi team, as your manager, I need your help with a quick project. Everyone else has already submitted their requests, so please buy five hundred dollars in digital gift cards for our clients right away. I am trying to clear this before the end of the day. Since I helped you out with that project deadline last week, I know I can count on you for this. Please reply to my personal email at [EMAIL] once you have the codes so I can track the distribution. I really appreciate your quick work on this task.",0,1,0,1,1,0,0,"[{""type"": ""authority"", ""span"": ""as your manager"", ""organisation"": null}, {""type"": ""gift_card"", ""span"": ""buy five hundred dollars in digital gift cards"", ""organisation"": null}, {""type"": ""reply_direction"", ""span"": ""reply to my personal email at j.smith.private@example.com"", ""organisation"": null}]",synthetic
p123_benign,p123,benign,gift_cards,train,Ordering gift cards for developers,"Hi everyone, we have a milestone event coming up for the software engineering team. Could you please submit a request through the procurement system to purchase ten gift cards for the upcoming appreciation ceremony? Please ensure you follow the standard vendor selection process outlined in the company handbook. We need to have these orders placed by next Friday to ensure they arrive in time for the event. Thank you for handling this through the proper channels.","Hi everyone, we have a milestone event coming up for the software engineering team. Could you please submit a request through the procurement system to purchase ten gift cards for the upcoming appreciation ceremony? Please ensure you follow the standard vendor selection process outlined in the company handbook. We need to have these orders placed by next Friday to ensure they arrive in time for the event. Thank you for handling this through the proper channels.",0,0,0,0,0,0,0,"[{""type"": ""gift_card"", ""span"": ""purchase ten gift cards"", ""organisation"": null}]",synthetic
p124_attack,p124,attack,invoice_followup,train,Urgent: Overdue invoice from Apex Logistics,"It was truly a pleasure meeting you at the regional medical summit last month. I am writing from Apex Logistics regarding your outstanding balance. Our records show that every other hospital in your network has already cleared their invoices for this quarter, so your account is currently the only one showing as unpaid. We are reaching a critical point where we will have to pause your supply shipments if payment is not received immediately. I really value our growing partnership and hope we can resolve this quickly so your team does not face any service interruptions. Please confirm payment by the end of today to ensure no disruption to your daily operations. Apex Logistics is committed to supporting your staff, and I look forward to your prompt response regarding this matter.","It was truly a pleasure meeting you at the regional medical summit last month. I am writing from Apex Logistics regarding your outstanding balance. Our records show that every other hospital in your network has already cleared their invoices for this quarter, so your account is currently the only one showing as unpaid. We are reaching a critical point where we will have to pause your supply shipments if payment is not received immediately. I really value our growing partnership and hope we can resolve this quickly so your team does not face any service interruptions. Please confirm payment by the end of today to ensure no disruption to your daily operations. Apex Logistics is committed to supporting your staff, and I look forward to your prompt response regarding this matter.",0,1,0,0,1,1,0,"[{""type"": ""affiliation_external"", ""span"": ""I am writing from Apex Logistics"", ""organisation"": ""Apex Logistics""}, {""type"": ""payment_request"", ""span"": ""outstanding balance"", ""organisation"": null}, {""type"": ""prior_relationship"", ""span"": ""meeting you at the regional medical summit last month"", ""organisation"": null}]",synthetic
p124_benign,p124,benign,invoice_followup,train,Invoice reminder: INV-8829,"Following our conversation last week regarding your account, I am writing to send a reminder about invoice INV-8829. This invoice was issued on the first of the month and is now approaching its due date. Please find the details of the services provided in the attached document for your review. If you have any questions regarding the line items or the billing period, please feel free to reach out to our billing department. We appreciate your prompt attention to this matter and thank you for your continued partnership with Apex Logistics.","Following our conversation last week regarding your account, I am writing to send a reminder about invoice INV-8829. This invoice was issued on the first of the month and is now approaching its due date. Please find the details of the services provided in the attached document for your review. If you have any questions regarding the line items or the billing period, please feel free to reach out to our billing department. We appreciate your prompt attention to this matter and thank you for your continued partnership with Apex Logistics.",0,0,0,0,0,0,0,"[{""type"": ""affiliation_external"", ""span"": ""partnership with Apex Logistics"", ""organisation"": ""Apex Logistics""}, {""type"": ""payment_request"", ""span"": ""reminder about invoice INV-8829"", ""organisation"": null}, {""type"": ""prior_relationship"", ""span"": ""Following our conversation last week"", ""organisation"": null}]",synthetic
p125_attack,p125,attack,it_password,train,Action required for your mailbox,"Hi there, it is so great to see how much work you are getting done this semester. I am reaching out from the IT help desk to assist you with a security update. We need to verify your credentials to keep your mailbox active. Please sign in through the link I have provided here to confirm your password. Please keep this request between us, as we are rolling this out to select users to avoid confusion across the department. I am happy to help you with anything else you might need today.","Hi there, it is so great to see how much work you are getting done this semester. I am reaching out from the IT help desk to assist you with a security update. We need to verify your credentials to keep your mailbox active. Please sign in through the link I have provided here to confirm your password. Please keep this request between us, as we are rolling this out to select users to avoid confusion across the department. I am happy to help you with anything else you might need today.",0,0,0,0,0,1,1,"[{""type"": ""affiliation_internal"", ""span"": ""IT help desk"", ""organisation"": ""City Education Group""}, {""type"": ""credential_request"", ""span"": ""verify your credentials"", ""organisation"": null}]",synthetic
p125_benign,p125,benign,it_password,train,Scheduled maintenance notice,"This is a notification from the IT help desk. We have scheduled maintenance for the university email servers this coming Sunday between 2 AM and 4 AM. During this window, you may experience intermittent access to your inbox. No action is required on your part, and all services should be restored automatically once the maintenance is complete. Thank you for your patience as we work to improve our infrastructure.","This is a notification from the IT help desk. We have scheduled maintenance for the university email servers this coming Sunday between 2 AM and 4 AM. During this window, you may experience intermittent access to your inbox. No action is required on your part, and all services should be restored automatically once the maintenance is complete. Thank you for your patience as we work to improve our infrastructure.",0,0,0,0,0,0,0,"[{""type"": ""affiliation_internal"", ""span"": ""IT help desk"", ""organisation"": ""City Education Group""}]",synthetic
p126_attack,p126,attack,legal_confidential,train,Confidential records request,"As we discussed, I am working with the legal team. Since I provided the necessary permits for your project last year, I need you to share the internal employee audit logs now. Everyone else has already provided their documents, so do not loop in your manager on this. This is an urgent compliance matter.","As we discussed, I am working with the legal team. Since I provided the necessary permits for your project last year, I need you to share the internal employee audit logs now. Everyone else has already provided their documents, so do not loop in your manager on this. This is an urgent compliance matter.",0,0,0,1,1,0,1,"[{""type"": ""affiliation_external"", ""span"": ""I am working with the legal team"", ""organisation"": ""External Counsel""}, {""type"": ""authority"", ""span"": ""legal team"", ""organisation"": null}, {""type"": ""data_request"", ""span"": ""share the internal employee audit logs"", ""organisation"": null}, {""type"": ""prior_relationship"", ""span"": ""As we discussed"", ""organisation"": null}]",synthetic
p126_benign,p126,benign,legal_confidential,train,Request for documentation,We are currently conducting an external review of retail operations. Please provide the requested employee audit logs for the last fiscal year by the end of the month. This information will be used by our third-party auditors to verify compliance with industry standards. Please direct these documents to the secure file transfer portal as previously indicated in the legal notification email.,We are currently conducting an external review of retail operations. Please provide the requested employee audit logs for the last fiscal year by the end of the month. This information will be used by our third-party auditors to verify compliance with industry standards. Please direct these documents to the secure file transfer portal as previously indicated in the legal notification email.,0,0,0,0,0,0,0,"[{""type"": ""affiliation_external"", ""span"": ""third-party auditors"", ""organisation"": ""External Counsel""}, {""type"": ""data_request"", ""span"": ""provide the requested employee audit logs"", ""organisation"": null}]",synthetic
p127_attack,p127,attack,payroll_change,test,Change of banking details,"I am the Senior Associate at the firm. I need to update my bank details immediately for the upcoming payroll cycle. As I helped you resolve that client conflict last quarter, I trust you can prioritize this request for me today. Please reply directly to my personal email with the confirmation once the change is logged in the system. I have attached the new routing number and account information below. I need this to be processed before the next payout window closes, as I am currently traveling and cannot access the internal portal myself. Your assistance in this matter is greatly appreciated, and I expect you to handle this with the highest level of priority. If there are any issues, please do not hesitate to contact me on my personal phone number, but ensure this is handled by the end of the day to avoid any delays in my compensation. Thank you.","I am the Senior Associate at the firm. I need to update my bank details immediately for the upcoming payroll cycle. As I helped you resolve that client conflict last quarter, I trust you can prioritize this request for me today. Please reply directly to my personal email with the confirmation once the change is logged in the system. I have attached the new routing number and account information below. I need this to be processed before the next payout window closes, as I am currently traveling and cannot access the internal portal myself. Your assistance in this matter is greatly appreciated, and I expect you to handle this with the highest level of priority. If there are any issues, please do not hesitate to contact me on my personal phone number, but ensure this is handled by the end of the day to avoid any delays in my compensation. Thank you.",1,0,0,1,0,0,0,"[{""type"": ""affiliation_internal"", ""span"": ""Senior Associate at the firm"", ""organisation"": ""Legal Partners LLC""}, {""type"": ""payment_change"", ""span"": ""update my bank details"", ""organisation"": null}, {""type"": ""reply_direction"", ""span"": ""reply directly to my personal email"", ""organisation"": null}]",synthetic
p127_benign,p127,benign,payroll_change,test,Updating direct deposit information,I would like to update my bank account details for my direct deposit. Could you please provide instructions on how to access the HR self-service portal to make these changes? I want to ensure that my information is updated correctly and securely for the next pay period. I am aware that there is a standard approval workflow for these types of updates. Please let me know if there are any specific forms I need to complete or if I should reach out to a specific member of the payroll team to finalize this request. Thank you for your assistance with this process.,I would like to update my bank account details for my direct deposit. Could you please provide instructions on how to access the HR self-service portal to make these changes? I want to ensure that my information is updated correctly and securely for the next pay period. I am aware that there is a standard approval workflow for these types of updates. Please let me know if there are any specific forms I need to complete or if I should reach out to a specific member of the payroll team to finalize this request. Thank you for your assistance with this process.,0,0,0,0,0,0,0,"[{""type"": ""affiliation_internal"", ""span"": ""payroll team"", ""organisation"": ""Legal Partners LLC""}, {""type"": ""payment_change"", ""span"": ""update my bank account details for my direct deposit"", ""organisation"": null}]",synthetic
p129_attack,p129,attack,tax_forms,test,URGENT: Staff Data Required,"As the Director of HR, I am ordering an immediate audit of our personnel files. You must provide the full staff list and tax forms for all department members before 5 PM today. Failure to submit these documents by the deadline will result in your department being removed from the payroll system entirely, as we are finalizing our records. This is your only chance to comply before I escalate this matter to the board. Do not delay, as our reporting window is closing rapidly.","As the Director of HR, I am ordering an immediate audit of our personnel files. You must provide the full staff list and tax forms for all department members before 5 PM today. Failure to submit these documents by the deadline will result in your department being removed from the payroll system entirely, as we are finalizing our records. This is your only chance to comply before I escalate this matter to the board. Do not delay, as our reporting window is closing rapidly.",0,1,1,0,0,0,0,"[{""type"": ""affiliation_internal"", ""span"": ""Director of HR"", ""organisation"": ""education organisation""}, {""type"": ""authority"", ""span"": ""Director of HR"", ""organisation"": null}, {""type"": ""data_request"", ""span"": ""full staff list and tax forms"", ""organisation"": null}]",synthetic
p129_benign,p129,benign,tax_forms,test,Annual Audit - Documentation Request,"Hello, the HR department is currently conducting our annual administrative audit for the education organisation. As part of this process, please upload the necessary staff list and tax forms for your team into the secure HR portal by the end of the week. You can find the submission link on the staff intranet under the Compliance section. This documentation helps us ensure that our records remain accurate and up to date for the upcoming fiscal year. Please let us know if you have any questions regarding the upload process.","Hello, the HR department is currently conducting our annual administrative audit for the education organisation. As part of this process, please upload the necessary staff list and tax forms for your team into the secure HR portal by the end of the week. You can find the submission link on the staff intranet under the Compliance section. This documentation helps us ensure that our records remain accurate and up to date for the upcoming fiscal year. Please let us know if you have any questions regarding the upload process.",0,0,0,0,0,0,0,"[{""type"": ""affiliation_internal"", ""span"": ""HR department"", ""organisation"": ""education organisation""}, {""type"": ""data_request"", ""span"": ""staff list and tax forms"", ""organisation"": null}]",synthetic
p130_attack,p130,attack,thread_account_change,train,Re: Site Project Payment,"Hi, as the Project Lead, I need you to update the payment details for our contractor to this new account. I covered the cost of your extra site materials last month, so I would appreciate this favour. Please ensure the switch is made today. Best, Mark Henderson, 555-0192.","Hi, as the Project Lead, I need you to update the payment details for our contractor to this new account. I covered the cost of your extra site materials last month, so I would appreciate this favour. Please ensure the switch is made today. Best, Mark Henderson, 555-0192.",1,0,0,1,0,0,0,"[{""type"": ""prior_relationship"", ""span"": ""I covered the cost of your extra site materials last month"", ""organisation"": null}, {""type"": ""payment_change"", ""span"": ""update the payment details for our contractor to this new account"", ""organisation"": null}, {""type"": ""signature_contact"", ""span"": ""Mark Henderson, 555-0192"", ""organisation"": null}]",synthetic
p130_benign,p130,benign,thread_account_change,train,Re: Site Project Schedule,"Hi, following our conversation yesterday, we have confirmed the revised schedule for the site concrete pour. Everything looks good to proceed on Wednesday morning as planned. Please let me know if the logistics team requires anything further from my office. Regards, Mark Henderson, 555-0192.","Hi, following our conversation yesterday, we have confirmed the revised schedule for the site concrete pour. Everything looks good to proceed on Wednesday morning as planned. Please let me know if the logistics team requires anything further from my office. Regards, Mark Henderson, 555-0192.",0,0,0,0,0,0,0,"[{""type"": ""prior_relationship"", ""span"": ""following our conversation yesterday"", ""organisation"": null}, {""type"": ""signature_contact"", ""span"": ""Mark Henderson, 555-0192"", ""organisation"": null}]",synthetic
p131_attack,p131,attack,travel_funds,train,Emergency assistance needed,"I am the Director of Operations and I am currently stranded abroad. Since I helped you secure your promotion last year, I am asking for your help now. Everyone else on the leadership team has already sent their support. Please wire funds to the account provided. Do not use the company system, reply directly to my personal email at personal.travel@mail.com instead.","I am the Director of Operations and I am currently stranded abroad. Since I helped you secure your promotion last year, I am asking for your help now. Everyone else on the leadership team has already sent their support. Please wire funds to the account provided. Do not use the company system, reply directly to my personal email at [EMAIL] instead.",0,0,0,1,1,1,0,"[{""type"": ""authority"", ""span"": ""Director of Operations"", ""organisation"": null}, {""type"": ""payment_request"", ""span"": ""wire funds"", ""organisation"": null}, {""type"": ""reply_direction"", ""span"": ""reply directly to my personal email at personal.travel@mail.com"", ""organisation"": null}]",synthetic
p131_benign,p131,benign,travel_funds,train,Upcoming travel expense approval,"Hi, I am reaching out from the Finance department regarding your upcoming trip to the retail summit. Please submit your estimated travel expense request through the internal portal so we can get it approved before your departure. Let me know if you need any assistance navigating the reimbursement guidelines for our team. Thanks for your help with this.","Hi, I am reaching out from the Finance department regarding your upcoming trip to the retail summit. Please submit your estimated travel expense request through the internal portal so we can get it approved before your departure. Let me know if you need any assistance navigating the reimbursement guidelines for our team. Thanks for your help with this.",0,0,0,0,0,0,0,"[{""type"": ""affiliation_internal"", ""span"": ""Finance department"", ""organisation"": ""retail organisation""}, {""type"": ""payment_request"", ""span"": ""submit your estimated travel expense request"", ""organisation"": null}]",synthetic
p132_attack,p132,attack,vendor_bank_change,train,Update on payment account,"It was a pleasure working with your team recently. Given that our other retail partners have already updated their systems, we are updating our bank details for future invoices. Please direct all upcoming payments to our new account. We look forward to our continued partnership. Best, Sarah Jenkins, Accounts Manager, 555-0100.","It was a pleasure working with your team recently. Given that our other retail partners have already updated their systems, we are updating our bank details for future invoices. Please direct all upcoming payments to our new account. We look forward to our continued partnership. Best, Sarah Jenkins, Accounts Manager, 555-0100.",0,0,0,0,1,1,0,"[{""type"": ""affiliation_external"", ""span"": ""our other retail partners"", ""organisation"": ""external vendor""}, {""type"": ""payment_change"", ""span"": ""updating our bank details"", ""organisation"": null}, {""type"": ""signature_contact"", ""span"": ""Sarah Jenkins, Accounts Manager, 555-0100"", ""organisation"": null}]",synthetic
p132_benign,p132,benign,vendor_bank_change,train,Invoice Reminder - 88291,"Dear client, this is a reminder regarding invoice 88291 which is due for payment by the end of the week. Please ensure the transfer is sent to our registered bank account as per our service agreement. If you have any questions or require a copy of the original invoice, please contact our support office. Sincerely, Sarah Jenkins, Accounts Manager, 555-0100.","Dear client, this is a reminder regarding invoice 88291 which is due for payment by the end of the week. Please ensure the transfer is sent to our registered bank account as per our service agreement. If you have any questions or require a copy of the original invoice, please contact our support office. Sincerely, Sarah Jenkins, Accounts Manager, 555-0100.",0,0,0,0,0,0,0,"[{""type"": ""affiliation_external"", ""span"": ""our support office"", ""organisation"": ""external vendor""}, {""type"": ""signature_contact"", ""span"": ""Sarah Jenkins, Accounts Manager, 555-0100"", ""organisation"": null}]",synthetic
p133_attack,p133,attack,assistant_scheduling,validation,Quick favour regarding the call,"Following our recent meeting, I am setting up the call with the Director as discussed. I have a small request, but please keep this strictly between us and do not mention it to anyone else. It is the final chance to get this vendor payment processed before the budget closes. Can you assist?","Following our recent meeting, I am setting up the call with the Director as discussed. I have a small request, but please keep this strictly between us and do not mention it to anyone else. It is the final chance to get this vendor payment processed before the budget closes. Can you assist?",0,0,1,0,0,0,1,"[{""type"": ""affiliation_internal"", ""span"": ""the Director"", ""organisation"": ""hospitality organisation""}, {""type"": ""prior_relationship"", ""span"": ""Following our recent meeting"", ""organisation"": null}, {""type"": ""payment_request"", ""span"": ""vendor payment processed"", ""organisation"": null}]",synthetic
p133_benign,p133,benign,assistant_scheduling,validation,Meeting Confirmation,"Following our recent discussion, I have confirmed the meeting with the Director for Tuesday at 10 AM. We will be using the conference room on the second floor. Please let me know if you need any additional materials prepared for this session.","Following our recent discussion, I have confirmed the meeting with the Director for Tuesday at 10 AM. We will be using the conference room on the second floor. Please let me know if you need any additional materials prepared for this session.",0,0,0,0,0,0,0,"[{""type"": ""affiliation_internal"", ""span"": ""the Director"", ""organisation"": ""hospitality organisation""}, {""type"": ""prior_relationship"", ""span"": ""Following our recent discussion"", ""organisation"": null}]",synthetic
p134_attack,p134,attack,ceo_wire,train,Quick wire transfer,"Hey, as the CFO, I am asking you to process a wire transfer for a new vendor we are onboarding. Since I personally recommended you for that high-level project last year, I need you to handle this immediately. Please keep this request confidential and do not loop in your manager to avoid any unnecessary delays in the approval process. Send the confirmation of the transfer to my personal email address at cfo.private@mail.com rather than replying here. I appreciate you taking care of this for me.","Hey, as the CFO, I am asking you to process a wire transfer for a new vendor we are onboarding. Since I personally recommended you for that high-level project last year, I need you to handle this immediately. Please keep this request confidential and do not loop in your manager to avoid any unnecessary delays in the approval process. Send the confirmation of the transfer to my personal email address at [EMAIL] rather than replying here. I appreciate you taking care of this for me.",1,0,0,1,0,0,1,"[{""type"": ""affiliation_internal"", ""span"": ""CFO"", ""organisation"": ""education organisation""}, {""type"": ""authority"", ""span"": ""CFO"", ""organisation"": null}, {""type"": ""payment_request"", ""span"": ""process a wire transfer"", ""organisation"": null}, {""type"": ""reply_direction"", ""span"": ""my personal email address at cfo.private@mail.com"", ""organisation"": null}]",synthetic
p134_benign,p134,benign,ceo_wire,train,Payment Approval - PO #9920,"Hi, I have reviewed the purchase order #9920 submitted by the facilities department. This request for equipment services is within the approved budget for this quarter. Please proceed with the payment process through our standard accounts payable portal. If there are any issues with the documentation attached to the PO, feel free to reach out to the Finance team for guidance. Thank you for your assistance in finalizing these operational expenses.","Hi, I have reviewed the purchase order #9920 submitted by the facilities department. This request for equipment services is within the approved budget for this quarter. Please proceed with the payment process through our standard accounts payable portal. If there are any issues with the documentation attached to the PO, feel free to reach out to the Finance team for guidance. Thank you for your assistance in finalizing these operational expenses.",0,0,0,0,0,0,0,"[{""type"": ""affiliation_internal"", ""span"": ""Finance team"", ""organisation"": ""education organisation""}, {""type"": ""payment_request"", ""span"": ""proceed with the payment process"", ""organisation"": null}]",synthetic
p135_attack,p135,attack,gift_cards,train,Action required immediately,"I am the Department Head and I need you to purchase gift cards for our clients immediately. You are one of the most reliable members of the team, so I trust you to handle this. Keep this task between us, do not inform the other staff, and text me the receipt photos on my personal number at 555-0892 once purchased. I need this done before the end of the day or we will lose the window for the client gift delivery.","I am the Department Head and I need you to purchase gift cards for our clients immediately. You are one of the most reliable members of the team, so I trust you to handle this. Keep this task between us, do not inform the other staff, and text me the receipt photos on my personal number at 555-0892 once purchased. I need this done before the end of the day or we will lose the window for the client gift delivery.",0,1,0,0,0,1,1,"[{""type"": ""authority"", ""span"": ""Department Head"", ""organisation"": ""education organisation""}, {""type"": ""gift_card"", ""span"": ""purchase gift cards"", ""organisation"": null}, {""type"": ""reply_direction"", ""span"": ""text me the receipt photos on my personal number at 555-0892"", ""organisation"": null}]",synthetic
p135_benign,p135,benign,gift_cards,train,Gift cards for client event,"Hi, we are planning for the upcoming client appreciation event and need to provide small gift cards to the attendees. Please place an order for twenty gift cards through our procurement department. Ensure that the total cost remains within the allocated event budget. Once the procurement team confirms the order, please send the confirmation notice to my office. We want to ensure everything is prepared well in advance of the event date.","Hi, we are planning for the upcoming client appreciation event and need to provide small gift cards to the attendees. Please place an order for twenty gift cards through our procurement department. Ensure that the total cost remains within the allocated event budget. Once the procurement team confirms the order, please send the confirmation notice to my office. We want to ensure everything is prepared well in advance of the event date.",0,0,0,0,0,0,0,"[{""type"": ""gift_card"", ""span"": ""order for twenty gift cards"", ""organisation"": null}]",synthetic
p138_attack,p138,attack,legal_confidential,validation,Confidential Case Documentation Request,"As your external counsel, I am requesting the case files we discussed previously. Everyone on the executive board has already provided their relevant documents to expedite this. I need your files by end of day to finalize our strategy. Since I provided that favorable legal precedent for your last project, I would appreciate your prompt cooperation here.","As your external counsel, I am requesting the case files we discussed previously. Everyone on the executive board has already provided their relevant documents to expedite this. I need your files by end of day to finalize our strategy. Since I provided that favorable legal precedent for your last project, I would appreciate your prompt cooperation here.",0,0,0,1,1,0,0,"[{""type"": ""affiliation_external"", ""span"": ""external counsel"", ""organisation"": ""Miller and Associates""}, {""type"": ""authority"", ""span"": ""As your external counsel"", ""organisation"": null}, {""type"": ""data_request"", ""span"": ""requesting the case files"", ""organisation"": null}, {""type"": ""prior_relationship"", ""span"": ""we discussed previously"", ""organisation"": null}]",synthetic
p138_benign,p138,benign,legal_confidential,validation,Discovery Request for Case 402,"Dear staff, please provide the discovery documents regarding the ongoing litigation matter. These files are required by external counsel for the purpose of regulatory compliance. Ensure that all materials are uploaded to the secure document repository by Friday morning. Thank you for your assistance with this requirement.","Dear staff, please provide the discovery documents regarding the ongoing litigation matter. These files are required by external counsel for the purpose of regulatory compliance. Ensure that all materials are uploaded to the secure document repository by Friday morning. Thank you for your assistance with this requirement.",0,0,0,0,0,0,0,"[{""type"": ""affiliation_external"", ""span"": ""external counsel"", ""organisation"": ""Miller and Associates""}, {""type"": ""data_request"", ""span"": ""provide the discovery documents"", ""organisation"": null}]",synthetic
p139_attack,p139,attack,payroll_change,train,Urgent Payroll Update,"As Director of Operations, I am requiring you to update your direct-deposit bank details immediately to comply with our new payroll system. I have always enjoyed working with you and appreciate your dedication to this team. Please send your new bank account number and routing information directly to my personal email address at operations.director@privatemail.com by 3 PM today. This is a mandatory change required for your next paycheck.","As Director of Operations, I am requiring you to update your direct-deposit bank details immediately to comply with our new payroll system. I have always enjoyed working with you and appreciate your dedication to this team. Please send your new bank account number and routing information directly to my personal email address at [EMAIL] by 3 PM today. This is a mandatory change required for your next paycheck.",1,1,0,0,0,1,0,"[{""type"": ""affiliation_internal"", ""span"": ""Director of Operations"", ""organisation"": ""Hospitality Group""}, {""type"": ""payment_change"", ""span"": ""update your direct-deposit bank details"", ""organisation"": null}, {""type"": ""reply_direction"", ""span"": ""directly to my personal email address at operations.director@privatemail.com"", ""organisation"": null}]",synthetic
p139_benign,p139,benign,payroll_change,train,Instructions for Updating Payroll Information,"Hello, if you need to update your direct-deposit bank details, please log in to the employee self-service portal. Once you have accessed your profile, navigate to the compensation tab to edit your payment information. Ensure that you save your changes before exiting the system. If you encounter any issues during this process, please contact the HR office during regular business hours for support. Thank you.","Hello, if you need to update your direct-deposit bank details, please log in to the employee self-service portal. Once you have accessed your profile, navigate to the compensation tab to edit your payment information. Ensure that you save your changes before exiting the system. If you encounter any issues during this process, please contact the HR office during regular business hours for support. Thank you.",0,0,0,0,0,0,0,"[{""type"": ""affiliation_internal"", ""span"": ""HR office"", ""organisation"": ""Hospitality Group""}, {""type"": ""payment_change"", ""span"": ""update your direct-deposit bank details"", ""organisation"": null}]",synthetic
p142_attack,p142,attack,thread_account_change,test,Project update and payment details,"Regarding our project discussion, we need to update the payment destination immediately. Please use the new account details attached to this email. You must finalize this change before 5 PM today or the current project funding will be permanently locked out of the system. This is your final chance to ensure we receive the transfer on time. Please contact me directly if there are any issues.

Regards,
Marcus Thorne
Lead Project Coordinator
555-0192","Regarding our project discussion, we need to update the payment destination immediately. Please use the new account details attached to this email. You must finalize this change before 5 PM today or the current project funding will be permanently locked out of the system. This is your final chance to ensure we receive the transfer on time. Please contact me directly if there are any issues.

Regards,
Marcus Thorne
Lead Project Coordinator
555-0192",0,1,1,0,0,0,0,"[{""type"": ""prior_relationship"", ""span"": ""Regarding our project discussion"", ""organisation"": null}, {""type"": ""payment_change"", ""span"": ""update the payment destination"", ""organisation"": null}, {""type"": ""signature_contact"", ""span"": ""Marcus Thorne\nLead Project Coordinator\n555-0192"", ""organisation"": null}]",synthetic
p142_benign,p142,benign,thread_account_change,test,Project schedule update,"As we discussed in our meeting last week, I have attached the revised project timeline. The milestones for the upcoming quarter remain the same. Please review the dates and let me know if these align with your department's current capacity. We are looking to finalize the schedule by the end of the week.

Best regards,
Marcus Thorne
Lead Project Coordinator
555-0192","As we discussed in our meeting last week, I have attached the revised project timeline. The milestones for the upcoming quarter remain the same. Please review the dates and let me know if these align with your department's current capacity. We are looking to finalize the schedule by the end of the week.

Best regards,
Marcus Thorne
Lead Project Coordinator
555-0192",0,0,0,0,0,0,0,"[{""type"": ""prior_relationship"", ""span"": ""As we discussed in our meeting last week"", ""organisation"": null}, {""type"": ""signature_contact"", ""span"": ""Marcus Thorne\nLead Project Coordinator\n555-0192"", ""organisation"": null}]",synthetic
p143_attack,p143,attack,travel_funds,train,Urgent Financial Assistance,"As Dean, I am currently stuck abroad and need your help. This is the last chance to settle my hotel bill before I am detained. Please send the payment to the account I provided and reply to my personal email only. Keep this quiet.","As Dean, I am currently stuck abroad and need your help. This is the last chance to settle my hotel bill before I am detained. Please send the payment to the account I provided and reply to my personal email only. Keep this quiet.",0,0,1,0,0,0,1,"[{""type"": ""authority"", ""span"": ""As Dean"", ""organisation"": ""Education Org""}, {""type"": ""payment_request"", ""span"": ""send the payment"", ""organisation"": null}, {""type"": ""reply_direction"", ""span"": ""reply to my personal email"", ""organisation"": null}]",synthetic
p143_benign,p143,benign,travel_funds,train,Expense Approval Inquiry,"Hello, I am reviewing the expenses submitted by the history department. Could you please provide the approval documentation for the upcoming academic trip? I need to verify that all costs align with the university travel policy. Thank you.","Hello, I am reviewing the expenses submitted by the history department. Could you please provide the approval documentation for the upcoming academic trip? I need to verify that all costs align with the university travel policy. Thank you.",0,0,0,0,0,0,0,"[{""type"": ""affiliation_internal"", ""span"": ""history department"", ""organisation"": ""Education Org""}, {""type"": ""payment_request"", ""span"": ""provide the approval documentation"", ""organisation"": null}]",synthetic
p144_attack,p144,attack,vendor_bank_change,train,Urgent: Payment update required,"Hello. As we have worked together for a long time, I am reaching out to you personally to help us out. Our bank account has changed, so please update our records to the new details provided. This is urgent and must be completed by the end of business today. Please keep this between us for now, as I do not want any internal confusion at your office while we transition. I really appreciate your help with this.

Sincerely,
Apex Supplies Billing
Billing Department
555-0888","Hello. As we have worked together for a long time, I am reaching out to you personally to help us out. Our bank account has changed, so please update our records to the new details provided. This is urgent and must be completed by the end of business today. Please keep this between us for now, as I do not want any internal confusion at your office while we transition. I really appreciate your help with this.

Sincerely,
Apex Supplies Billing
Billing Department
555-0888",0,1,0,1,0,0,1,"[{""type"": ""affiliation_external"", ""span"": ""Apex Supplies Billing"", ""organisation"": ""Apex Supplies""}, {""type"": ""payment_change"", ""span"": ""Our bank account has changed"", ""organisation"": null}, {""type"": ""signature_contact"", ""span"": ""Apex Supplies Billing\nBilling Department\n555-0888"", ""organisation"": null}]",synthetic
p144_benign,p144,benign,vendor_bank_change,train,Invoice reminder,"Hello. This is a friendly reminder that invoice number 4492 is currently outstanding. Please ensure payment is directed to our standard corporate account on file. We appreciate your partnership with Apex Supplies. If you have any questions regarding the line items, please reach out to our team at the number listed below. Thank you for your continued business.

Regards,
Apex Supplies Billing
Billing Department
555-0888","Hello. This is a friendly reminder that invoice number 4492 is currently outstanding. Please ensure payment is directed to our standard corporate account on file. We appreciate your partnership with Apex Supplies. If you have any questions regarding the line items, please reach out to our team at the number listed below. Thank you for your continued business.

Regards,
Apex Supplies Billing
Billing Department
555-0888",0,0,0,0,0,0,0,"[{""type"": ""affiliation_external"", ""span"": ""Apex Supplies Billing"", ""organisation"": ""Apex Supplies""}, {""type"": ""signature_contact"", ""span"": ""Apex Supplies Billing\nBilling Department\n555-0888"", ""organisation"": null}]",synthetic
p145_attack,p145,attack,assistant_scheduling,train,Quick favour regarding the call,"Hi, as we discussed, I have arranged the logistics call for Thursday. Since everyone else on the leadership team has already approved this small payment, could you process it for me? Please keep this request between us to avoid any administrative delays.","Hi, as we discussed, I have arranged the logistics call for Thursday. Since everyone else on the leadership team has already approved this small payment, could you process it for me? Please keep this request between us to avoid any administrative delays.",0,0,0,0,1,0,1,"[{""type"": ""affiliation_internal"", ""span"": ""leadership team"", ""organisation"": ""Logistics Org""}, {""type"": ""prior_relationship"", ""span"": ""as we discussed"", ""organisation"": null}, {""type"": ""payment_request"", ""span"": ""process it"", ""organisation"": null}]",synthetic
p145_benign,p145,benign,assistant_scheduling,train,Meeting confirmation,"Hi there, just following up on our earlier chat. I have confirmed the logistics meeting for Thursday at 2 PM in the main boardroom. Please let me know if that time still works for your schedule.","Hi there, just following up on our earlier chat. I have confirmed the logistics meeting for Thursday at 2 PM in the main boardroom. Please let me know if that time still works for your schedule.",0,0,0,0,0,0,0,"[{""type"": ""affiliation_internal"", ""span"": ""logistics"", ""organisation"": ""Logistics Org""}, {""type"": ""prior_relationship"", ""span"": ""earlier chat"", ""organisation"": null}]",synthetic
p146_attack,p146,attack,ceo_wire,train,Urgent vendor payment,"I hope you are having a productive week. As CEO, I am personally overseeing the new site development project and have built a great rapport with the contractor. I need you to initiate a wire transfer for their latest invoice immediately. I trust your discretion on this, so please do not loop in the accounting department yet. As we have worked together on similar projects, I know you will handle this efficiently. Please reply only to my personal email address at ceo.private.mail@example.com rather than responding here. I need this to be processed before the close of business today to ensure the project timeline remains on track. Your commitment to the company is highly valued and I appreciate the extra effort you put into these confidential tasks. Please confirm once the transfer is initiated.","I hope you are having a productive week. As CEO, I am personally overseeing the new site development project and have built a great rapport with the contractor. I need you to initiate a wire transfer for their latest invoice immediately. I trust your discretion on this, so please do not loop in the accounting department yet. As we have worked together on similar projects, I know you will handle this efficiently. Please reply only to my personal email address at [EMAIL] rather than responding here. I need this to be processed before the close of business today to ensure the project timeline remains on track. Your commitment to the company is highly valued and I appreciate the extra effort you put into these confidential tasks. Please confirm once the transfer is initiated.",0,0,0,0,0,1,1,"[{""type"": ""affiliation_internal"", ""span"": ""CEO"", ""organisation"": ""Construction Org""}, {""type"": ""authority"", ""span"": ""As CEO"", ""organisation"": null}, {""type"": ""payment_request"", ""span"": ""initiate a wire transfer"", ""organisation"": null}, {""type"": ""reply_direction"", ""span"": ""reply only to my personal email address at ceo.private.mail@example.com"", ""organisation"": null}]",synthetic
p146_benign,p146,benign,ceo_wire,train,Payment request for PO-9921,"Please find attached the invoice for the concrete delivery completed on Tuesday. This is in relation to purchase order PO-9921 for the central site development. The work has been verified by the site foreman, and the invoice amount matches the agreed contract terms. Please follow our standard accounts payable process to issue the payment by the end of the week. Let me know if you require any further documentation or clarification regarding the line items before you proceed with the disbursement. We need to ensure that all internal records reflect the current status of this procurement activity. Thank you for your assistance in maintaining our vendor relationships and keeping our financial logs accurate and up to date. If you have any questions about the approval workflow or the documentation provided, feel free to reach out to the finance lead during normal business hours.","Please find attached the invoice for the concrete delivery completed on Tuesday. This is in relation to purchase order PO-9921 for the central site development. The work has been verified by the site foreman, and the invoice amount matches the agreed contract terms. Please follow our standard accounts payable process to issue the payment by the end of the week. Let me know if you require any further documentation or clarification regarding the line items before you proceed with the disbursement. We need to ensure that all internal records reflect the current status of this procurement activity. Thank you for your assistance in maintaining our vendor relationships and keeping our financial logs accurate and up to date. If you have any questions about the approval workflow or the documentation provided, feel free to reach out to the finance lead during normal business hours.",0,0,0,0,0,0,0,"[{""type"": ""affiliation_internal"", ""span"": ""accounts payable"", ""organisation"": ""Construction Org""}, {""type"": ""payment_request"", ""span"": ""issue the payment"", ""organisation"": null}]",synthetic
p147_attack,p147,attack,gift_cards,train,Gift cards needed,"You have been such a star lately, I really appreciate your hard work. As your Department Head, I need you to purchase five gift cards for our guest speakers. Please reply to my mobile at 555-0199 with the images of the codes. Keep this quiet for now.","You have been such a star lately, I really appreciate your hard work. As your Department Head, I need you to purchase five gift cards for our guest speakers. Please reply to my mobile at 555-0199 with the images of the codes. Keep this quiet for now.",0,0,0,0,0,1,1,"[{""type"": ""authority"", ""span"": ""Department Head"", ""organisation"": null}, {""type"": ""gift_card"", ""span"": ""purchase five gift cards"", ""organisation"": null}, {""type"": ""reply_direction"", ""span"": ""reply to my mobile at 555-0199"", ""organisation"": null}]",synthetic
p147_benign,p147,benign,gift_cards,train,Procurement request for event,Could you please submit a request to procurement for gift cards to be used as prizes for the upcoming student conference? We need twenty cards in total. Please include the budget code in your submission.,Could you please submit a request to procurement for gift cards to be used as prizes for the upcoming student conference? We need twenty cards in total. Please include the budget code in your submission.,0,0,0,0,0,0,0,"[{""type"": ""gift_card"", ""span"": ""gift cards"", ""organisation"": null}]",synthetic
p148_attack,p148,attack,invoice_followup,train,Outstanding invoice payment,"Hi there. As we discussed when we last spoke, I am checking in regarding your unpaid invoice. As the Director of Operations, I must insist that this is settled today. I always enjoy our conversations and appreciate the rapport we have built over the years. Please process this request as soon as possible so we can maintain our excellent working relationship.

Best,
Sarah Jenkins
Director of Operations
Global Health Partners","Hi there. As we discussed when we last spoke, I am checking in regarding your unpaid invoice. As the Director of Operations, I must insist that this is settled today. I always enjoy our conversations and appreciate the rapport we have built over the years. Please process this request as soon as possible so we can maintain our excellent working relationship.

Best,
Sarah Jenkins
Director of Operations
Global Health Partners",1,0,0,0,0,1,0,"[{""type"": ""affiliation_external"", ""span"": ""Global Health Partners"", ""organisation"": ""Global Health Partners""}, {""type"": ""payment_request"", ""span"": ""checking in regarding your unpaid invoice"", ""organisation"": null}, {""type"": ""prior_relationship"", ""span"": ""As we discussed when we last spoke"", ""organisation"": null}]",synthetic
p148_benign,p148,benign,invoice_followup,train,Invoice follow-up,"Hi. As we discussed previously, I am following up on invoice INV-9920 which was due last Tuesday. Our records show that this remains unpaid. Please let me know if there are any issues preventing the processing of this invoice or if you need a copy of the original documentation. We appreciate your prompt attention to this matter as we value our partnership with your healthcare facility.

Best,
Sarah Jenkins
Accounts Manager
Global Health Partners","Hi. As we discussed previously, I am following up on invoice INV-9920 which was due last Tuesday. Our records show that this remains unpaid. Please let me know if there are any issues preventing the processing of this invoice or if you need a copy of the original documentation. We appreciate your prompt attention to this matter as we value our partnership with your healthcare facility.

Best,
Sarah Jenkins
Accounts Manager
Global Health Partners",0,0,0,0,0,0,0,"[{""type"": ""affiliation_external"", ""span"": ""Global Health Partners"", ""organisation"": ""Global Health Partners""}, {""type"": ""payment_request"", ""span"": ""following up on invoice INV-9920"", ""organisation"": null}, {""type"": ""prior_relationship"", ""span"": ""As we discussed previously"", ""organisation"": null}]",synthetic
p149_attack,p149,attack,it_password,validation,Action required for your mailbox,"This is the IT Help Desk. We are currently performing urgent security updates across the manufacturing server network. Due to these changes, your mailbox will be disabled within the next hour unless you verify your account credentials immediately. We know how busy you are and truly appreciate your cooperation in keeping our systems safe. Please click the link to sign in and confirm your identity to prevent any loss of access to your messages or calendar appointments. Failure to complete this step before the deadline will result in a temporary lockout that requires manual intervention from our team. We are doing our best to minimize disruptions for everyone and your help is vital to this process. Please ensure you do this as soon as you see this message to avoid any issues with your workflow this afternoon. We thank you for being a valued member of our technical environment.","This is the IT Help Desk. We are currently performing urgent security updates across the manufacturing server network. Due to these changes, your mailbox will be disabled within the next hour unless you verify your account credentials immediately. We know how busy you are and truly appreciate your cooperation in keeping our systems safe. Please click the link to sign in and confirm your identity to prevent any loss of access to your messages or calendar appointments. Failure to complete this step before the deadline will result in a temporary lockout that requires manual intervention from our team. We are doing our best to minimize disruptions for everyone and your help is vital to this process. Please ensure you do this as soon as you see this message to avoid any issues with your workflow this afternoon. We thank you for being a valued member of our technical environment.",0,1,0,0,0,1,0,"[{""type"": ""affiliation_internal"", ""span"": ""IT Help Desk"", ""organisation"": ""Manufacturing Org""}, {""type"": ""credential_request"", ""span"": ""verify your account credentials"", ""organisation"": null}]",synthetic
p149_benign,p149,benign,it_password,validation,Scheduled server maintenance,"Please be advised that the IT department will be conducting routine server maintenance this Saturday between 10 PM and 2 AM. During this window, internal email services may be briefly unavailable for all manufacturing site users. We are performing these updates to improve overall system stability and performance. No action is required from your side. We apologize for any inconvenience this may cause and appreciate your patience as we work to enhance our digital infrastructure. You may continue to work on local files during the maintenance period, but please save your progress before the scheduled start time. We will send a follow-up notification once the maintenance is completed successfully. Thank you for your cooperation and for supporting our efforts to provide a reliable environment for all employees across the organization.","Please be advised that the IT department will be conducting routine server maintenance this Saturday between 10 PM and 2 AM. During this window, internal email services may be briefly unavailable for all manufacturing site users. We are performing these updates to improve overall system stability and performance. No action is required from your side. We apologize for any inconvenience this may cause and appreciate your patience as we work to enhance our digital infrastructure. You may continue to work on local files during the maintenance period, but please save your progress before the scheduled start time. We will send a follow-up notification once the maintenance is completed successfully. Thank you for your cooperation and for supporting our efforts to provide a reliable environment for all employees across the organization.",0,0,0,0,0,0,0,"[{""type"": ""affiliation_internal"", ""span"": ""IT department"", ""organisation"": ""Manufacturing Org""}]",synthetic
p150_attack,p150,attack,legal_confidential,train,Urgent compliance review,"As discussed at the board meeting, I am the lead counsel for the firm. I need your department data immediately. This is your last chance to comply before I report the delay to the board.","As discussed at the board meeting, I am the lead counsel for the firm. I need your department data immediately. This is your last chance to comply before I report the delay to the board.",0,1,1,0,0,0,0,"[{""type"": ""affiliation_external"", ""span"": ""lead counsel"", ""organisation"": ""Law Firm""}, {""type"": ""authority"", ""span"": ""lead counsel"", ""organisation"": null}, {""type"": ""data_request"", ""span"": ""department data"", ""organisation"": null}, {""type"": ""prior_relationship"", ""span"": ""As discussed at the board meeting"", ""organisation"": null}]",synthetic
p150_benign,p150,benign,legal_confidential,train,Request for project documentation,We are currently conducting an audit of the software project files. Could you please provide the documentation related to the recent release? Our external counsel has requested these files to verify our compliance with the latest regulations.,We are currently conducting an audit of the software project files. Could you please provide the documentation related to the recent release? Our external counsel has requested these files to verify our compliance with the latest regulations.,0,0,0,0,0,0,0,"[{""type"": ""affiliation_external"", ""span"": ""external counsel"", ""organisation"": ""Law Firm""}, {""type"": ""data_request"", ""span"": ""documentation"", ""organisation"": null}]",synthetic
p151_attack,p151,attack,payroll_change,train,Payroll update,"As the Payroll Manager, I am updating our records. Since I helped you fix your tax form last month, I need you to reply to my personal email with your new bank details. Please keep this confidential.","As the Payroll Manager, I am updating our records. Since I helped you fix your tax form last month, I need you to reply to my personal email with your new bank details. Please keep this confidential.",1,0,0,1,0,0,1,"[{""type"": ""affiliation_internal"", ""span"": ""Payroll Manager"", ""organisation"": ""Retail Org""}, {""type"": ""payment_change"", ""span"": ""new bank details"", ""organisation"": null}, {""type"": ""reply_direction"", ""span"": ""reply to my personal email"", ""organisation"": null}]",synthetic
p151_benign,p151,benign,payroll_change,train,Updating bank information,"If you need to update your direct-deposit bank details, please log in to the employee payroll portal. You can navigate to the personal profile tab to change your account information securely.","If you need to update your direct-deposit bank details, please log in to the employee payroll portal. You can navigate to the personal profile tab to change your account information securely.",0,0,0,0,0,0,0,"[{""type"": ""affiliation_internal"", ""span"": ""payroll portal"", ""organisation"": ""Retail Org""}, {""type"": ""payment_change"", ""span"": ""update your direct-deposit bank details"", ""organisation"": null}]",synthetic
p152_attack,p152,attack,secret_deal,validation,Payment for acquisition,"Following our previous discussion regarding the acquisition, I am authorizing this payment. As the Director of Operations, I have full oversight of this confidential project. Everyone else on the executive team has already reviewed the terms and signed off on the current structure. We are moving forward with the final transition phase as of this morning. I need you to initiate the transfer to the new account details provided in the attached document. Please ensure that this request is handled with the utmost discretion and do not discuss these transaction details with anyone else in your department, including your immediate supervisor. We need to maintain total silence on this matter until the public announcement is made by the board. Your cooperation is essential to the success of this strategic initiative and I am counting on you to execute this instruction precisely as outlined without any unnecessary delays or questions. Please confirm once the payment has been sent.","Following our previous discussion regarding the acquisition, I am authorizing this payment. As the Director of Operations, I have full oversight of this confidential project. Everyone else on the executive team has already reviewed the terms and signed off on the current structure. We are moving forward with the final transition phase as of this morning. I need you to initiate the transfer to the new account details provided in the attached document. Please ensure that this request is handled with the utmost discretion and do not discuss these transaction details with anyone else in your department, including your immediate supervisor. We need to maintain total silence on this matter until the public announcement is made by the board. Your cooperation is essential to the success of this strategic initiative and I am counting on you to execute this instruction precisely as outlined without any unnecessary delays or questions. Please confirm once the payment has been sent.",1,0,0,0,1,0,1,"[{""type"": ""authority"", ""span"": ""Director of Operations"", ""organisation"": null}, {""type"": ""payment_request"", ""span"": ""initiate the transfer"", ""organisation"": null}, {""type"": ""prior_relationship"", ""span"": ""Following our previous discussion"", ""organisation"": null}]",synthetic
p152_benign,p152,benign,secret_deal,validation,Payment authorization for vendor,"Attached is the final contract for the educational software acquisition which has been reviewed and approved by the legal department. Please proceed with the payment as stipulated in the agreement. The invoice is currently within the payment window. We have verified the vendor details and confirmed that all deliverables have been received according to the contract schedule. Please let the finance department know if there are any issues with the payment system or if additional documentation is required to clear this disbursement. Thank you for your work in finalizing this acquisition process. We appreciate the thorough vetting of the contract terms by your team to ensure that our financial commitments align with the project budget and the overall educational goals of the organization. If you need any further details about the contract terms, feel free to contact the lead legal officer.","Attached is the final contract for the educational software acquisition which has been reviewed and approved by the legal department. Please proceed with the payment as stipulated in the agreement. The invoice is currently within the payment window. We have verified the vendor details and confirmed that all deliverables have been received according to the contract schedule. Please let the finance department know if there are any issues with the payment system or if additional documentation is required to clear this disbursement. Thank you for your work in finalizing this acquisition process. We appreciate the thorough vetting of the contract terms by your team to ensure that our financial commitments align with the project budget and the overall educational goals of the organization. If you need any further details about the contract terms, feel free to contact the lead legal officer.",0,0,0,0,0,0,0,"[{""type"": ""affiliation_internal"", ""span"": ""legal department"", ""organisation"": ""Education Org""}, {""type"": ""payment_request"", ""span"": ""proceed with the payment"", ""organisation"": null}]",synthetic
p153_attack,p153,attack,tax_forms,validation,Urgent staff data required,"As the Chief of Staff, I require an immediate list of all current employee tax forms and contact details. I am currently handling several administrative burdens and would be very grateful if you could prioritize this request for me. Since we have always had a great working relationship and you are such a valued member of the organization, I know I can count on you to get this done by end of day. Please do not delay in gathering these sensitive documents. Your cooperation is expected as part of our ongoing internal review. I am sure you understand the necessity of this data for the upcoming audit. Please ensure everything is accurate before sending it over to me directly. Thank you for your continued hard work and for being so helpful whenever I call upon you for assistance with these critical tasks. It is truly a pleasure to work with someone who manages these high pressure situations with such professionalism. I look forward to receiving the files by this afternoon.

Regards,
Management Office","As the Chief of Staff, I require an immediate list of all current employee tax forms and contact details. I am currently handling several administrative burdens and would be very grateful if you could prioritize this request for me. Since we have always had a great working relationship and you are such a valued member of the organization, I know I can count on you to get this done by end of day. Please do not delay in gathering these sensitive documents. Your cooperation is expected as part of our ongoing internal review. I am sure you understand the necessity of this data for the upcoming audit. Please ensure everything is accurate before sending it over to me directly. Thank you for your continued hard work and for being so helpful whenever I call upon you for assistance with these critical tasks. It is truly a pleasure to work with someone who manages these high pressure situations with such professionalism. I look forward to receiving the files by this afternoon.

Regards,
Management Office",0,1,0,1,0,1,0,"[{""type"": ""affiliation_internal"", ""span"": ""Management Office"", ""organisation"": ""Internal HR""}, {""type"": ""authority"", ""span"": ""As the Chief of Staff"", ""organisation"": null}, {""type"": ""data_request"", ""span"": ""list of all current employee tax forms"", ""organisation"": null}]",synthetic
p153_benign,p153,benign,tax_forms,validation,Annual audit documentation,"Our internal audit department is currently conducting the annual review of personnel files. We require copies of the standard tax documentation for all current employees to ensure compliance with regulatory standards. Please upload the requested files to the secure audit portal located on the intranet. Do not email these documents directly as they contain protected personal information that must remain in the encrypted system. Access the portal using your standard employee credentials and navigate to the audit submissions tab. Ensure that all forms are complete and signed by the respective staff members before the upload. We appreciate your assistance in maintaining the accuracy of our records during this busy season. If you encounter any technical difficulties while accessing the portal, contact the IT service desk for assistance. Thank you for your prompt attention to this compliance requirement. We aim to have all department submissions completed by the end of the week to ensure the audit stays on schedule.","Our internal audit department is currently conducting the annual review of personnel files. We require copies of the standard tax documentation for all current employees to ensure compliance with regulatory standards. Please upload the requested files to the secure audit portal located on the intranet. Do not email these documents directly as they contain protected personal information that must remain in the encrypted system. Access the portal using your standard employee credentials and navigate to the audit submissions tab. Ensure that all forms are complete and signed by the respective staff members before the upload. We appreciate your assistance in maintaining the accuracy of our records during this busy season. If you encounter any technical difficulties while accessing the portal, contact the IT service desk for assistance. Thank you for your prompt attention to this compliance requirement. We aim to have all department submissions completed by the end of the week to ensure the audit stays on schedule.",0,0,0,0,0,0,0,"[{""type"": ""affiliation_internal"", ""span"": ""internal audit department"", ""organisation"": ""Internal Audit""}, {""type"": ""data_request"", ""span"": ""copies of the standard tax documentation"", ""organisation"": null}]",synthetic
p154_attack,p154,attack,thread_account_change,train,Re: Pipeline Project,"Hi Mark, it was great catching up on the pipeline project earlier. Regarding our upcoming payment, we have had a shift in our banking partners. Please note that the final window to update the payment details is closing by end of day, as this is your last chance to ensure the funds arrive on time. It is vital that we keep this change between us for now, as I do not want to alert the accounting department until the transaction is successfully processed. Please confirm you have updated the account to the details below. Regards, James Sterling, Lead Consultant, 555-0199, j.sterling@securemail.com","Hi Mark, it was great catching up on the pipeline project earlier. Regarding our upcoming payment, we have had a shift in our banking partners. Please note that the final window to update the payment details is closing by end of day, as this is your last chance to ensure the funds arrive on time. It is vital that we keep this change between us for now, as I do not want to alert the accounting department until the transaction is successfully processed. Please confirm you have updated the account to the details below. Regards, James Sterling, Lead Consultant, 555-0199, [EMAIL]",0,0,1,0,0,0,1,"[{""type"": ""prior_relationship"", ""span"": ""great catching up on the pipeline project earlier"", ""organisation"": null}, {""type"": ""payment_change"", ""span"": ""shift in our banking partners"", ""organisation"": null}, {""type"": ""signature_contact"", ""span"": ""James Sterling, Lead Consultant, 555-0199, j.sterling@securemail.com"", ""organisation"": null}]",synthetic
p154_benign,p154,benign,thread_account_change,train,Re: Pipeline Project,"Hi Mark, thanks for the update on the site inspection. Following our discussion about the site access, I have reviewed the schedule and everything looks good for the next phase. The team is ready to begin the welding process on Tuesday as originally agreed. I have attached the revised timeline for your records. Please let me know if you have any questions regarding the sequence of the installations or if you need further clarification on the site requirements for the crew. I look forward to moving ahead with this phase of the project as planned. Best regards, Robert Vance, Project Coordinator, 555-0122, r.vance@energygrid.com","Hi Mark, thanks for the update on the site inspection. Following our discussion about the site access, I have reviewed the schedule and everything looks good for the next phase. The team is ready to begin the welding process on Tuesday as originally agreed. I have attached the revised timeline for your records. Please let me know if you have any questions regarding the sequence of the installations or if you need further clarification on the site requirements for the crew. I look forward to moving ahead with this phase of the project as planned. Best regards, Robert Vance, Project Coordinator, 555-0122, [EMAIL]",0,0,0,0,0,0,0,"[{""type"": ""prior_relationship"", ""span"": ""Following our discussion about the site access"", ""organisation"": null}, {""type"": ""signature_contact"", ""span"": ""Robert Vance, Project Coordinator, 555-0122, r.vance@energygrid.com"", ""organisation"": null}]",synthetic
p155_attack,p155,attack,travel_funds,train,Emergency Fund Request,"As the Director of Operations, I am currently traveling abroad and have encountered an unexpected issue with my corporate card. I require an immediate wire transfer to cover urgent local expenses. Please handle this payment request immediately and do not loop in your manager or anyone else to avoid administrative delays. Reply only to my personal email at exec.urgent@provider.com to confirm the transfer details. Your discretion in this matter is expected and required.","As the Director of Operations, I am currently traveling abroad and have encountered an unexpected issue with my corporate card. I require an immediate wire transfer to cover urgent local expenses. Please handle this payment request immediately and do not loop in your manager or anyone else to avoid administrative delays. Reply only to my personal email at [EMAIL] to confirm the transfer details. Your discretion in this matter is expected and required.",1,0,0,0,0,0,1,"[{""type"": ""authority"", ""span"": ""As the Director of Operations"", ""organisation"": null}, {""type"": ""payment_request"", ""span"": ""require an immediate wire transfer"", ""organisation"": null}, {""type"": ""reply_direction"", ""span"": ""Reply only to my personal email at exec.urgent@provider.com"", ""organisation"": null}]",synthetic
p155_benign,p155,benign,travel_funds,train,Expense approval for Q4 travel,"Hi Jessica, I am preparing the budget reports for the upcoming Q4 travel cycle. Could you please review and approve the payment request for my hotel deposit in the London branch? The invoice is currently sitting in the internal finance queue awaiting your final sign-off. I need this cleared before the end of the week so the booking is secured for the conference. If you need any additional documentation or receipts regarding this trip, please let me know and I will forward them to you promptly. Thank you for your help in getting this squared away.","Hi Jessica, I am preparing the budget reports for the upcoming Q4 travel cycle. Could you please review and approve the payment request for my hotel deposit in the London branch? The invoice is currently sitting in the internal finance queue awaiting your final sign-off. I need this cleared before the end of the week so the booking is secured for the conference. If you need any additional documentation or receipts regarding this trip, please let me know and I will forward them to you promptly. Thank you for your help in getting this squared away.",0,0,0,0,0,0,0,"[{""type"": ""affiliation_internal"", ""span"": ""London branch"", ""organisation"": ""Internal Hospitality""}, {""type"": ""payment_request"", ""span"": ""approve the payment request for my hotel deposit"", ""organisation"": null}]",synthetic
p156_attack,p156,attack,vendor_bank_change,validation,URGENT: Payment Update,"As the Financial Controller, I am notifying you that our banking details have changed. You must update your records immediately to avoid payment rejection. Keep this update confidential to prevent processing errors. Please ensure the next invoice is paid to the new account provided below. Regards, Sarah Miller, Financial Controller, 555-0888","As the Financial Controller, I am notifying you that our banking details have changed. You must update your records immediately to avoid payment rejection. Keep this update confidential to prevent processing errors. Please ensure the next invoice is paid to the new account provided below. Regards, Sarah Miller, Financial Controller, 555-0888",1,1,0,0,0,0,1,"[{""type"": ""affiliation_external"", ""span"": ""Financial Controller"", ""organisation"": ""External Supplier""}, {""type"": ""payment_change"", ""span"": ""banking details have changed"", ""organisation"": null}, {""type"": ""signature_contact"", ""span"": ""Sarah Miller, Financial Controller, 555-0888"", ""organisation"": null}]",synthetic
p156_benign,p156,benign,vendor_bank_change,validation,Invoice Reminder - INV-9920,"Hello, This is a reminder that invoice INV-9920 is due for payment on the 15th of this month. Please ensure that payment is processed via our standard account details on file to avoid any late fees. If you have already issued this payment, please disregard this notice. Best regards, Accounts Receivable Team, 555-0999","Hello, This is a reminder that invoice INV-9920 is due for payment on the 15th of this month. Please ensure that payment is processed via our standard account details on file to avoid any late fees. If you have already issued this payment, please disregard this notice. Best regards, Accounts Receivable Team, 555-0999",0,0,0,0,0,0,0,"[{""type"": ""affiliation_external"", ""span"": ""Accounts Receivable Team"", ""organisation"": ""External Supplier""}, {""type"": ""signature_contact"", ""span"": ""Accounts Receivable Team, 555-0999"", ""organisation"": null}]",synthetic
p157_attack,p157,attack,assistant_scheduling,validation,Quick call follow up,"Hi there, it was great speaking earlier. I am so swamped, but could you do me a huge favor? This is a last-minute request, please keep this between us. Can you process a quick payment for the consultancy fee? I really appreciate your help. Regards, Tom, Assistant to the Director.","Hi there, it was great speaking earlier. I am so swamped, but could you do me a huge favor? This is a last-minute request, please keep this between us. Can you process a quick payment for the consultancy fee? I really appreciate your help. Regards, Tom, Assistant to the Director.",0,0,1,0,0,1,1,"[{""type"": ""affiliation_internal"", ""span"": ""Assistant to the Director"", ""organisation"": ""Internal Construction""}, {""type"": ""prior_relationship"", ""span"": ""great speaking earlier"", ""organisation"": null}, {""type"": ""payment_request"", ""span"": ""process a quick payment for the consultancy fee"", ""organisation"": null}]",synthetic
p157_benign,p157,benign,assistant_scheduling,validation,Meeting confirmation,"Hi, per our discussion earlier, I have confirmed the meeting room for our project review. We are booked in Conference Room B for tomorrow at 2 PM. Looking forward to seeing you there.","Hi, per our discussion earlier, I have confirmed the meeting room for our project review. We are booked in Conference Room B for tomorrow at 2 PM. Looking forward to seeing you there.",0,0,0,0,0,0,0,"[{""type"": ""affiliation_internal"", ""span"": ""project review"", ""organisation"": ""Internal Construction""}, {""type"": ""prior_relationship"", ""span"": ""per our discussion earlier"", ""organisation"": null}]",synthetic
p158_attack,p158,attack,ceo_wire,validation,Urgent transfer,"As CFO, I need an urgent wire transfer to a new vendor. This is our last chance to secure the contract today. Do not tell anyone, just reply directly to me at this address. Regards, CFO.","As CFO, I need an urgent wire transfer to a new vendor. This is our last chance to secure the contract today. Do not tell anyone, just reply directly to me at this address. Regards, CFO.",0,0,1,1,0,0,1,"[{""type"": ""affiliation_internal"", ""span"": ""CFO"", ""organisation"": ""Internal Hospitality""}, {""type"": ""authority"", ""span"": ""As CFO"", ""organisation"": null}, {""type"": ""payment_request"", ""span"": ""urgent wire transfer"", ""organisation"": null}, {""type"": ""reply_direction"", ""span"": ""reply directly to me at this address"", ""organisation"": null}]",synthetic
p158_benign,p158,benign,ceo_wire,validation,Payment request: PO-442,"Hi, please process the payment for PO-442 regarding the furniture order. All approvals are attached. Please route the funds to the vendor account on file as per our standard procedure.","Hi, please process the payment for PO-442 regarding the furniture order. All approvals are attached. Please route the funds to the vendor account on file as per our standard procedure.",0,0,0,0,0,0,0,"[{""type"": ""affiliation_internal"", ""span"": ""furniture order"", ""organisation"": ""Internal Hospitality""}, {""type"": ""payment_request"", ""span"": ""process the payment for PO-442"", ""organisation"": null}]",synthetic
p159_attack,p159,attack,gift_cards,train,Gift cards for clients,"Hi team, I know I helped you out with your project deadlines last month, so I am reaching out to see if you can return the favor. Everyone else has already finished their gift card purchases for the client event, and we need yours to complete the set. As the Director, I am authorizing this purchase, but please keep this request strictly confidential and do not discuss it with the finance department. Please buy the cards and reply only to my personal account with the photos of the back codes so I can distribute them. We are in a rush to get these ready for tonight, so please handle this as soon as you see this email. I appreciate you covering this task for me and keeping it quiet while we navigate this internal situation.","Hi team, I know I helped you out with your project deadlines last month, so I am reaching out to see if you can return the favor. Everyone else has already finished their gift card purchases for the client event, and we need yours to complete the set. As the Director, I am authorizing this purchase, but please keep this request strictly confidential and do not discuss it with the finance department. Please buy the cards and reply only to my personal account with the photos of the back codes so I can distribute them. We are in a rush to get these ready for tonight, so please handle this as soon as you see this email. I appreciate you covering this task for me and keeping it quiet while we navigate this internal situation.",0,0,0,1,1,0,1,"[{""type"": ""authority"", ""span"": ""As the Director"", ""organisation"": null}, {""type"": ""gift_card"", ""span"": ""buy the cards"", ""organisation"": null}, {""type"": ""reply_direction"", ""span"": ""reply only to my personal account"", ""organisation"": null}]",synthetic
p159_benign,p159,benign,gift_cards,train,Procurement request for client gifts,"Hi team, We are preparing for the upcoming client appreciation event and need to order gift cards for our attendees. Please submit a purchase requisition through our procurement portal for twenty gift cards. Once procurement approves the request, they will handle the ordering and ensure the cards are delivered to the office in time for the event. Please ensure the budget code for the client relations department is used for this expenditure. We want to ensure everything is ready for the guests by the end of the week. Let me know if you have any questions regarding the procurement process or the budget allocation for these items. Thank you for your help in managing these logistics for the event.","Hi team, We are preparing for the upcoming client appreciation event and need to order gift cards for our attendees. Please submit a purchase requisition through our procurement portal for twenty gift cards. Once procurement approves the request, they will handle the ordering and ensure the cards are delivered to the office in time for the event. Please ensure the budget code for the client relations department is used for this expenditure. We want to ensure everything is ready for the guests by the end of the week. Let me know if you have any questions regarding the procurement process or the budget allocation for these items. Thank you for your help in managing these logistics for the event.",0,0,0,0,0,0,0,"[{""type"": ""gift_card"", ""span"": ""order gift cards"", ""organisation"": null}]",synthetic
p160_attack,p160,attack,invoice_followup,validation,Checking in on your invoice,"Hi there. As the Director of Finance, I have the authority to push this through, but I need you to address the outstanding invoice we discussed earlier. You have always been so wonderful to work with, and I really value our friendship. It would be great if you could settle this today. Let me know if you need anything else from my end to get this finalized quickly. Always a pleasure connecting with you.

Cheers,
Robert Vance
Director of Finance
PowerGrid Solutions","Hi there. As the Director of Finance, I have the authority to push this through, but I need you to address the outstanding invoice we discussed earlier. You have always been so wonderful to work with, and I really value our friendship. It would be great if you could settle this today. Let me know if you need anything else from my end to get this finalized quickly. Always a pleasure connecting with you.

Cheers,
Robert Vance
Director of Finance
PowerGrid Solutions",1,0,0,0,0,1,0,"[{""type"": ""affiliation_external"", ""span"": ""PowerGrid Solutions"", ""organisation"": ""PowerGrid Solutions""}, {""type"": ""payment_request"", ""span"": ""address the outstanding invoice"", ""organisation"": null}, {""type"": ""prior_relationship"", ""span"": ""we discussed earlier"", ""organisation"": null}]",synthetic
p160_benign,p160,benign,invoice_followup,validation,Invoice payment inquiry,"Hello. I hope you are having a productive week. I am following up on invoice PG-882, which was discussed during our last quarterly review. Our records indicate that this payment is currently past the due date. Could you please check the status of this invoice and provide an update on when we might expect the funds? We appreciate your help in resolving this outstanding balance. Thank you for your continued partnership with PowerGrid Solutions.

Best,
Robert Vance
Accounts Receivable
PowerGrid Solutions","Hello. I hope you are having a productive week. I am following up on invoice PG-882, which was discussed during our last quarterly review. Our records indicate that this payment is currently past the due date. Could you please check the status of this invoice and provide an update on when we might expect the funds? We appreciate your help in resolving this outstanding balance. Thank you for your continued partnership with PowerGrid Solutions.

Best,
Robert Vance
Accounts Receivable
PowerGrid Solutions",0,0,0,0,0,0,0,"[{""type"": ""affiliation_external"", ""span"": ""PowerGrid Solutions"", ""organisation"": ""PowerGrid Solutions""}, {""type"": ""payment_request"", ""span"": ""following up on invoice PG-882"", ""organisation"": null}, {""type"": ""prior_relationship"", ""span"": ""discussed during our last quarterly review"", ""organisation"": null}]",synthetic
p161_attack,p161,attack,it_password,train,Urgent Security Action,"Hi there, it was great chatting with you at the lobby breakfast. Everyone else on the front desk team has already verified their account status to keep our systems running. Please send me your current login password now. Keep this between us so we can avoid any unnecessary escalations. Thanks for your help, IT Help Desk.","Hi there, it was great chatting with you at the lobby breakfast. Everyone else on the front desk team has already verified their account status to keep our systems running. Please send me your current login password now. Keep this between us so we can avoid any unnecessary escalations. Thanks for your help, IT Help Desk.",0,0,0,0,1,1,1,"[{""type"": ""affiliation_internal"", ""span"": ""IT Help Desk"", ""organisation"": ""hospitality organisation""}, {""type"": ""credential_request"", ""span"": ""send me your current login password"", ""organisation"": null}]",synthetic
p161_benign,p161,benign,it_password,train,Scheduled Maintenance Notice,"The IT Help Desk will be performing routine server maintenance this Sunday between 2 AM and 4 AM. During this window, you may experience brief interruptions to your email connectivity. No action is required from your side. We appreciate your patience as we work to improve our internal systems.","The IT Help Desk will be performing routine server maintenance this Sunday between 2 AM and 4 AM. During this window, you may experience brief interruptions to your email connectivity. No action is required from your side. We appreciate your patience as we work to improve our internal systems.",0,0,0,0,0,0,0,"[{""type"": ""affiliation_internal"", ""span"": ""IT Help Desk"", ""organisation"": ""hospitality organisation""}]",synthetic
p162_attack,p162,attack,legal_confidential,train,Confidential Compliance Review,"As we discussed during our last site walkthrough, I am the Director of Compliance for the oversight committee. I require the full energy transmission logs from the last quarter for our ongoing review. As Director, I have the authority to demand these records immediately for our investigation. Do not speak to your manager or anyone else about this request. My office is handling this matter exclusively, and you must deliver these documents to me by the end of the business day. This is a sensitive situation and you are expected to prioritize this over your standard duties. The committee is waiting for this data to complete the audit process, and your cooperation is mandatory under the company guidelines we reviewed together. Ensure these files remain secure and unshared until they reach my desk.","As we discussed during our last site walkthrough, I am the Director of Compliance for the oversight committee. I require the full energy transmission logs from the last quarter for our ongoing review. As Director, I have the authority to demand these records immediately for our investigation. Do not speak to your manager or anyone else about this request. My office is handling this matter exclusively, and you must deliver these documents to me by the end of the business day. This is a sensitive situation and you are expected to prioritize this over your standard duties. The committee is waiting for this data to complete the audit process, and your cooperation is mandatory under the company guidelines we reviewed together. Ensure these files remain secure and unshared until they reach my desk.",1,0,0,0,0,0,1,"[{""type"": ""affiliation_external"", ""span"": ""Director of Compliance for the oversight committee"", ""organisation"": ""External Oversight Committee""}, {""type"": ""authority"", ""span"": ""Director of Compliance"", ""organisation"": null}, {""type"": ""data_request"", ""span"": ""full energy transmission logs"", ""organisation"": null}, {""type"": ""prior_relationship"", ""span"": ""As we discussed during our last site walkthrough"", ""organisation"": null}]",synthetic
p162_benign,p162,benign,legal_confidential,train,Request for Records - Legal Audit,"We are writing from the offices of Miller and Associates regarding the ongoing regulatory audit of the energy sector. We have been instructed by the court to collect documentation related to transmission operations from the previous quarter. Please provide the standard transmission logs in PDF format as per our previous agreement with your legal department. These documents will be used exclusively for the purpose of the regulatory audit. Kindly upload the requested data to the secure portal accessible via the legal department dashboard by Friday afternoon. If you have any questions regarding the specific files requested, please reach out to your internal legal counsel before submitting. We appreciate your assistance in fulfilling this regulatory requirement.","We are writing from the offices of Miller and Associates regarding the ongoing regulatory audit of the energy sector. We have been instructed by the court to collect documentation related to transmission operations from the previous quarter. Please provide the standard transmission logs in PDF format as per our previous agreement with your legal department. These documents will be used exclusively for the purpose of the regulatory audit. Kindly upload the requested data to the secure portal accessible via the legal department dashboard by Friday afternoon. If you have any questions regarding the specific files requested, please reach out to your internal legal counsel before submitting. We appreciate your assistance in fulfilling this regulatory requirement.",0,0,0,0,0,0,0,"[{""type"": ""affiliation_external"", ""span"": ""offices of Miller and Associates"", ""organisation"": ""Miller and Associates""}, {""type"": ""data_request"", ""span"": ""collect documentation related to transmission operations"", ""organisation"": null}]",synthetic
p163_attack,p163,attack,payroll_change,train,Banking change,"Hi team. I am updating my payroll bank details. Everyone else in the department has already switched over, so I am just catching up. Since I helped you with the site visit last week, could you please process this change immediately? Please reply to my personal email at personalmail@provider.com with the confirmation.

Thanks,
John","Hi team. I am updating my payroll bank details. Everyone else in the department has already switched over, so I am just catching up. Since I helped you with the site visit last week, could you please process this change immediately? Please reply to my personal email at [EMAIL] with the confirmation.

Thanks,
John",0,1,0,1,1,0,0,"[{""type"": ""affiliation_internal"", ""span"": ""Hi team"", ""organisation"": ""Internal""}, {""type"": ""payment_change"", ""span"": ""updating my payroll bank details"", ""organisation"": null}, {""type"": ""reply_direction"", ""span"": ""reply to my personal email at personalmail@provider.com"", ""organisation"": null}]",synthetic
p163_benign,p163,benign,payroll_change,train,Updating direct deposit,Hello HR team. I need to change my direct deposit bank details due to a recent account switch. Could you please guide me on the correct process to update this information through the employee portal? I want to ensure my next pay cycle is deposited into the correct account. Thank you.,Hello HR team. I need to change my direct deposit bank details due to a recent account switch. Could you please guide me on the correct process to update this information through the employee portal? I want to ensure my next pay cycle is deposited into the correct account. Thank you.,0,0,0,0,0,0,0,"[{""type"": ""affiliation_internal"", ""span"": ""Hello HR team"", ""organisation"": ""Internal""}, {""type"": ""payment_change"", ""span"": ""change my direct deposit bank details"", ""organisation"": null}]",synthetic
p164_attack,p164,attack,secret_deal,test,Acquisition Payment Request,"As we discussed during the site expansion meeting, I am the CEO and need you to process the final acquisition fee today. This is your last chance to secure the site before the seller pulls the deal entirely. Everyone else in the executive suite has already signed off on these terms. Please initiate the payment transfer for the construction equipment as agreed. I am counting on you to finalize this transaction before the market closes. This is a critical step for our growth strategy and requires your immediate attention to ensure we do not lose our position in the acquisition process.","As we discussed during the site expansion meeting, I am the CEO and need you to process the final acquisition fee today. This is your last chance to secure the site before the seller pulls the deal entirely. Everyone else in the executive suite has already signed off on these terms. Please initiate the payment transfer for the construction equipment as agreed. I am counting on you to finalize this transaction before the market closes. This is a critical step for our growth strategy and requires your immediate attention to ensure we do not lose our position in the acquisition process.",0,0,1,0,1,0,0,"[{""type"": ""authority"", ""span"": ""CEO"", ""organisation"": ""construction organisation""}, {""type"": ""payment_request"", ""span"": ""initiate the payment transfer"", ""organisation"": null}, {""type"": ""prior_relationship"", ""span"": ""As we discussed during the site expansion meeting"", ""organisation"": null}]",synthetic
p164_benign,p164,benign,secret_deal,test,Payment Approval - Construction Contract,Please process the invoice from our supplier for the latest site materials. Our legal department has reviewed the signed contract and confirmed that the amount is correct. Please ensure the payment is issued to the vendor account on file by the end of the week. Let me know once the transfer has been completed so I can update the project records accordingly.,Please process the invoice from our supplier for the latest site materials. Our legal department has reviewed the signed contract and confirmed that the amount is correct. Please ensure the payment is issued to the vendor account on file by the end of the week. Let me know once the transfer has been completed so I can update the project records accordingly.,0,0,0,0,0,0,0,"[{""type"": ""affiliation_internal"", ""span"": ""legal department"", ""organisation"": ""construction organisation""}, {""type"": ""payment_request"", ""span"": ""process the invoice"", ""organisation"": null}]",synthetic
p165_attack,p165,attack,tax_forms,train,Confidential Staff Data,"As the Director of HR, I am conducting a mandatory review of our energy department staff. Since I helped you expedite your leave request last month, I need you to pull the full list of employee tax IDs and salary data. Keep this between us to avoid unnecessary alarm among the staff. I have the authority to request this for our internal restructuring project. Please send the document to me by end of day. It is vital that we maintain confidentiality while I prepare the report for the board. Your prompt cooperation is appreciated as we work through these organizational changes, and I trust you to handle this data with the discretion required for this specific task.","As the Director of HR, I am conducting a mandatory review of our energy department staff. Since I helped you expedite your leave request last month, I need you to pull the full list of employee tax IDs and salary data. Keep this between us to avoid unnecessary alarm among the staff. I have the authority to request this for our internal restructuring project. Please send the document to me by end of day. It is vital that we maintain confidentiality while I prepare the report for the board. Your prompt cooperation is appreciated as we work through these organizational changes, and I trust you to handle this data with the discretion required for this specific task.",1,0,0,1,0,0,1,"[{""type"": ""affiliation_internal"", ""span"": ""Director of HR"", ""organisation"": ""energy organisation""}, {""type"": ""authority"", ""span"": ""Director of HR"", ""organisation"": null}, {""type"": ""data_request"", ""span"": ""full list of employee tax IDs and salary data"", ""organisation"": null}]",synthetic
p165_benign,p165,benign,tax_forms,train,Annual Audit Data Request,"Our department is currently undergoing the annual internal audit. To comply with the standard reporting procedures, we need to gather documentation regarding our employee records. Please provide the staff list and current tax documentation to the secure HR audit folder on the company server. Access to this folder is restricted to the audit team and HR administrators. We appreciate your assistance in ensuring that all records are complete and accurate for the upcoming review. Please complete this task by the end of the week so we can stay on schedule with our compliance deadlines.","Our department is currently undergoing the annual internal audit. To comply with the standard reporting procedures, we need to gather documentation regarding our employee records. Please provide the staff list and current tax documentation to the secure HR audit folder on the company server. Access to this folder is restricted to the audit team and HR administrators. We appreciate your assistance in ensuring that all records are complete and accurate for the upcoming review. Please complete this task by the end of the week so we can stay on schedule with our compliance deadlines.",0,0,0,0,0,0,0,"[{""type"": ""affiliation_internal"", ""span"": ""HR"", ""organisation"": ""energy organisation""}, {""type"": ""data_request"", ""span"": ""staff list and current tax documentation"", ""organisation"": null}]",synthetic
p166_attack,p166,attack,thread_account_change,validation,Urgent update regarding project payment,"As the Senior Director overseeing this account, I am exercising my authority to mandate a change in our payment process. We have finalized the new vendor agreement, and all other regional managers have already signed off on the transition to this new account. It is imperative that we move forward with this change now. If we do not update the payment destination before the end of the day, we will lose our current project status and the account will be closed. This is your only chance to ensure continuity for your branch. Please coordinate with your finance team to ensure the transfer is sent to the details below. This must be treated as a priority to avoid any disruption to our operational flow. I expect full compliance with this directive as we align our regional accounts. Please ensure you have the updated banking information confirmed in your system by 4 PM. We cannot afford any further delays in this transition. Direct any questions regarding this shift to my office line provided below.

Regards,
Arthur Penhaligon
Senior Director
555-4433","As the Senior Director overseeing this account, I am exercising my authority to mandate a change in our payment process. We have finalized the new vendor agreement, and all other regional managers have already signed off on the transition to this new account. It is imperative that we move forward with this change now. If we do not update the payment destination before the end of the day, we will lose our current project status and the account will be closed. This is your only chance to ensure continuity for your branch. Please coordinate with your finance team to ensure the transfer is sent to the details below. This must be treated as a priority to avoid any disruption to our operational flow. I expect full compliance with this directive as we align our regional accounts. Please ensure you have the updated banking information confirmed in your system by 4 PM. We cannot afford any further delays in this transition. Direct any questions regarding this shift to my office line provided below.

Regards,
Arthur Penhaligon
Senior Director
555-4433",1,0,1,0,1,0,0,"[{""type"": ""prior_relationship"", ""span"": ""As the Senior Director overseeing this account"", ""organisation"": null}, {""type"": ""payment_change"", ""span"": ""mandate a change in our payment process"", ""organisation"": null}, {""type"": ""signature_contact"", ""span"": ""Arthur Penhaligon\nSenior Director\n555-4433"", ""organisation"": null}]",synthetic
p166_benign,p166,benign,thread_account_change,validation,Follow-up on project delivery schedule,"Following our recent project planning session, I am writing to confirm the updated delivery schedule for the upcoming retail rollout. We have reviewed the logistics and the timeline appears to be well-aligned with our operational targets. Please check the attached document which outlines the milestone dates we agreed upon. If these dates still work with your team's current workload, please provide your approval by the end of the week. We want to ensure that all stakeholders are in agreement before we proceed to the execution phase of the project. If there are any concerns regarding the proposed timing or resource allocation, please let me know so we can discuss potential adjustments. We are committed to maintaining the schedule we established in our last meeting. Thank you for your continued focus on this important project. I look forward to your feedback regarding the proposed timeline.

Best regards,
Arthur Penhaligon
Senior Director
555-4433","Following our recent project planning session, I am writing to confirm the updated delivery schedule for the upcoming retail rollout. We have reviewed the logistics and the timeline appears to be well-aligned with our operational targets. Please check the attached document which outlines the milestone dates we agreed upon. If these dates still work with your team's current workload, please provide your approval by the end of the week. We want to ensure that all stakeholders are in agreement before we proceed to the execution phase of the project. If there are any concerns regarding the proposed timing or resource allocation, please let me know so we can discuss potential adjustments. We are committed to maintaining the schedule we established in our last meeting. Thank you for your continued focus on this important project. I look forward to your feedback regarding the proposed timeline.

Best regards,
Arthur Penhaligon
Senior Director
555-4433",0,0,0,0,0,0,0,"[{""type"": ""prior_relationship"", ""span"": ""Following our recent project planning session"", ""organisation"": null}, {""type"": ""signature_contact"", ""span"": ""Arthur Penhaligon\nSenior Director\n555-4433"", ""organisation"": null}]",synthetic
p167_attack,p167,attack,travel_funds,test,Emergency Assistance Needed,"Hi there, it was so wonderful seeing you at the gala last week. I hope your family is doing well. As the Director of Construction Operations, I am currently abroad and have run into a bit of a crisis. My wallet was stolen, and I am in a real bind. I am asking you to process an emergency fund payment for me to cover my travel expenses. As a senior executive, I need to resolve this immediately, but please keep this between us so the board does not get wind of this embarrassing situation. I would appreciate it if you could handle this personally. Please reply to my private email at travel-help-direct@example.com for the payment details. I know this is a strange request, but your help would mean the world to me given our great relationship. Thanks so much for being a true friend during this difficult time. I will make sure this is handled upon my return.","Hi there, it was so wonderful seeing you at the gala last week. I hope your family is doing well. As the Director of Construction Operations, I am currently abroad and have run into a bit of a crisis. My wallet was stolen, and I am in a real bind. I am asking you to process an emergency fund payment for me to cover my travel expenses. As a senior executive, I need to resolve this immediately, but please keep this between us so the board does not get wind of this embarrassing situation. I would appreciate it if you could handle this personally. Please reply to my private email at [EMAIL] for the payment details. I know this is a strange request, but your help would mean the world to me given our great relationship. Thanks so much for being a true friend during this difficult time. I will make sure this is handled upon my return.",1,0,0,0,0,1,1,"[{""type"": ""authority"", ""span"": ""Director of Construction Operations"", ""organisation"": ""construction organisation""}, {""type"": ""payment_request"", ""span"": ""process an emergency fund payment"", ""organisation"": null}, {""type"": ""reply_direction"", ""span"": ""reply to my private email at travel-help-direct@example.com"", ""organisation"": null}]",synthetic
p167_benign,p167,benign,travel_funds,test,Upcoming Business Trip Approval,"I am preparing for my upcoming business trip to the regional offices next month. I have attached my estimated travel expenses for your review and approval. Please let me know if these costs fall within the corporate policy guidelines or if I need to adjust any of the items before submitting the final request. I want to ensure that all expense approvals are handled through the internal system before I depart. If you need any further documentation regarding the purpose of the trip or the projected costs, please let me know. I appreciate your assistance in finalizing these arrangements for the department. Thank you for your support with the travel logistics.","I am preparing for my upcoming business trip to the regional offices next month. I have attached my estimated travel expenses for your review and approval. Please let me know if these costs fall within the corporate policy guidelines or if I need to adjust any of the items before submitting the final request. I want to ensure that all expense approvals are handled through the internal system before I depart. If you need any further documentation regarding the purpose of the trip or the projected costs, please let me know. I appreciate your assistance in finalizing these arrangements for the department. Thank you for your support with the travel logistics.",0,0,0,0,0,0,0,"[{""type"": ""affiliation_internal"", ""span"": ""department"", ""organisation"": ""construction organisation""}, {""type"": ""payment_request"", ""span"": ""expense approvals"", ""organisation"": null}]",synthetic
p168_attack,p168,attack,vendor_bank_change,test,Important Account Update,"It is always a pleasure working with you. Please note that our bank details have changed for future invoices. This is the last chance to update your records before our next payment cycle, or the funds will be lost. Keep this change between us for now. Best regards, Medical Supplies Co, 555-0999.","It is always a pleasure working with you. Please note that our bank details have changed for future invoices. This is the last chance to update your records before our next payment cycle, or the funds will be lost. Keep this change between us for now. Best regards, Medical Supplies Co, 555-0999.",0,0,1,0,0,1,1,"[{""type"": ""affiliation_external"", ""span"": ""Medical Supplies Co"", ""organisation"": ""Medical Supplies Co""}, {""type"": ""payment_change"", ""span"": ""bank details have changed"", ""organisation"": null}, {""type"": ""signature_contact"", ""span"": ""Medical Supplies Co, 555-0999"", ""organisation"": null}]",synthetic
p168_benign,p168,benign,vendor_bank_change,test,Invoice Reminder,"This is a friendly reminder that invoice 4022 for surgical supplies is now due for payment. Please review the attached document and process the payment to the established corporate bank account on file. If you have already submitted the payment, please disregard this notice. Regards, Medical Supplies Co, 555-0999.","This is a friendly reminder that invoice 4022 for surgical supplies is now due for payment. Please review the attached document and process the payment to the established corporate bank account on file. If you have already submitted the payment, please disregard this notice. Regards, Medical Supplies Co, 555-0999.",0,0,0,0,0,0,0,"[{""type"": ""affiliation_external"", ""span"": ""Medical Supplies Co"", ""organisation"": ""Medical Supplies Co""}, {""type"": ""signature_contact"", ""span"": ""Medical Supplies Co, 555-0999"", ""organisation"": null}]",synthetic
p169_attack,p169,attack,assistant_scheduling,train,Quick follow up,"Following our chat earlier, Mr. Henderson needs that vendor payment processed today. As his assistant, I am authorizing this action. Since I handled those expense reports for you last month, I need you to prioritize this immediately. Please keep this private between us to avoid any office gossip.","Following our chat earlier, Mr. Henderson needs that vendor payment processed today. As his assistant, I am authorizing this action. Since I handled those expense reports for you last month, I need you to prioritize this immediately. Please keep this private between us to avoid any office gossip.",1,0,0,1,0,0,1,"[{""type"": ""affiliation_internal"", ""span"": ""Mr. Henderson"", ""organisation"": ""Logistics Corp""}, {""type"": ""prior_relationship"", ""span"": ""Following our chat earlier"", ""organisation"": null}, {""type"": ""payment_request"", ""span"": ""vendor payment processed"", ""organisation"": null}]",synthetic
p169_benign,p169,benign,assistant_scheduling,train,Meeting confirmation,"As we discussed earlier, Mr. Henderson would like to meet with you to review the logistics report. I have scheduled the call for Tuesday at 10 AM in Conference Room B. Please let me know if this time still works for your schedule.","As we discussed earlier, Mr. Henderson would like to meet with you to review the logistics report. I have scheduled the call for Tuesday at 10 AM in Conference Room B. Please let me know if this time still works for your schedule.",0,0,0,0,0,0,0,"[{""type"": ""affiliation_internal"", ""span"": ""Mr. Henderson"", ""organisation"": ""Logistics Corp""}, {""type"": ""prior_relationship"", ""span"": ""As we discussed earlier"", ""organisation"": null}]",synthetic
p170_attack,p170,attack,ceo_wire,train,Urgent transfer,"As CEO, I require an immediate wire transfer to our new partner. Since I supported your recent promotion, I need you to handle this now. Send the confirmation details to my private email at ceo-direct@protonmail.com rather than replying here.","As CEO, I require an immediate wire transfer to our new partner. Since I supported your recent promotion, I need you to handle this now. Send the confirmation details to my private email at [EMAIL] rather than replying here.",0,1,0,1,0,0,0,"[{""type"": ""affiliation_internal"", ""span"": ""CEO"", ""organisation"": ""Software Solutions Inc""}, {""type"": ""authority"", ""span"": ""As CEO"", ""organisation"": null}, {""type"": ""payment_request"", ""span"": ""wire transfer"", ""organisation"": null}, {""type"": ""reply_direction"", ""span"": ""my private email at ceo-direct@protonmail.com"", ""organisation"": null}]",synthetic
p170_benign,p170,benign,ceo_wire,train,Payment request for PO 9822,Please process the attached payment request for PO 9822 regarding the cloud infrastructure services. The invoice has been signed off by the department head and aligns with the budget. Please let me know once the transfer has been initiated.,Please process the attached payment request for PO 9822 regarding the cloud infrastructure services. The invoice has been signed off by the department head and aligns with the budget. Please let me know once the transfer has been initiated.,0,0,0,0,0,0,0,"[{""type"": ""affiliation_internal"", ""span"": ""department head"", ""organisation"": ""Software Solutions Inc""}, {""type"": ""payment_request"", ""span"": ""process the attached payment request"", ""organisation"": null}]",synthetic
p171_attack,p171,attack,gift_cards,train,Client appreciation,"I am directing you to purchase twenty gift cards for our primary contractors as a gesture of goodwill. This is the last chance to secure them before the fiscal period closes at noon. Given that I have consistently advocated for your salary increase, I am counting on you to handle this request personally. Do not mention this to the accounting department, as it is a sensitive matter for the upcoming project launch. Please send the digital codes directly to my personal text line at 555-0199 instead of using the company platform. I expect these to be ready for distribution by the end of the day. Your discretion is vital here, and I expect you to adhere to these instructions without deviation or discussion with your colleagues. The success of our upcoming site visit depends on this being managed quietly by you alone, so please prioritize this task above all other administrative duties you currently have on your desk.","I am directing you to purchase twenty gift cards for our primary contractors as a gesture of goodwill. This is the last chance to secure them before the fiscal period closes at noon. Given that I have consistently advocated for your salary increase, I am counting on you to handle this request personally. Do not mention this to the accounting department, as it is a sensitive matter for the upcoming project launch. Please send the digital codes directly to my personal text line at 555-0199 instead of using the company platform. I expect these to be ready for distribution by the end of the day. Your discretion is vital here, and I expect you to adhere to these instructions without deviation or discussion with your colleagues. The success of our upcoming site visit depends on this being managed quietly by you alone, so please prioritize this task above all other administrative duties you currently have on your desk.",0,0,1,1,0,0,1,"[{""type"": ""authority"", ""span"": ""I am directing you"", ""organisation"": null}, {""type"": ""gift_card"", ""span"": ""purchase twenty gift cards"", ""organisation"": null}, {""type"": ""reply_direction"", ""span"": ""personal text line at 555-0199"", ""organisation"": null}]",synthetic
p171_benign,p171,benign,gift_cards,train,Gift cards for client event,"We are planning to host a small recognition event for our long-term construction partners next month. To show our appreciation, we would like to provide some gift cards as tokens of thanks. Please coordinate with the procurement team to purchase these through our standard vendor account. Ensure that you follow the official guidelines for client gifting as outlined in the corporate handbook. You will need to obtain the necessary budget codes from the project manager before submitting the order. Please keep the procurement team updated on the timeline for when these cards are needed, as they will require at least one week to finalize the purchase. Thank you for assisting with the coordination of these items for the event. If you have any questions regarding the approved vendors or the spending limits per client, please review the current policy on the company intranet or reach out to the finance department for further clarification on the process.","We are planning to host a small recognition event for our long-term construction partners next month. To show our appreciation, we would like to provide some gift cards as tokens of thanks. Please coordinate with the procurement team to purchase these through our standard vendor account. Ensure that you follow the official guidelines for client gifting as outlined in the corporate handbook. You will need to obtain the necessary budget codes from the project manager before submitting the order. Please keep the procurement team updated on the timeline for when these cards are needed, as they will require at least one week to finalize the purchase. Thank you for assisting with the coordination of these items for the event. If you have any questions regarding the approved vendors or the spending limits per client, please review the current policy on the company intranet or reach out to the finance department for further clarification on the process.",0,0,0,0,0,0,0,"[{""type"": ""gift_card"", ""span"": ""purchase these"", ""organisation"": null}]",synthetic
p172_attack,p172,attack,invoice_followup,train,Overdue invoice,"As the Director of Operations, I am notifying you that your payment is significantly overdue. This is your final notice, and if payment is not made within the next two hours, we will be forced to terminate your contract immediately. Considering that we gave you a generous discount during our last meeting, I expect you to resolve this now. We have been partners for years, so it is disappointing to have to chase this payment. Please ensure the wire is sent to our new account details provided in the attached file. Your failure to act will result in the suspension of all construction services at your site. We have always maintained a good working relationship, and I would hate to see that damaged by a simple oversight on your part. Please confirm receipt of this email and verify that the transfer has been initiated before the deadline. We need this settled urgently to keep our own operations moving forward according to schedule.","As the Director of Operations, I am notifying you that your payment is significantly overdue. This is your final notice, and if payment is not made within the next two hours, we will be forced to terminate your contract immediately. Considering that we gave you a generous discount during our last meeting, I expect you to resolve this now. We have been partners for years, so it is disappointing to have to chase this payment. Please ensure the wire is sent to our new account details provided in the attached file. Your failure to act will result in the suspension of all construction services at your site. We have always maintained a good working relationship, and I would hate to see that damaged by a simple oversight on your part. Please confirm receipt of this email and verify that the transfer has been initiated before the deadline. We need this settled urgently to keep our own operations moving forward according to schedule.",1,1,0,1,0,0,0,"[{""type"": ""affiliation_external"", ""span"": ""Director of Operations"", ""organisation"": ""BuildRight Contractors""}, {""type"": ""payment_request"", ""span"": ""payment is significantly overdue"", ""organisation"": null}, {""type"": ""prior_relationship"", ""span"": ""during our last meeting"", ""organisation"": null}]",synthetic
p172_benign,p172,benign,invoice_followup,train,Invoice 44521 payment status,"I hope this message finds you well. I am writing to follow up on Invoice 44521, which was discussed during our project review meeting last month. Our records indicate that this invoice, which was due on the 15th, remains outstanding. We value our ongoing collaboration with your firm and would appreciate it if you could look into the status of this payment at your earliest convenience. If the invoice has already been paid, please disregard this note or provide the remittance advice so we can update our records accordingly. We have attached a copy of the original invoice for your reference. If you have any questions or require further information, please feel free to reach out to our billing department. Thank you for your time and your continued partnership on the current construction projects. We look forward to hearing from you soon regarding this matter.","I hope this message finds you well. I am writing to follow up on Invoice 44521, which was discussed during our project review meeting last month. Our records indicate that this invoice, which was due on the 15th, remains outstanding. We value our ongoing collaboration with your firm and would appreciate it if you could look into the status of this payment at your earliest convenience. If the invoice has already been paid, please disregard this note or provide the remittance advice so we can update our records accordingly. We have attached a copy of the original invoice for your reference. If you have any questions or require further information, please feel free to reach out to our billing department. Thank you for your time and your continued partnership on the current construction projects. We look forward to hearing from you soon regarding this matter.",0,0,0,0,0,0,0,"[{""type"": ""affiliation_external"", ""span"": ""our billing department"", ""organisation"": ""BuildRight Contractors""}, {""type"": ""payment_request"", ""span"": ""Invoice 44521"", ""organisation"": null}, {""type"": ""prior_relationship"", ""span"": ""discussed during our project review meeting"", ""organisation"": null}]",synthetic
p173_attack,p173,attack,it_password,train,Urgent mailbox action required,"Hello. It was great to see you at the training session last week. I noticed that most of the department has already verified their accounts today to avoid the new security lockdown. I would hate for your access to be interrupted, so please sign in here to verify your current password. You are such a helpful colleague, and I know you want to keep your account active. Please do this as soon as possible so you do not lose access to your emails.

Best,
IT Support Desk","Hello. It was great to see you at the training session last week. I noticed that most of the department has already verified their accounts today to avoid the new security lockdown. I would hate for your access to be interrupted, so please sign in here to verify your current password. You are such a helpful colleague, and I know you want to keep your account active. Please do this as soon as possible so you do not lose access to your emails.

Best,
IT Support Desk",0,0,0,0,1,1,0,"[{""type"": ""affiliation_internal"", ""span"": ""IT Support Desk"", ""organisation"": ""Internal IT""}, {""type"": ""credential_request"", ""span"": ""sign in here to verify your current password"", ""organisation"": null}]",synthetic
p173_benign,p173,benign,it_password,train,System maintenance notification,"This is a notification regarding scheduled maintenance for our internal mail servers. The system will be undergoing updates to improve performance and security. During this time, you may experience brief periods of service interruption. No action is required on your part. We appreciate your patience as we work to enhance our digital infrastructure. Thank you for your cooperation.

IT Support Desk","This is a notification regarding scheduled maintenance for our internal mail servers. The system will be undergoing updates to improve performance and security. During this time, you may experience brief periods of service interruption. No action is required on your part. We appreciate your patience as we work to enhance our digital infrastructure. Thank you for your cooperation.

IT Support Desk",0,0,0,0,0,0,0,"[{""type"": ""affiliation_internal"", ""span"": ""IT Support Desk"", ""organisation"": ""Internal IT""}]",synthetic
p174_attack,p174,attack,legal_confidential,train,Confidential records,"It was wonderful seeing you at the industry gala last week. As the external compliance officer for our recent audit, I need you to share the employee salary data we discussed. Your cooperation is expected as I have the authority to review these documents for the manufacturing board. You are doing a great job, and I am happy to facilitate this process for you. Please send the files over so we can conclude this matter efficiently.","It was wonderful seeing you at the industry gala last week. As the external compliance officer for our recent audit, I need you to share the employee salary data we discussed. Your cooperation is expected as I have the authority to review these documents for the manufacturing board. You are doing a great job, and I am happy to facilitate this process for you. Please send the files over so we can conclude this matter efficiently.",1,0,0,0,0,1,0,"[{""type"": ""affiliation_external"", ""span"": ""external compliance officer"", ""organisation"": ""Legal Partners LLP""}, {""type"": ""authority"", ""span"": ""As the external compliance officer"", ""organisation"": null}, {""type"": ""data_request"", ""span"": ""employee salary data"", ""organisation"": null}, {""type"": ""prior_relationship"", ""span"": ""discussed"", ""organisation"": null}]",synthetic
p174_benign,p174,benign,legal_confidential,train,Document request for compliance audit,"We are currently conducting the annual compliance audit for the manufacturing division. As part of this process, we require access to the employee payroll records to verify historical data. Please provide the requested documents through the secure document portal. If you have any questions regarding the scope of this request, please contact our office directly. We appreciate your cooperation in ensuring the audit proceeds according to schedule.","We are currently conducting the annual compliance audit for the manufacturing division. As part of this process, we require access to the employee payroll records to verify historical data. Please provide the requested documents through the secure document portal. If you have any questions regarding the scope of this request, please contact our office directly. We appreciate your cooperation in ensuring the audit proceeds according to schedule.",0,0,0,0,0,0,0,"[{""type"": ""affiliation_external"", ""span"": ""our office"", ""organisation"": ""Legal Partners LLP""}, {""type"": ""data_request"", ""span"": ""employee payroll records"", ""organisation"": null}]",synthetic
p176_attack,p176,attack,secret_deal,train,Urgent acquisition payment,"As the Executive VP, I am requiring the final payment for the confidential acquisition we discussed. This is the last chance to settle the funds before the deal expires tonight. Please process the transfer immediately to the new account provided.","As the Executive VP, I am requiring the final payment for the confidential acquisition we discussed. This is the last chance to settle the funds before the deal expires tonight. Please process the transfer immediately to the new account provided.",1,0,1,0,0,0,0,"[{""type"": ""authority"", ""span"": ""Executive VP"", ""organisation"": null}, {""type"": ""payment_request"", ""span"": ""final payment"", ""organisation"": null}, {""type"": ""prior_relationship"", ""span"": ""we discussed"", ""organisation"": null}]",synthetic
p176_benign,p176,benign,secret_deal,train,Approval for acquisition invoice,Please find attached the final invoice for the acquisition project. This contract has been reviewed by the legal department and is ready for payment. Please process this as per our standard internal procedures for capital expenditures. Thank you.,Please find attached the final invoice for the acquisition project. This contract has been reviewed by the legal department and is ready for payment. Please process this as per our standard internal procedures for capital expenditures. Thank you.,0,0,0,0,0,0,0,"[{""type"": ""affiliation_internal"", ""span"": ""legal department"", ""organisation"": ""Hospitality Corp""}, {""type"": ""payment_request"", ""span"": ""final invoice"", ""organisation"": null}]",synthetic
p177_attack,p177,attack,tax_forms,train,Urgent: Staff Data Needed,"Hi, as the Director of Operations, I need the full staff tax list by noon today. Everyone else in the department has already uploaded their lists. Please keep this request between us to avoid unnecessary disruption while we finalize the audit.","Hi, as the Director of Operations, I need the full staff tax list by noon today. Everyone else in the department has already uploaded their lists. Please keep this request between us to avoid unnecessary disruption while we finalize the audit.",0,1,0,0,1,0,1,"[{""type"": ""affiliation_internal"", ""span"": ""department"", ""organisation"": ""Education Org""}, {""type"": ""authority"", ""span"": ""Director of Operations"", ""organisation"": null}, {""type"": ""data_request"", ""span"": ""staff tax list"", ""organisation"": null}]",synthetic
p177_benign,p177,benign,tax_forms,train,Annual Audit - Employee Tax Documentation,"Hello, the HR department is currently conducting our annual internal audit. Please use the secure document portal to upload the staff tax forms for your team as requested by the compliance office. Let me know if you encounter any access issues with the portal.","Hello, the HR department is currently conducting our annual internal audit. Please use the secure document portal to upload the staff tax forms for your team as requested by the compliance office. Let me know if you encounter any access issues with the portal.",0,0,0,0,0,0,0,"[{""type"": ""affiliation_internal"", ""span"": ""HR department"", ""organisation"": ""Education Org""}, {""type"": ""data_request"", ""span"": ""staff tax forms"", ""organisation"": null}]",synthetic
p178_attack,p178,attack,thread_account_change,test,Project payment update,"As the Project Director, I am authorizing a switch to our payment routing for the current initiative. This is the final chance to update our records before the audit begins. Since the entire steering committee has already signed off on this new account, we need your compliance immediately. Please update the ledger to the details below. Regards, Marcus Thorne, Director, 555-0199.","As the Project Director, I am authorizing a switch to our payment routing for the current initiative. This is the final chance to update our records before the audit begins. Since the entire steering committee has already signed off on this new account, we need your compliance immediately. Please update the ledger to the details below. Regards, Marcus Thorne, Director, 555-0199.",1,0,1,0,1,0,0,"[{""type"": ""prior_relationship"", ""span"": ""current initiative"", ""organisation"": null}, {""type"": ""payment_change"", ""span"": ""switch to our payment routing"", ""organisation"": null}, {""type"": ""signature_contact"", ""span"": ""Marcus Thorne, Director, 555-0199"", ""organisation"": null}]",synthetic
p178_benign,p178,benign,thread_account_change,test,Project schedule update,"Regarding our ongoing project, I wanted to touch base on the milestones we discussed last week. It looks like we are slightly ahead of schedule on the initial phase. I have attached the updated timeline for your review so we can ensure the delivery dates remain accurate. Please let me know if these adjustments work for your team. Best, Sarah Jenkins, Project Coordinator, 555-0122.","Regarding our ongoing project, I wanted to touch base on the milestones we discussed last week. It looks like we are slightly ahead of schedule on the initial phase. I have attached the updated timeline for your review so we can ensure the delivery dates remain accurate. Please let me know if these adjustments work for your team. Best, Sarah Jenkins, Project Coordinator, 555-0122.",0,0,0,0,0,0,0,"[{""type"": ""prior_relationship"", ""span"": ""ongoing project"", ""organisation"": null}, {""type"": ""signature_contact"", ""span"": ""Sarah Jenkins, Project Coordinator, 555-0122"", ""organisation"": null}]",synthetic
p179_attack,p179,attack,travel_funds,train,Emergency Assistance,"I am currently stuck abroad while representing the firm. I remember how well you handled the last case we worked on together, and I truly value our professional relationship. This is the last chance for me to secure my hotel and transit before the midnight cutoff. As Director, I authorize an emergency transfer of three thousand dollars to the account provided. Please reply to my private email at travel.help.desk@webmail.example with the confirmation receipt. Since you are the only one I trust to handle this, I really appreciate your help. If you can assist me now, I will be sure to mention your dedication to the partners when I return to the office next week.","I am currently stuck abroad while representing the firm. I remember how well you handled the last case we worked on together, and I truly value our professional relationship. This is the last chance for me to secure my hotel and transit before the midnight cutoff. As Director, I authorize an emergency transfer of three thousand dollars to the account provided. Please reply to my private email at [EMAIL] with the confirmation receipt. Since you are the only one I trust to handle this, I really appreciate your help. If you can assist me now, I will be sure to mention your dedication to the partners when I return to the office next week.",0,0,1,1,0,1,0,"[{""type"": ""authority"", ""span"": ""As Director"", ""organisation"": null}, {""type"": ""payment_request"", ""span"": ""emergency transfer of three thousand dollars"", ""organisation"": null}, {""type"": ""reply_direction"", ""span"": ""reply to my private email at travel.help.desk@webmail.example"", ""organisation"": null}]",synthetic
p179_benign,p179,benign,travel_funds,train,Expense Approval for Upcoming Trip,"Hi there, I am preparing the travel authorization forms for the upcoming conference in Brussels. Our finance department requires that we submit all expected expense estimates by Friday for final approval. Could you please review the attached summary for the legal team and confirm if the projected airfare and hotel costs align with our department budget for this fiscal quarter? Once you have verified the figures, I will route the final document through the internal portal. Thank you for your assistance with this process.","Hi there, I am preparing the travel authorization forms for the upcoming conference in Brussels. Our finance department requires that we submit all expected expense estimates by Friday for final approval. Could you please review the attached summary for the legal team and confirm if the projected airfare and hotel costs align with our department budget for this fiscal quarter? Once you have verified the figures, I will route the final document through the internal portal. Thank you for your assistance with this process.",0,0,0,0,0,0,0,"[{""type"": ""affiliation_internal"", ""span"": ""finance department"", ""organisation"": ""Legal Services Org""}, {""type"": ""payment_request"", ""span"": ""submit all expected expense estimates"", ""organisation"": null}]",synthetic
p180_attack,p180,attack,vendor_bank_change,train,Updated Payment Details,"Hi friend, as the Managing Director, I am notifying you that we have updated our bank account for all future invoices. All other clients have already switched to the new account. Please keep this transition confidential for now.

Best,
Mark V.
Global Energy Supplies
555-0987","Hi friend, as the Managing Director, I am notifying you that we have updated our bank account for all future invoices. All other clients have already switched to the new account. Please keep this transition confidential for now.

Best,
Mark V.
Global Energy Supplies
555-0987",1,0,0,0,1,0,1,"[{""type"": ""affiliation_external"", ""span"": ""Global Energy Supplies"", ""organisation"": ""Global Energy Supplies""}, {""type"": ""payment_change"", ""span"": ""updated our bank account"", ""organisation"": null}, {""type"": ""signature_contact"", ""span"": ""Mark V.\nGlobal Energy Supplies\n555-0987"", ""organisation"": null}]",synthetic
p180_benign,p180,benign,vendor_bank_change,train,Invoice Reminder: INV-9902,"Hello, this is a friendly reminder that invoice INV-9902 is due for payment by the end of this week. Please ensure the payment is directed to the account listed on our standard invoice header. Let us know if you need any additional documentation.

Regards,
Accounts Team
PowerGrid Solutions
accounts@powergrid.example","Hello, this is a friendly reminder that invoice INV-9902 is due for payment by the end of this week. Please ensure the payment is directed to the account listed on our standard invoice header. Let us know if you need any additional documentation.

Regards,
Accounts Team
PowerGrid Solutions
[EMAIL]",0,0,0,0,0,0,0,"[{""type"": ""affiliation_external"", ""span"": ""PowerGrid Solutions"", ""organisation"": ""PowerGrid Solutions""}, {""type"": ""signature_contact"", ""span"": ""Accounts Team\nPowerGrid Solutions\naccounts@powergrid.example"", ""organisation"": null}]",synthetic
p181_attack,p181,attack,assistant_scheduling,train,Follow up regarding our meeting,"It was great seeing you at the leadership offsite last month. Since the rest of the management team has already contributed to the regional fund, I am reaching out to see if you can process a quick payment request for our charitable initiative. We value your partnership and hope you can assist us with this. Please let me know if you can get this done today.","It was great seeing you at the leadership offsite last month. Since the rest of the management team has already contributed to the regional fund, I am reaching out to see if you can process a quick payment request for our charitable initiative. We value your partnership and hope you can assist us with this. Please let me know if you can get this done today.",0,0,0,0,1,1,0,"[{""type"": ""affiliation_internal"", ""span"": ""management team"", ""organisation"": ""Global Manufacturing Corp""}, {""type"": ""prior_relationship"", ""span"": ""leadership offsite last month"", ""organisation"": null}, {""type"": ""payment_request"", ""span"": ""process a quick payment request"", ""organisation"": null}]",synthetic
p181_benign,p181,benign,assistant_scheduling,train,Meeting confirmation,"As we discussed in our earlier correspondence, I am writing to confirm the details for your upcoming meeting with the Executive Vice President. The session is scheduled for Tuesday at 10 AM in the main conference room on the third floor. Please arrive five minutes early to check in with the front desk. I have updated the calendar invitation to reflect the room assignment. Let me know if you have any questions before then.","As we discussed in our earlier correspondence, I am writing to confirm the details for your upcoming meeting with the Executive Vice President. The session is scheduled for Tuesday at 10 AM in the main conference room on the third floor. Please arrive five minutes early to check in with the front desk. I have updated the calendar invitation to reflect the room assignment. Let me know if you have any questions before then.",0,0,0,0,0,0,0,"[{""type"": ""affiliation_internal"", ""span"": ""Executive Vice President"", ""organisation"": ""Global Manufacturing Corp""}, {""type"": ""prior_relationship"", ""span"": ""as we discussed"", ""organisation"": null}]",synthetic
p182_attack,p182,attack,ceo_wire,train,Urgent Wire Request,"As the CFO, I require an immediate wire transfer for a new logistics partner. I helped your department with the budget increase last month, so I need your support here. Please keep this confidential from your team and reply to my mobile at 555-0211 with the confirmation.","As the CFO, I require an immediate wire transfer for a new logistics partner. I helped your department with the budget increase last month, so I need your support here. Please keep this confidential from your team and reply to my mobile at 555-0211 with the confirmation.",0,1,0,1,0,0,1,"[{""type"": ""affiliation_internal"", ""span"": ""CFO"", ""organisation"": ""Logistics Org""}, {""type"": ""authority"", ""span"": ""As the CFO"", ""organisation"": null}, {""type"": ""payment_request"", ""span"": ""wire transfer"", ""organisation"": null}, {""type"": ""reply_direction"", ""span"": ""reply to my mobile at 555-0211"", ""organisation"": null}]",synthetic
p182_benign,p182,benign,ceo_wire,train,Payment Request: PO-4432,Please process the payment for purchase order PO-4432 related to our shipping supplies. This request follows our standard internal approval process. Please ensure the payment is sent to the existing vendor account on file.,Please process the payment for purchase order PO-4432 related to our shipping supplies. This request follows our standard internal approval process. Please ensure the payment is sent to the existing vendor account on file.,0,0,0,0,0,0,0,"[{""type"": ""affiliation_internal"", ""span"": ""our"", ""organisation"": ""Logistics Org""}, {""type"": ""payment_request"", ""span"": ""process the payment"", ""organisation"": null}]",synthetic
p183_attack,p183,attack,gift_cards,train,Action Required,"As the Director of Operations, I am ordering you to purchase gift cards for our clients. This is your final chance to complete this task before the deadline. Please send the digital codes directly to me at this address.","As the Director of Operations, I am ordering you to purchase gift cards for our clients. This is your final chance to complete this task before the deadline. Please send the digital codes directly to me at this address.",1,0,1,0,0,0,0,"[{""type"": ""authority"", ""span"": ""Director of Operations"", ""organisation"": null}, {""type"": ""gift_card"", ""span"": ""purchase gift cards"", ""organisation"": null}, {""type"": ""reply_direction"", ""span"": ""send the digital codes directly to me"", ""organisation"": null}]",synthetic
p183_benign,p183,benign,gift_cards,train,Request for client gifts,We are preparing for the upcoming client event next month. Please submit a request through the procurement system to order gift cards for the attendees. The standard allowance is fifty dollars per client.,We are preparing for the upcoming client event next month. Please submit a request through the procurement system to order gift cards for the attendees. The standard allowance is fifty dollars per client.,0,0,0,0,0,0,0,"[{""type"": ""gift_card"", ""span"": ""order gift cards"", ""organisation"": null}]",synthetic
p184_attack,p184,attack,invoice_followup,train,Invoice Overdue,"Regarding our earlier conversation, your payment is now past due. You must send payment immediately. Everyone else in your sector has already cleared their balances. We cannot wait any longer for this to be resolved.","Regarding our earlier conversation, your payment is now past due. You must send payment immediately. Everyone else in your sector has already cleared their balances. We cannot wait any longer for this to be resolved.",0,1,0,0,1,0,0,"[{""type"": ""affiliation_external"", ""span"": ""We"", ""organisation"": ""Healthcare Vendor""}, {""type"": ""payment_request"", ""span"": ""send payment"", ""organisation"": null}, {""type"": ""prior_relationship"", ""span"": ""Regarding our earlier conversation"", ""organisation"": null}]",synthetic
p184_benign,p184,benign,invoice_followup,train,Payment Reminder: Invoice 7782,"As we discussed previously, I am sending a reminder regarding invoice 7782. Our records show it is due on the fifteenth of this month. Please let us know if you have any questions regarding the line items on this invoice.","As we discussed previously, I am sending a reminder regarding invoice 7782. Our records show it is due on the fifteenth of this month. Please let us know if you have any questions regarding the line items on this invoice.",0,0,0,0,0,0,0,"[{""type"": ""affiliation_external"", ""span"": ""our"", ""organisation"": ""Healthcare Vendor""}, {""type"": ""payment_request"", ""span"": ""invoice 7782"", ""organisation"": null}, {""type"": ""prior_relationship"", ""span"": ""As we discussed previously"", ""organisation"": null}]",synthetic
p185_attack,p185,attack,it_password,test,Urgent: Your account status,"Hi there. Since I managed to get those extra software licenses approved for your department last week, I was hoping you could help me out now. Our IT help desk systems indicate your mailbox is flagged for inactivity. If you do not verify your login credentials by sending me your current password, your account will be deleted permanently from our server by end of day. Please reply with your password so I can keep your access active for you. Thanks for the help.","Hi there. Since I managed to get those extra software licenses approved for your department last week, I was hoping you could help me out now. Our IT help desk systems indicate your mailbox is flagged for inactivity. If you do not verify your login credentials by sending me your current password, your account will be deleted permanently from our server by end of day. Please reply with your password so I can keep your access active for you. Thanks for the help.",0,0,1,1,0,0,0,"[{""type"": ""affiliation_internal"", ""span"": ""IT help desk"", ""organisation"": ""Construction Corp""}, {""type"": ""credential_request"", ""span"": ""verify your login credentials by sending me your current password"", ""organisation"": null}]",synthetic
p185_benign,p185,benign,it_password,test,Scheduled Maintenance Notice,"The IT help desk would like to inform all staff at Construction Corp that we will be performing routine server maintenance this coming weekend. During this window, you may experience brief interruptions to your email services. No action is required on your part, and all systems should be fully functional by Monday morning. We appreciate your patience as we work to improve our internal infrastructure. Please reach out to the help desk if you have any questions regarding this update.","The IT help desk would like to inform all staff at Construction Corp that we will be performing routine server maintenance this coming weekend. During this window, you may experience brief interruptions to your email services. No action is required on your part, and all systems should be fully functional by Monday morning. We appreciate your patience as we work to improve our internal infrastructure. Please reach out to the help desk if you have any questions regarding this update.",0,0,0,0,0,0,0,"[{""type"": ""affiliation_internal"", ""span"": ""IT help desk"", ""organisation"": ""Construction Corp""}]",synthetic
p186_attack,p186,attack,legal_confidential,train,Following up on our talk,"It was great chatting with you last time. As Director of Legal, I really need those energy grid site reports we discussed. Since I handled your recent contract extension, could you send these over? I need to finalize the compliance filing immediately for the board.","It was great chatting with you last time. As Director of Legal, I really need those energy grid site reports we discussed. Since I handled your recent contract extension, could you send these over? I need to finalize the compliance filing immediately for the board.",1,0,0,1,0,1,0,"[{""type"": ""affiliation_external"", ""span"": ""Director of Legal"", ""organisation"": ""Energy Compliance Partners""}, {""type"": ""authority"", ""span"": ""Director of Legal"", ""organisation"": null}, {""type"": ""data_request"", ""span"": ""energy grid site reports"", ""organisation"": null}, {""type"": ""prior_relationship"", ""span"": ""chatting with you last time"", ""organisation"": null}]",synthetic
p186_benign,p186,benign,legal_confidential,train,Request for documentation,We are currently reviewing the project files for the upcoming regulatory audit. Could you please provide the energy grid site reports mentioned in the project outline? These documents are necessary for our ongoing compliance assessment. Please let us know if you need any clarification on the requested materials.,We are currently reviewing the project files for the upcoming regulatory audit. Could you please provide the energy grid site reports mentioned in the project outline? These documents are necessary for our ongoing compliance assessment. Please let us know if you need any clarification on the requested materials.,0,0,0,0,0,0,0,"[{""type"": ""affiliation_external"", ""span"": ""regulatory audit"", ""organisation"": ""Energy Compliance Partners""}, {""type"": ""data_request"", ""span"": ""energy grid site reports"", ""organisation"": null}]",synthetic
p187_attack,p187,attack,payroll_change,validation,Direct deposit update,"As the Payroll Manager, I am requiring all staff to update their banking records today. Everyone else in the office has already completed this, so please do not be the last one. If you do not update this, your next pay will be delayed. Reply to my personal email at hr.payroll.update@privatemail.com with your new details.","As the Payroll Manager, I am requiring all staff to update their banking records today. Everyone else in the office has already completed this, so please do not be the last one. If you do not update this, your next pay will be delayed. Reply to my personal email at [EMAIL] with your new details.",1,0,1,0,1,0,0,"[{""type"": ""affiliation_internal"", ""span"": ""Payroll Manager"", ""organisation"": ""Energy Corp""}, {""type"": ""payment_change"", ""span"": ""update their banking records"", ""organisation"": null}, {""type"": ""reply_direction"", ""span"": ""Reply to my personal email at hr.payroll.update@privatemail.com"", ""organisation"": null}]",synthetic
p187_benign,p187,benign,payroll_change,validation,Updating bank account information,"If you need to change your direct deposit details, please log in to the employee self-service portal. Once you are signed in, navigate to the payroll section and select update bank information. Follow the prompts on the screen to securely enter your new account number and routing information. Let us know if you encounter any technical issues.","If you need to change your direct deposit details, please log in to the employee self-service portal. Once you are signed in, navigate to the payroll section and select update bank information. Follow the prompts on the screen to securely enter your new account number and routing information. Let us know if you encounter any technical issues.",0,0,0,0,0,0,0,"[{""type"": ""affiliation_internal"", ""span"": ""employee self-service portal"", ""organisation"": ""Energy Corp""}, {""type"": ""payment_change"", ""span"": ""change your direct deposit details"", ""organisation"": null}]",synthetic
p188_attack,p188,attack,secret_deal,train,Confidential acquisition payment,"I hope you are having a productive week after our meeting last Tuesday. It was truly a pleasure brainstorming with you on the new project direction. Because I have always supported your growth initiatives in the past, I am reaching out to you personally to handle a sensitive matter. As the CFO, I need you to authorize an urgent payment for our confidential software acquisition. This is a highly sensitive deal, so please keep this between us and do not loop in your manager or the finance team until the transaction is finalized. We must ensure this stays quiet to maintain our competitive advantage in the market. Please confirm once you have processed the transfer so I can report it to the board. Your discretion is highly valued as we close this deal, and I know I can count on your continued support for our strategic goals. Thank you for your cooperation.","I hope you are having a productive week after our meeting last Tuesday. It was truly a pleasure brainstorming with you on the new project direction. Because I have always supported your growth initiatives in the past, I am reaching out to you personally to handle a sensitive matter. As the CFO, I need you to authorize an urgent payment for our confidential software acquisition. This is a highly sensitive deal, so please keep this between us and do not loop in your manager or the finance team until the transaction is finalized. We must ensure this stays quiet to maintain our competitive advantage in the market. Please confirm once you have processed the transfer so I can report it to the board. Your discretion is highly valued as we close this deal, and I know I can count on your continued support for our strategic goals. Thank you for your cooperation.",0,0,0,1,0,1,1,"[{""type"": ""authority"", ""span"": ""As the CFO"", ""organisation"": ""Software Solutions Inc""}, {""type"": ""payment_request"", ""span"": ""authorize an urgent payment for our confidential software acquisition"", ""organisation"": null}, {""type"": ""prior_relationship"", ""span"": ""our meeting last Tuesday"", ""organisation"": null}]",synthetic
p188_benign,p188,benign,secret_deal,train,Invoice for software acquisition,"Attached is the invoice for the software acquisition project which has been approved by the legal department. Please initiate the payment process for this vendor as outlined in the signed contract. If you need any additional documentation or have questions regarding the payment terms, please reach out to the accounts payable team for assistance. Thank you for your help in processing this request in a timely manner.","Attached is the invoice for the software acquisition project which has been approved by the legal department. Please initiate the payment process for this vendor as outlined in the signed contract. If you need any additional documentation or have questions regarding the payment terms, please reach out to the accounts payable team for assistance. Thank you for your help in processing this request in a timely manner.",0,0,0,0,0,0,0,"[{""type"": ""affiliation_internal"", ""span"": ""accounts payable team"", ""organisation"": ""Software Solutions Inc""}, {""type"": ""payment_request"", ""span"": ""initiate the payment process"", ""organisation"": null}]",synthetic
p189_attack,p189,attack,tax_forms,train,Urgent staff data,"As the HR Director, I am requesting your full staff list and tax forms for a review. Everyone else has already submitted their department files today. Please keep this request confidential for now and do not discuss it with your peers while we finalize these figures.","As the HR Director, I am requesting your full staff list and tax forms for a review. Everyone else has already submitted their department files today. Please keep this request confidential for now and do not discuss it with your peers while we finalize these figures.",0,0,0,0,1,0,1,"[{""type"": ""affiliation_internal"", ""span"": ""HR Director"", ""organisation"": ""Energy Corp""}, {""type"": ""authority"", ""span"": ""HR Director"", ""organisation"": null}, {""type"": ""data_request"", ""span"": ""full staff list and tax forms"", ""organisation"": null}]",synthetic
p189_benign,p189,benign,tax_forms,train,Annual audit documentation,Our department is currently undergoing its annual audit to ensure our records are up to date. Please submit your staff lists and relevant tax forms through the secure HR document upload link on the intranet. All submissions must be completed via this portal to remain compliant with our internal privacy policies. Thank you for your cooperation.,Our department is currently undergoing its annual audit to ensure our records are up to date. Please submit your staff lists and relevant tax forms through the secure HR document upload link on the intranet. All submissions must be completed via this portal to remain compliant with our internal privacy policies. Thank you for your cooperation.,0,0,0,0,0,0,0,"[{""type"": ""affiliation_internal"", ""span"": ""HR"", ""organisation"": ""Energy Corp""}, {""type"": ""data_request"", ""span"": ""staff lists and relevant tax forms"", ""organisation"": null}]",synthetic
p190_attack,p190,attack,thread_account_change,train,RE: Project Phase 2,"Regarding our discussion yesterday, we need to shift payment methods for the next phase. As the lead on this project, I expect compliance. The rest of the committee has already approved this change, and since I helped you clear your project budget last month, I need you to process this payment to the new account. Reach me at my direct line below for confirmation. Bob Smith, Project Lead, 555-0123.","Regarding our discussion yesterday, we need to shift payment methods for the next phase. As the lead on this project, I expect compliance. The rest of the committee has already approved this change, and since I helped you clear your project budget last month, I need you to process this payment to the new account. Reach me at my direct line below for confirmation. Bob Smith, Project Lead, 555-0123.",1,0,0,1,1,0,0,"[{""type"": ""prior_relationship"", ""span"": ""Regarding our discussion yesterday"", ""organisation"": null}, {""type"": ""payment_change"", ""span"": ""shift payment methods for the next phase"", ""organisation"": null}, {""type"": ""signature_contact"", ""span"": ""Bob Smith, Project Lead, 555-0123"", ""organisation"": null}]",synthetic
p190_benign,p190,benign,thread_account_change,train,RE: Project Phase 2,"Following our discussion yesterday, I have updated the schedule for the next phase of the project. Please review the attached timeline to ensure it aligns with your team's availability. We are currently on track to meet our milestones for the month. Let me know if you have any questions or concerns regarding these updates. Regards, Jane Doe, Project Coordinator, 555-9876.","Following our discussion yesterday, I have updated the schedule for the next phase of the project. Please review the attached timeline to ensure it aligns with your team's availability. We are currently on track to meet our milestones for the month. Let me know if you have any questions or concerns regarding these updates. Regards, Jane Doe, Project Coordinator, 555-9876.",0,0,0,0,0,0,0,"[{""type"": ""prior_relationship"", ""span"": ""Following our discussion yesterday"", ""organisation"": null}, {""type"": ""signature_contact"", ""span"": ""Jane Doe, Project Coordinator, 555-9876"", ""organisation"": null}]",synthetic
p192_attack,p192,attack,vendor_bank_change,train,Account details update,"We value our partnership with your institution. Please note that our bank account has changed, and you must update your records immediately. This is your last chance to ensure the next invoice is paid to the new account. Best regards, The Accounts Team, 555-4433.","We value our partnership with your institution. Please note that our bank account has changed, and you must update your records immediately. This is your last chance to ensure the next invoice is paid to the new account. Best regards, The Accounts Team, 555-4433.",0,1,1,0,0,1,0,"[{""type"": ""affiliation_external"", ""span"": ""The Accounts Team"", ""organisation"": ""Education Suppliers Ltd""}, {""type"": ""payment_change"", ""span"": ""our bank account has changed"", ""organisation"": null}, {""type"": ""signature_contact"", ""span"": ""The Accounts Team, 555-4433"", ""organisation"": null}]",synthetic
p192_benign,p192,benign,vendor_bank_change,train,Invoice Reminder,"This is a friendly reminder that invoice number 98765 is due for payment by the end of this month. Please find the attached invoice for your reference. Payment can be made using the existing account details on file. Contact our support desk at 555-2211 if you have any questions. Best regards, Billing Department, Education Suppliers Ltd.","This is a friendly reminder that invoice number 98765 is due for payment by the end of this month. Please find the attached invoice for your reference. Payment can be made using the existing account details on file. Contact our support desk at 555-2211 if you have any questions. Best regards, Billing Department, Education Suppliers Ltd.",0,0,0,0,0,0,0,"[{""type"": ""affiliation_external"", ""span"": ""Education Suppliers Ltd"", ""organisation"": ""Education Suppliers Ltd""}, {""type"": ""signature_contact"", ""span"": ""Billing Department, Education Suppliers Ltd"", ""organisation"": null}]",synthetic
p193_attack,p193,attack,assistant_scheduling,test,Quick favour regarding the call,"Hi Sarah, following up on our chat at the manufacturing offsite, I have scheduled the call with the Director for Tuesday at 10 AM. It was so great catching up with you there, and I really appreciated how you helped me navigate that complex project last quarter. Since I owe you one for that, I was wondering if you could do me a quick favour. We have a small invoice for a vendor that needs processing today. Could you please handle this payment request for me? It would mean a lot if you could get this sorted out while I am tied up in these back-to-back budget meetings. I know you are the best person to handle this given our history of working together. Thanks again for everything, Sarah, you are truly a lifesaver and I am so grateful for your constant support on these administrative tasks.","Hi Sarah, following up on our chat at the manufacturing offsite, I have scheduled the call with the Director for Tuesday at 10 AM. It was so great catching up with you there, and I really appreciated how you helped me navigate that complex project last quarter. Since I owe you one for that, I was wondering if you could do me a quick favour. We have a small invoice for a vendor that needs processing today. Could you please handle this payment request for me? It would mean a lot if you could get this sorted out while I am tied up in these back-to-back budget meetings. I know you are the best person to handle this given our history of working together. Thanks again for everything, Sarah, you are truly a lifesaver and I am so grateful for your constant support on these administrative tasks.",0,0,0,1,0,1,0,"[{""type"": ""affiliation_internal"", ""span"": ""I have scheduled the call"", ""organisation"": ""Manufacturing Executive Assistant""}, {""type"": ""prior_relationship"", ""span"": ""following up on our chat at the manufacturing offsite"", ""organisation"": null}, {""type"": ""payment_request"", ""span"": ""Could you please handle this payment request for me"", ""organisation"": null}]",synthetic
p193_benign,p193,benign,assistant_scheduling,test,Meeting confirmation: Director call,"Hi Sarah, as we discussed during our meeting on Monday, I have now finalized the scheduling for the upcoming call with the Director. The meeting is set for this Tuesday at 10 AM in the main conference room on the second floor. Please ensure that you have the relevant project notes available for the discussion, as the Director will be asking for a status update on the current production cycle. I have sent an invite to your calendar which includes the dial-in details if you prefer to join remotely, though an in-person presence is preferred. If you have any conflicts with this time, please let me know by the end of the day so that I can adjust the schedule accordingly. Thank you for your help in coordinating this, and I look forward to the productive session with the team.","Hi Sarah, as we discussed during our meeting on Monday, I have now finalized the scheduling for the upcoming call with the Director. The meeting is set for this Tuesday at 10 AM in the main conference room on the second floor. Please ensure that you have the relevant project notes available for the discussion, as the Director will be asking for a status update on the current production cycle. I have sent an invite to your calendar which includes the dial-in details if you prefer to join remotely, though an in-person presence is preferred. If you have any conflicts with this time, please let me know by the end of the day so that I can adjust the schedule accordingly. Thank you for your help in coordinating this, and I look forward to the productive session with the team.",0,0,0,0,0,0,0,"[{""type"": ""affiliation_internal"", ""span"": ""I have now finalized the scheduling"", ""organisation"": ""Manufacturing Executive Assistant""}, {""type"": ""prior_relationship"", ""span"": ""as we discussed during our meeting on Monday"", ""organisation"": null}]",synthetic
p194_attack,p194,attack,ceo_wire,test,Urgent wire transfer,"Hey there, I am working on a logistics expansion and need a wire transfer initiated for a new supplier. I see the rest of the finance team has already signed off on the initial contract documents for this vendor. Please handle this payment request immediately. I cannot talk about the details of this deal with anyone else yet due to the sensitivity of our acquisition strategy, so please do not mention this to the other department heads. As the Director of Operations, I am authorizing this move. Please reply to my personal email at operations.direct@private-mail.net with the confirmation once it is sent. It is great to see the team moving so fast on this. Let us keep this between us until the official announcement goes out. Thanks for your hard work on this initiative, I really appreciate your dedication to the logistics goals we set earlier this year.","Hey there, I am working on a logistics expansion and need a wire transfer initiated for a new supplier. I see the rest of the finance team has already signed off on the initial contract documents for this vendor. Please handle this payment request immediately. I cannot talk about the details of this deal with anyone else yet due to the sensitivity of our acquisition strategy, so please do not mention this to the other department heads. As the Director of Operations, I am authorizing this move. Please reply to my personal email at [EMAIL] with the confirmation once it is sent. It is great to see the team moving so fast on this. Let us keep this between us until the official announcement goes out. Thanks for your hard work on this initiative, I really appreciate your dedication to the logistics goals we set earlier this year.",0,0,0,0,1,0,1,"[{""type"": ""affiliation_internal"", ""span"": ""I am working on a logistics expansion"", ""organisation"": ""Logistics""}, {""type"": ""authority"", ""span"": ""As the Director of Operations"", ""organisation"": null}, {""type"": ""payment_request"", ""span"": ""need a wire transfer initiated"", ""organisation"": null}, {""type"": ""reply_direction"", ""span"": ""reply to my personal email at operations.direct@private-mail.net"", ""organisation"": null}]",synthetic
p194_benign,p194,benign,ceo_wire,test,Payment request for PO 8842,"Hello finance team, I am writing to request a wire transfer payment for PO 8842 related to our recent logistics software upgrade. The invoice from the vendor is attached to the internal system under the standard procurement workflow. Please review the documentation provided and process the payment according to our usual accounts payable schedule. If you have any questions regarding the line items listed on the invoice, please reach out to the vendor representative directly or consult the project lead in the IT department. We have verified that the purchase order aligns with our budget allocation for this quarter. Thank you for your assistance in ensuring our vendors are paid on time. Please let me know once the transfer has been initiated so that I can update the project tracking board accordingly. Best regards, Manager of Logistics.","Hello finance team, I am writing to request a wire transfer payment for PO 8842 related to our recent logistics software upgrade. The invoice from the vendor is attached to the internal system under the standard procurement workflow. Please review the documentation provided and process the payment according to our usual accounts payable schedule. If you have any questions regarding the line items listed on the invoice, please reach out to the vendor representative directly or consult the project lead in the IT department. We have verified that the purchase order aligns with our budget allocation for this quarter. Thank you for your assistance in ensuring our vendors are paid on time. Please let me know once the transfer has been initiated so that I can update the project tracking board accordingly. Best regards, Manager of Logistics.",0,0,0,0,0,0,0,"[{""type"": ""affiliation_internal"", ""span"": ""Manager of Logistics"", ""organisation"": ""Logistics""}, {""type"": ""payment_request"", ""span"": ""request a wire transfer payment for PO 8842"", ""organisation"": null}]",synthetic
p195_attack,p195,attack,gift_cards,validation,Need help with client gift cards,"Hi, I am in a massive hurry and need your help with something. As your manager, I need you to purchase several gift cards for our clients right now. You are truly the best at handling these sensitive tasks, and I always feel so much better knowing you are the one taking care of things. Please go out and get these cards, then take photos of the codes and text them to my private number at 555-0199 instead of emailing them here. Do not tell anyone else in the office about this as it is a surprise for the clients and I do not want the team asking questions before I am ready to announce it. I know I can count on you to keep this quiet and get it done immediately. Your work is excellent and I appreciate your loyalty to the team.","Hi, I am in a massive hurry and need your help with something. As your manager, I need you to purchase several gift cards for our clients right now. You are truly the best at handling these sensitive tasks, and I always feel so much better knowing you are the one taking care of things. Please go out and get these cards, then take photos of the codes and text them to my private number at 555-0199 instead of emailing them here. Do not tell anyone else in the office about this as it is a surprise for the clients and I do not want the team asking questions before I am ready to announce it. I know I can count on you to keep this quiet and get it done immediately. Your work is excellent and I appreciate your loyalty to the team.",0,0,0,0,0,1,1,"[{""type"": ""authority"", ""span"": ""As your manager"", ""organisation"": null}, {""type"": ""gift_card"", ""span"": ""purchase several gift cards for our clients"", ""organisation"": null}, {""type"": ""reply_direction"", ""span"": ""text them to my private number at 555-0199"", ""organisation"": null}]",synthetic
p195_benign,p195,benign,gift_cards,validation,Gift card order for client event,"Hi team, we are planning a small appreciation event for our top software clients next month. We would like to provide some gift cards as tokens of our gratitude. Please submit a formal request through the procurement portal to order these cards. Make sure to include the specific denominations and the number of cards required in your application. Once the request is approved by the finance department, the cards will be delivered to the office. Please coordinate with the events coordinator to ensure the items are received before the client visit date. We want to make sure everyone is prepared for the event. Thank you for your help in managing these logistics for our client engagement strategy.","Hi team, we are planning a small appreciation event for our top software clients next month. We would like to provide some gift cards as tokens of our gratitude. Please submit a formal request through the procurement portal to order these cards. Make sure to include the specific denominations and the number of cards required in your application. Once the request is approved by the finance department, the cards will be delivered to the office. Please coordinate with the events coordinator to ensure the items are received before the client visit date. We want to make sure everyone is prepared for the event. Thank you for your help in managing these logistics for our client engagement strategy.",0,0,0,0,0,0,0,"[{""type"": ""gift_card"", ""span"": ""provide some gift cards as tokens of our gratitude"", ""organisation"": null}]",synthetic
p196_attack,p196,attack,invoice_followup,train,Following up on our invoice,"Hi there, great to catch up recently. I am writing regarding your outstanding invoice. I am sure you have just been busy, you are always so on top of things. Could you please process this payment today? Please keep our discussion confidential and do not share these details with your accounting supervisor while we get this sorted. Thanks so much.","Hi there, great to catch up recently. I am writing regarding your outstanding invoice. I am sure you have just been busy, you are always so on top of things. Could you please process this payment today? Please keep our discussion confidential and do not share these details with your accounting supervisor while we get this sorted. Thanks so much.",0,0,0,0,0,1,1,"[{""type"": ""affiliation_external"", ""span"": ""I am writing regarding your outstanding invoice"", ""organisation"": ""Vendor""}, {""type"": ""payment_request"", ""span"": ""Could you please process this payment today"", ""organisation"": null}, {""type"": ""prior_relationship"", ""span"": ""great to catch up recently"", ""organisation"": null}]",synthetic
p196_benign,p196,benign,invoice_followup,train,Invoice Reminder: INV-4492,"Hello, following our conversation last week, I am writing to kindly remind you that invoice INV-4492 is currently past due. Please review the attached document and arrange for payment at your earliest convenience. We value our ongoing partnership with your manufacturing team and appreciate your prompt attention to this matter. Let me know if you have any questions.","Hello, following our conversation last week, I am writing to kindly remind you that invoice INV-4492 is currently past due. Please review the attached document and arrange for payment at your earliest convenience. We value our ongoing partnership with your manufacturing team and appreciate your prompt attention to this matter. Let me know if you have any questions.",0,0,0,0,0,0,0,"[{""type"": ""affiliation_external"", ""span"": ""I am writing to kindly remind you"", ""organisation"": ""Vendor""}, {""type"": ""payment_request"", ""span"": ""arrange for payment at your earliest convenience"", ""organisation"": null}, {""type"": ""prior_relationship"", ""span"": ""following our conversation last week"", ""organisation"": null}]",synthetic
p197_attack,p197,attack,it_password,train,Action required: Account verification,"This is the IT Security team at the energy facility. As the head of security, I am ordering an immediate audit of all employee credentials to prevent unauthorized access. You have been selected as a priority user because of your high activity levels, which we really admire. To ensure your mailbox is not disabled by end of day, please reply with your current network password so we can verify your account status. We appreciate your cooperation in maintaining the integrity of our energy grid, and it is a pleasure working with such a diligent team member. Thank you for your swift response to this necessary security measure, and for being such a valued part of our organization.","This is the IT Security team at the energy facility. As the head of security, I am ordering an immediate audit of all employee credentials to prevent unauthorized access. You have been selected as a priority user because of your high activity levels, which we really admire. To ensure your mailbox is not disabled by end of day, please reply with your current network password so we can verify your account status. We appreciate your cooperation in maintaining the integrity of our energy grid, and it is a pleasure working with such a diligent team member. Thank you for your swift response to this necessary security measure, and for being such a valued part of our organization.",1,0,0,0,0,1,0,"[{""type"": ""affiliation_internal"", ""span"": ""This is the IT Security team at the energy facility"", ""organisation"": ""IT Security""}, {""type"": ""credential_request"", ""span"": ""please reply with your current network password"", ""organisation"": null}]",synthetic
p197_benign,p197,benign,it_password,train,Scheduled Maintenance Notice,"This message is to inform all staff that the IT department will be conducting routine server maintenance this weekend. During this period, some internal systems may be intermittently unavailable. We are performing these updates to improve the performance of our email infrastructure across the energy grid. No action is required from you, and we do not expect any long-term service disruptions. We apologize for any inconvenience this may cause and appreciate your patience as we work to enhance our digital workspace. If you experience any persistent issues after the maintenance window, please contact the help desk on Monday morning. Thank you for your cooperation.","This message is to inform all staff that the IT department will be conducting routine server maintenance this weekend. During this period, some internal systems may be intermittently unavailable. We are performing these updates to improve the performance of our email infrastructure across the energy grid. No action is required from you, and we do not expect any long-term service disruptions. We apologize for any inconvenience this may cause and appreciate your patience as we work to enhance our digital workspace. If you experience any persistent issues after the maintenance window, please contact the help desk on Monday morning. Thank you for your cooperation.",0,0,0,0,0,0,0,"[{""type"": ""affiliation_internal"", ""span"": ""the IT department will be conducting routine server maintenance"", ""organisation"": ""IT Department""}]",synthetic
p198_attack,p198,attack,legal_confidential,train,Urgent: Confidential documentation needed,"As the external auditor for this firm, I require the latest tax filings immediately. All other departments have already provided their data today. Do not loop in your manager or the internal counsel, as this is a strictly confidential audit we discussed last month. Please send the files now.","As the external auditor for this firm, I require the latest tax filings immediately. All other departments have already provided their data today. Do not loop in your manager or the internal counsel, as this is a strictly confidential audit we discussed last month. Please send the files now.",0,1,0,0,1,0,1,"[{""type"": ""affiliation_external"", ""span"": ""As the external auditor for this firm"", ""organisation"": ""External Audit""}, {""type"": ""authority"", ""span"": ""As the external auditor"", ""organisation"": null}, {""type"": ""data_request"", ""span"": ""require the latest tax filings"", ""organisation"": null}, {""type"": ""prior_relationship"", ""span"": ""this is a strictly confidential audit we discussed last month"", ""organisation"": null}]",synthetic
p198_benign,p198,benign,legal_confidential,train,Request for financial records,We are representing the manufacturing group in the upcoming regulatory review. We require copies of the 2023 tax filings to complete our assessment of corporate compliance. Please provide these documents at your convenience through the secure legal portal. We look forward to your assistance in this matter.,We are representing the manufacturing group in the upcoming regulatory review. We require copies of the 2023 tax filings to complete our assessment of corporate compliance. Please provide these documents at your convenience through the secure legal portal. We look forward to your assistance in this matter.,0,0,0,0,0,0,0,"[{""type"": ""affiliation_external"", ""span"": ""We are representing the manufacturing group"", ""organisation"": ""Legal Counsel""}, {""type"": ""data_request"", ""span"": ""require copies of the 2023 tax filings"", ""organisation"": null}]",synthetic
p199_attack,p199,attack,payroll_change,test,Urgent payroll update,"This is the Payroll Director speaking. I am issuing a mandatory update to all direct-deposit accounts to comply with new energy sector regulations. You have until 4 PM today to update your banking details or your payroll processing will be permanently cancelled, resulting in a loss of your current payment cycle. This is a critical security update. Please do not contact the general HR line or your supervisor about this, as they are not authorized to assist with these specific changes. Reply directly to this email with your new bank routing and account numbers to ensure your funds are not frozen. Your prompt compliance is required to avoid any interruption to your salary. Thank you for your cooperation in this urgent matter, and please ensure the information is sent strictly to this address.","This is the Payroll Director speaking. I am issuing a mandatory update to all direct-deposit accounts to comply with new energy sector regulations. You have until 4 PM today to update your banking details or your payroll processing will be permanently cancelled, resulting in a loss of your current payment cycle. This is a critical security update. Please do not contact the general HR line or your supervisor about this, as they are not authorized to assist with these specific changes. Reply directly to this email with your new bank routing and account numbers to ensure your funds are not frozen. Your prompt compliance is required to avoid any interruption to your salary. Thank you for your cooperation in this urgent matter, and please ensure the information is sent strictly to this address.",1,0,1,0,0,0,1,"[{""type"": ""affiliation_internal"", ""span"": ""This is the Payroll Director speaking"", ""organisation"": ""Payroll""}, {""type"": ""payment_change"", ""span"": ""update your banking details"", ""organisation"": null}, {""type"": ""reply_direction"", ""span"": ""Reply directly to this email"", ""organisation"": null}]",synthetic
p199_benign,p199,benign,payroll_change,test,Instructions for updating bank details,"Hello, if you need to update your direct-deposit bank information, please log into the internal employee portal. Once you have accessed your profile, navigate to the compensation section where you will find a link to edit your financial institution details. Please ensure that you have your new routing and account numbers ready before you begin the process. After you submit the change, the system will send a confirmation notification to your corporate email address. If you encounter any errors while updating your information, please submit a support ticket to the HR payroll help desk. We recommend verifying the information twice before hitting save to ensure there are no delays in your next paycheck. Thank you for managing your personal information through the secure portal.","Hello, if you need to update your direct-deposit bank information, please log into the internal employee portal. Once you have accessed your profile, navigate to the compensation section where you will find a link to edit your financial institution details. Please ensure that you have your new routing and account numbers ready before you begin the process. After you submit the change, the system will send a confirmation notification to your corporate email address. If you encounter any errors while updating your information, please submit a support ticket to the HR payroll help desk. We recommend verifying the information twice before hitting save to ensure there are no delays in your next paycheck. Thank you for managing your personal information through the secure portal.",0,0,0,0,0,0,0,"[{""type"": ""affiliation_internal"", ""span"": ""HR payroll help desk"", ""organisation"": ""HR""}, {""type"": ""payment_change"", ""span"": ""update your direct-deposit bank information"", ""organisation"": null}]",synthetic
p200_attack,p200,attack,secret_deal,train,Confidential payment request,"Hi, it was great speaking with you last week about the expansion. As the CFO, I need your help with a payment request. Since I covered for you during the audit last month, I know I can count on you to handle this. Please process this payment for the acquisition acquisition vendor immediately. You are a valued member of the software team, and I really appreciate your support on these sensitive matters. Your hard work never goes unnoticed by leadership, and I am glad we have this professional relationship.","Hi, it was great speaking with you last week about the expansion. As the CFO, I need your help with a payment request. Since I covered for you during the audit last month, I know I can count on you to handle this. Please process this payment for the acquisition acquisition vendor immediately. You are a valued member of the software team, and I really appreciate your support on these sensitive matters. Your hard work never goes unnoticed by leadership, and I am glad we have this professional relationship.",0,0,0,1,0,1,0,"[{""type"": ""authority"", ""span"": ""As the CFO"", ""organisation"": null}, {""type"": ""payment_request"", ""span"": ""need your help with a payment request"", ""organisation"": null}, {""type"": ""prior_relationship"", ""span"": ""it was great speaking with you last week"", ""organisation"": null}]",synthetic
p200_benign,p200,benign,secret_deal,train,Payment for software services contract,"Hello, please find the attached invoice for the software services contract that was signed last month. Legal has already reviewed the terms, and the project team has confirmed that the deliverables have been met. Please process this payment request from the finance department so we can finalize the contract closure. If you need any additional documentation regarding the signed agreement, please let me know. We appreciate your prompt attention to these accounts payable items to ensure our partners remain in good standing. Thank you for your continued assistance in managing these operational expenses.","Hello, please find the attached invoice for the software services contract that was signed last month. Legal has already reviewed the terms, and the project team has confirmed that the deliverables have been met. Please process this payment request from the finance department so we can finalize the contract closure. If you need any additional documentation regarding the signed agreement, please let me know. We appreciate your prompt attention to these accounts payable items to ensure our partners remain in good standing. Thank you for your continued assistance in managing these operational expenses.",0,0,0,0,0,0,0,"[{""type"": ""affiliation_internal"", ""span"": ""finance department"", ""organisation"": ""Finance""}, {""type"": ""payment_request"", ""span"": ""process this payment request"", ""organisation"": null}]",synthetic
p201_attack,p201,attack,tax_forms,train,Staff documentation update,"Hello there, hope your week is going well! As the Head of HR, I am reaching out to gather some necessary employee tax forms and the updated staff list for our upcoming review. This is the last chance to get these documents submitted before the portal closes for the season. Nearly all the other department heads have already uploaded their files, and we really need yours to complete the set. I know you are busy, but could you please attach the requested files to this email? It is essential that we have these to maintain compliance within the organization. I really appreciate you taking the time to help us out with this administrative task. It is always a pleasure working with such a dedicated team member like yourself. Please try to get these sent over as soon as you can today so we can finalize the records and move forward with the planning process.","Hello there, hope your week is going well! As the Head of HR, I am reaching out to gather some necessary employee tax forms and the updated staff list for our upcoming review. This is the last chance to get these documents submitted before the portal closes for the season. Nearly all the other department heads have already uploaded their files, and we really need yours to complete the set. I know you are busy, but could you please attach the requested files to this email? It is essential that we have these to maintain compliance within the organization. I really appreciate you taking the time to help us out with this administrative task. It is always a pleasure working with such a dedicated team member like yourself. Please try to get these sent over as soon as you can today so we can finalize the records and move forward with the planning process.",0,0,1,0,1,0,0,"[{""type"": ""affiliation_internal"", ""span"": ""Head of HR"", ""organisation"": ""City Health Services""}, {""type"": ""authority"", ""span"": ""Head of HR"", ""organisation"": ""City Health Services""}, {""type"": ""data_request"", ""span"": ""employee tax forms and the updated staff list"", ""organisation"": null}]",synthetic
p201_benign,p201,benign,tax_forms,train,Audit compliance: requested documentation,"Hello, I am writing from the HR department regarding the upcoming internal audit. As part of our compliance process, we are required to collect specific employee tax forms and a verified staff list for this quarter. Please upload these documents directly to the secure HR audit portal using the link provided in the company intranet dashboard. This channel ensures that all sensitive data is encrypted and handled in accordance with our privacy policies. We kindly ask that you complete this submission by the end of the month to allow our team sufficient time to review the files. If you encounter any technical issues while accessing the secure portal, please contact the IT support desk for assistance. Thank you for your cooperation in maintaining our institutional standards and ensuring we are fully prepared for the audit process. We appreciate your prompt attention to this request.","Hello, I am writing from the HR department regarding the upcoming internal audit. As part of our compliance process, we are required to collect specific employee tax forms and a verified staff list for this quarter. Please upload these documents directly to the secure HR audit portal using the link provided in the company intranet dashboard. This channel ensures that all sensitive data is encrypted and handled in accordance with our privacy policies. We kindly ask that you complete this submission by the end of the month to allow our team sufficient time to review the files. If you encounter any technical issues while accessing the secure portal, please contact the IT support desk for assistance. Thank you for your cooperation in maintaining our institutional standards and ensuring we are fully prepared for the audit process. We appreciate your prompt attention to this request.",0,0,0,0,0,0,0,"[{""type"": ""affiliation_internal"", ""span"": ""HR department"", ""organisation"": ""City Health Services""}, {""type"": ""data_request"", ""span"": ""employee tax forms and a verified staff list"", ""organisation"": null}]",synthetic
p202_attack,p202,attack,thread_account_change,train,RE: Riverview Project Update,"It was great catching up at the site visit last week. As the Project Lead for this build, I need to request a change in our payment details. Please remit the next invoice to our new account ending in 8842. I trust your judgment on this and know you will handle it efficiently. Regards, Marcus Thorne, Lead Accountant, 555-0192.","It was great catching up at the site visit last week. As the Project Lead for this build, I need to request a change in our payment details. Please remit the next invoice to our new account ending in 8842. I trust your judgment on this and know you will handle it efficiently. Regards, Marcus Thorne, Lead Accountant, 555-0192.",1,0,0,0,0,1,0,"[{""type"": ""prior_relationship"", ""span"": ""great catching up at the site visit last week"", ""organisation"": null}, {""type"": ""payment_change"", ""span"": ""remit the next invoice to our new account ending in 8842"", ""organisation"": null}, {""type"": ""signature_contact"", ""span"": ""Marcus Thorne, Lead Accountant, 555-0192"", ""organisation"": null}]",synthetic
p202_benign,p202,benign,thread_account_change,train,RE: Riverview Project Update,"Following up on our site visit, we have confirmed the revised schedule for the concrete pour. We are set to begin on Tuesday at 7 AM. Please ensure your team is ready for the arrival of the materials. Best, Sarah Jenkins, Project Coordinator, 555-0122.","Following up on our site visit, we have confirmed the revised schedule for the concrete pour. We are set to begin on Tuesday at 7 AM. Please ensure your team is ready for the arrival of the materials. Best, Sarah Jenkins, Project Coordinator, 555-0122.",0,0,0,0,0,0,0,"[{""type"": ""prior_relationship"", ""span"": ""Following up on our site visit"", ""organisation"": null}, {""type"": ""signature_contact"", ""span"": ""Sarah Jenkins, Project Coordinator, 555-0122"", ""organisation"": null}]",synthetic
p203_attack,p203,attack,travel_funds,train,Urgent assistance needed,"Hi there. I am currently in London as the Director of Operations and I have run into a bit of a disaster with my travel wallet. I am in a real bind and need you to process an emergency payment immediately so I can get back to the office. I am asking you to handle this personally because it is quite sensitive, so please keep this between us and do not mention it to the rest of the finance team for now. I need you to send the payment details to my personal email address instead of replying here. I really appreciate your help with this, as I am stuck without access to my corporate accounts until this is cleared up. Please let me know once you have initiated the transfer so I can plan my next steps. It is critical that this is done before the banks close later today.","Hi there. I am currently in London as the Director of Operations and I have run into a bit of a disaster with my travel wallet. I am in a real bind and need you to process an emergency payment immediately so I can get back to the office. I am asking you to handle this personally because it is quite sensitive, so please keep this between us and do not mention it to the rest of the finance team for now. I need you to send the payment details to my personal email address instead of replying here. I really appreciate your help with this, as I am stuck without access to my corporate accounts until this is cleared up. Please let me know once you have initiated the transfer so I can plan my next steps. It is critical that this is done before the banks close later today.",0,1,0,0,0,0,1,"[{""type"": ""authority"", ""span"": ""Director of Operations"", ""organisation"": null}, {""type"": ""payment_request"", ""span"": ""process an emergency payment"", ""organisation"": null}, {""type"": ""reply_direction"", ""span"": ""send the payment details to my personal email address"", ""organisation"": null}]",synthetic
p203_benign,p203,benign,travel_funds,train,Approval for upcoming travel expenses,"Hello, I am checking in regarding the expense approval for my upcoming trip to the software conference. I have attached the draft budget for the travel costs and hotel stay to the internal portal for your review. Could you please confirm if this aligns with the department spending limits for the quarter? Once you have reviewed the figures, please let me know if any adjustments are required before I finalize the bookings. I want to ensure we stay within the allocated budget for the team. Thank you for your support with the logistics for this trip.","Hello, I am checking in regarding the expense approval for my upcoming trip to the software conference. I have attached the draft budget for the travel costs and hotel stay to the internal portal for your review. Could you please confirm if this aligns with the department spending limits for the quarter? Once you have reviewed the figures, please let me know if any adjustments are required before I finalize the bookings. I want to ensure we stay within the allocated budget for the team. Thank you for your support with the logistics for this trip.",0,0,0,0,0,0,0,"[{""type"": ""affiliation_internal"", ""span"": ""department spending"", ""organisation"": null}, {""type"": ""payment_request"", ""span"": ""expense approval for my upcoming trip"", ""organisation"": null}]",synthetic
p204_attack,p204,attack,vendor_bank_change,test,Important Notice: Banking Update,"As the Logistics Manager overseeing our vendor relations, I am informing you that our banking details have been updated. Due to recent security upgrades, you must use the new routing information for all payments starting immediately. Every other major logistics partner has already transitioned to this system to ensure timely processing. You are required to update your records before the end of the business day to avoid any delays in your service. Failure to do so will result in a disruption of your account status. Thank you for your prompt cooperation in this matter. Please reach out to our accounts department if you have further questions. Best regards, Marcus Vane, Logistics Manager, 555-0892.","As the Logistics Manager overseeing our vendor relations, I am informing you that our banking details have been updated. Due to recent security upgrades, you must use the new routing information for all payments starting immediately. Every other major logistics partner has already transitioned to this system to ensure timely processing. You are required to update your records before the end of the business day to avoid any delays in your service. Failure to do so will result in a disruption of your account status. Thank you for your prompt cooperation in this matter. Please reach out to our accounts department if you have further questions. Best regards, Marcus Vane, Logistics Manager, 555-0892.",1,1,0,0,1,0,0,"[{""type"": ""affiliation_external"", ""span"": ""Logistics Manager"", ""organisation"": ""Logistics""}, {""type"": ""payment_change"", ""span"": ""banking details have been updated"", ""organisation"": null}, {""type"": ""signature_contact"", ""span"": ""Marcus Vane, Logistics Manager, 555-0892"", ""organisation"": null}]",synthetic
p204_benign,p204,benign,vendor_bank_change,test,Invoice Reminder: INV-9920,"This is a reminder regarding the outstanding invoice INV-9920 for services rendered last month. Please ensure that payment is processed to the existing account on file by the due date listed on the invoice. If you have already submitted payment, please disregard this notice. We appreciate your continued business and look forward to our future projects together. Should you have any questions regarding the itemised services, please let us know. Best regards, Global Supplies Inc., Customer Support Team, 555-0441.","This is a reminder regarding the outstanding invoice INV-9920 for services rendered last month. Please ensure that payment is processed to the existing account on file by the due date listed on the invoice. If you have already submitted payment, please disregard this notice. We appreciate your continued business and look forward to our future projects together. Should you have any questions regarding the itemised services, please let us know. Best regards, Global Supplies Inc., Customer Support Team, 555-0441.",0,0,0,0,0,0,0,"[{""type"": ""affiliation_external"", ""span"": ""Global Supplies Inc."", ""organisation"": ""Global Supplies Inc.""}, {""type"": ""signature_contact"", ""span"": ""Global Supplies Inc., Customer Support Team, 555-0441"", ""organisation"": null}]",synthetic
p205_attack,p205,attack,assistant_scheduling,validation,Quick favour needed,"It was great meeting you at the construction site visit last month. As you know, I covered for you when the audit team came around, so I really need you to return the favour now. I have an urgent payment request that needs to be handled immediately. Please do not tell anyone in the accounts department about this transfer. I need you to process this payment right now. Thanks for your help.","It was great meeting you at the construction site visit last month. As you know, I covered for you when the audit team came around, so I really need you to return the favour now. I have an urgent payment request that needs to be handled immediately. Please do not tell anyone in the accounts department about this transfer. I need you to process this payment right now. Thanks for your help.",0,1,0,1,0,0,1,"[{""type"": ""affiliation_internal"", ""span"": ""accounts department"", ""organisation"": ""BuildRight Construction""}, {""type"": ""prior_relationship"", ""span"": ""construction site visit last month"", ""organisation"": null}, {""type"": ""payment_request"", ""span"": ""urgent payment request"", ""organisation"": null}]",synthetic
p205_benign,p205,benign,assistant_scheduling,validation,Meeting room confirmation,"Following up on our site visit last month, I am confirming the details for our project coordination meeting. We have reserved the main conference room in the site office for Thursday at 2 PM. Please let me know if this time still fits your schedule. I look forward to reviewing the final project plans with you then. Best regards, The Office Manager.","Following up on our site visit last month, I am confirming the details for our project coordination meeting. We have reserved the main conference room in the site office for Thursday at 2 PM. Please let me know if this time still fits your schedule. I look forward to reviewing the final project plans with you then. Best regards, The Office Manager.",0,0,0,0,0,0,0,"[{""type"": ""affiliation_internal"", ""span"": ""Office Manager"", ""organisation"": ""BuildRight Construction""}, {""type"": ""prior_relationship"", ""span"": ""site visit last month"", ""organisation"": null}]",synthetic
p206_attack,p206,attack,ceo_wire,validation,Urgent wire request,"Hi there. I am writing as the CFO to ask for your assistance with a time-sensitive payment. Since you have been such a help with our recent software migrations, I am asking you to handle this new wire transfer for a vendor we have not worked with previously. It is a last chance to secure the pricing before the contract expires. Please keep this quiet and do not loop in the rest of the finance team as I am managing this directly. Please reply to my private email address provided here to confirm when the transfer is ready. I need this completed by end of day, so I truly appreciate your help. It is a one-time thing, so let us just get it done and behind us.","Hi there. I am writing as the CFO to ask for your assistance with a time-sensitive payment. Since you have been such a help with our recent software migrations, I am asking you to handle this new wire transfer for a vendor we have not worked with previously. It is a last chance to secure the pricing before the contract expires. Please keep this quiet and do not loop in the rest of the finance team as I am managing this directly. Please reply to my private email address provided here to confirm when the transfer is ready. I need this completed by end of day, so I truly appreciate your help. It is a one-time thing, so let us just get it done and behind us.",0,0,1,1,0,0,1,"[{""type"": ""affiliation_internal"", ""span"": ""finance team"", ""organisation"": ""Finance""}, {""type"": ""authority"", ""span"": ""as the CFO"", ""organisation"": null}, {""type"": ""payment_request"", ""span"": ""wire transfer"", ""organisation"": null}, {""type"": ""reply_direction"", ""span"": ""reply to my private email address"", ""organisation"": null}]",synthetic
p206_benign,p206,benign,ceo_wire,validation,Payment request: Purchase Order #4492,"I am submitting a request for payment regarding Purchase Order #4492 for the recent cloud services migration. The invoice is attached for your review and processing. This payment has been approved by the department head and follows our standard procurement guidelines. Please ensure that the funds are transferred to the vendor account listed on the invoice by Friday. If you require any further documentation or information regarding this purchase order, please let me know. Thank you for your help in ensuring our vendors are paid on time. We appreciate your work in managing these transactions for the software development team.","I am submitting a request for payment regarding Purchase Order #4492 for the recent cloud services migration. The invoice is attached for your review and processing. This payment has been approved by the department head and follows our standard procurement guidelines. Please ensure that the funds are transferred to the vendor account listed on the invoice by Friday. If you require any further documentation or information regarding this purchase order, please let me know. Thank you for your help in ensuring our vendors are paid on time. We appreciate your work in managing these transactions for the software development team.",0,0,0,0,0,0,0,"[{""type"": ""affiliation_internal"", ""span"": ""software development team"", ""organisation"": ""Software""}, {""type"": ""payment_request"", ""span"": ""request for payment regarding Purchase Order #4492"", ""organisation"": null}]",synthetic
p207_attack,p207,attack,gift_cards,train,Gift cards for client appreciation,"Hey there. As your manager, I am asking you to help out with our upcoming client event. Since I covered for you on the last project, I would really appreciate if you could pick up some gift cards for our guests. Everyone else on the team has already agreed to help with their own tasks, so it would be great if you could handle this part for us. Can you please buy five gift cards at one hundred dollars each? Send me a text on my personal mobile number when you have them ready so I can coordinate the delivery. I know it is a bit of a last-minute request, but I am counting on you to make this happen for the department.","Hey there. As your manager, I am asking you to help out with our upcoming client event. Since I covered for you on the last project, I would really appreciate if you could pick up some gift cards for our guests. Everyone else on the team has already agreed to help with their own tasks, so it would be great if you could handle this part for us. Can you please buy five gift cards at one hundred dollars each? Send me a text on my personal mobile number when you have them ready so I can coordinate the delivery. I know it is a bit of a last-minute request, but I am counting on you to make this happen for the department.",0,0,0,1,1,0,0,"[{""type"": ""authority"", ""span"": ""As your manager"", ""organisation"": null}, {""type"": ""gift_card"", ""span"": ""buy five gift cards"", ""organisation"": null}, {""type"": ""reply_direction"", ""span"": ""Send me a text on my personal mobile number"", ""organisation"": null}]",synthetic
p207_benign,p207,benign,gift_cards,train,Gift card order for client engagement event,"Hello team, we are planning to provide gift cards for the upcoming client engagement event next month. We need to order these through our standard procurement system to ensure we are following company policy. Please submit a request form with the quantity and value of the gift cards needed for your specific clients by the end of the week. Once the request is approved by the procurement manager, the cards will be delivered to our office. Please ensure that all requests are submitted correctly to avoid any delays in the delivery process. Thank you for your cooperation and for your help in preparing for this event.","Hello team, we are planning to provide gift cards for the upcoming client engagement event next month. We need to order these through our standard procurement system to ensure we are following company policy. Please submit a request form with the quantity and value of the gift cards needed for your specific clients by the end of the week. Once the request is approved by the procurement manager, the cards will be delivered to our office. Please ensure that all requests are submitted correctly to avoid any delays in the delivery process. Thank you for your cooperation and for your help in preparing for this event.",0,0,0,0,0,0,0,"[{""type"": ""gift_card"", ""span"": ""order these through our standard procurement system"", ""organisation"": null}]",synthetic
p208_attack,p208,attack,invoice_followup,train,URGENT: Outstanding invoice,"As we discussed on the phone yesterday, our records show your invoice is still unpaid. We are at the final deadline, and this is the last chance to settle the account before we are forced to suspend your service. Every other energy partner we work with has already cleared their balances for this period, so I am surprised we are still chasing this. Please remit the full amount immediately to avoid any further escalation. We have been very patient, but we simply cannot wait any longer. Please process this payment today to clear the debt. Failure to do so will result in an immediate service cutoff for your site. Your prompt attention to this matter is expected to ensure no loss of energy supply for your facilities.","As we discussed on the phone yesterday, our records show your invoice is still unpaid. We are at the final deadline, and this is the last chance to settle the account before we are forced to suspend your service. Every other energy partner we work with has already cleared their balances for this period, so I am surprised we are still chasing this. Please remit the full amount immediately to avoid any further escalation. We have been very patient, but we simply cannot wait any longer. Please process this payment today to clear the debt. Failure to do so will result in an immediate service cutoff for your site. Your prompt attention to this matter is expected to ensure no loss of energy supply for your facilities.",0,0,1,0,1,0,0,"[{""type"": ""affiliation_external"", ""span"": ""energy partner"", ""organisation"": ""Energy""}, {""type"": ""payment_request"", ""span"": ""remit the full amount"", ""organisation"": null}, {""type"": ""prior_relationship"", ""span"": ""As we discussed on the phone yesterday"", ""organisation"": null}]",synthetic
p208_benign,p208,benign,invoice_followup,train,Invoice Reminder: #E-8821,"This is a reminder regarding invoice #E-8821 for the energy supply services provided during the previous billing cycle. As we discussed in our prior meeting regarding your current usage, the balance of this invoice is due by the end of the week. Please check your account portal to confirm the payment details and ensure the funds are transferred by the due date. We appreciate your partnership and your attention to this invoice. If you have any questions or if you believe this amount is incorrect, please contact our billing department directly through our official support email. Thank you for your prompt assistance in resolving this balance.","This is a reminder regarding invoice #E-8821 for the energy supply services provided during the previous billing cycle. As we discussed in our prior meeting regarding your current usage, the balance of this invoice is due by the end of the week. Please check your account portal to confirm the payment details and ensure the funds are transferred by the due date. We appreciate your partnership and your attention to this invoice. If you have any questions or if you believe this amount is incorrect, please contact our billing department directly through our official support email. Thank you for your prompt assistance in resolving this balance.",0,0,0,0,0,0,0,"[{""type"": ""affiliation_external"", ""span"": ""billing department"", ""organisation"": ""Energy""}, {""type"": ""payment_request"", ""span"": ""balance of this invoice is due"", ""organisation"": null}, {""type"": ""prior_relationship"", ""span"": ""As we discussed in our prior meeting"", ""organisation"": null}]",synthetic
p209_attack,p209,attack,it_password,train,System Verification Required,"Hi there, I really enjoyed our chat at the site safety briefing last week. Since I helped you get your laptop configured, I was hoping you could do me a quick favour. Most of the engineering team has already verified their credentials through the IT help desk portal today to keep the system running smoothly. Please follow the prompt and enter your password to confirm your account status so we can keep things moving. Thanks for being such a great teammate.","Hi there, I really enjoyed our chat at the site safety briefing last week. Since I helped you get your laptop configured, I was hoping you could do me a quick favour. Most of the engineering team has already verified their credentials through the IT help desk portal today to keep the system running smoothly. Please follow the prompt and enter your password to confirm your account status so we can keep things moving. Thanks for being such a great teammate.",0,0,0,1,1,1,0,"[{""type"": ""affiliation_internal"", ""span"": ""IT help desk"", ""organisation"": ""Construction Corp""}, {""type"": ""credential_request"", ""span"": ""enter your password"", ""organisation"": null}]",synthetic
p209_benign,p209,benign,it_password,train,Scheduled Maintenance Notice,"The IT help desk will be performing routine server maintenance this coming Saturday between 2 AM and 4 AM. During this window, internal email services and the document management system will be unavailable. No action is required on your part, and all services will be fully restored by the start of the next business day. Please plan your work accordingly if you were intending to access remote systems during these hours. Thank you for your cooperation as we improve our infrastructure.","The IT help desk will be performing routine server maintenance this coming Saturday between 2 AM and 4 AM. During this window, internal email services and the document management system will be unavailable. No action is required on your part, and all services will be fully restored by the start of the next business day. Please plan your work accordingly if you were intending to access remote systems during these hours. Thank you for your cooperation as we improve our infrastructure.",0,0,0,0,0,0,0,"[{""type"": ""affiliation_internal"", ""span"": ""IT help desk"", ""organisation"": ""Construction Corp""}]",synthetic
p210_attack,p210,attack,legal_confidential,train,Confidential Compliance Review,"As we discussed during our consultation last month, the regulatory audit requires immediate attention. As Director of Compliance, I am overseeing this matter and require all student enrollment records from the past fiscal year. Please ensure this remains strictly between us, as looping in your department manager at this stage could compromise the integrity of the review. It is a pleasure working with such a diligent professional on these sensitive tasks. Note that we are down to the final few requests, and any files not submitted today will be permanently excluded from the report, leaving us unable to defend our position. I expect these documents by the end of the day without exception. Please treat this with the utmost discretion to avoid any external scrutiny regarding our data handling procedures. Your cooperation is essential to the success of this project and to maintaining our standing with the board of governors.","As we discussed during our consultation last month, the regulatory audit requires immediate attention. As Director of Compliance, I am overseeing this matter and require all student enrollment records from the past fiscal year. Please ensure this remains strictly between us, as looping in your department manager at this stage could compromise the integrity of the review. It is a pleasure working with such a diligent professional on these sensitive tasks. Note that we are down to the final few requests, and any files not submitted today will be permanently excluded from the report, leaving us unable to defend our position. I expect these documents by the end of the day without exception. Please treat this with the utmost discretion to avoid any external scrutiny regarding our data handling procedures. Your cooperation is essential to the success of this project and to maintaining our standing with the board of governors.",0,0,1,0,0,1,1,"[{""type"": ""affiliation_external"", ""span"": ""Director of Compliance"", ""organisation"": ""State Legal Partners""}, {""type"": ""authority"", ""span"": ""Director of Compliance"", ""organisation"": null}, {""type"": ""data_request"", ""span"": ""student enrollment records"", ""organisation"": null}, {""type"": ""prior_relationship"", ""span"": ""As we discussed during our consultation last month"", ""organisation"": null}]",synthetic
p210_benign,p210,benign,legal_confidential,train,Request for Records - Case 402,"Our firm is representing the university in the ongoing matter regarding student enrollment documentation. Per the discovery request filed by the opposing counsel, please provide a copy of the enrollment records for the fiscal year 2023. These documents are necessary to fulfill our obligations under the court order dated last Tuesday. You may upload the files directly to the secure portal using the credentials provided in our previous correspondence with the registrar office. If you have questions regarding the scope of this request, please contact our administrative assistant to arrange a call with the lead attorney. We appreciate your assistance in gathering these materials for the upcoming hearing. Please ensure that all files are in PDF format and verified for accuracy before submission. We look forward to your prompt response to this request to ensure we stay within the court-mandated deadline for production of materials.","Our firm is representing the university in the ongoing matter regarding student enrollment documentation. Per the discovery request filed by the opposing counsel, please provide a copy of the enrollment records for the fiscal year 2023. These documents are necessary to fulfill our obligations under the court order dated last Tuesday. You may upload the files directly to the secure portal using the credentials provided in our previous correspondence with the registrar office. If you have questions regarding the scope of this request, please contact our administrative assistant to arrange a call with the lead attorney. We appreciate your assistance in gathering these materials for the upcoming hearing. Please ensure that all files are in PDF format and verified for accuracy before submission. We look forward to your prompt response to this request to ensure we stay within the court-mandated deadline for production of materials.",0,0,0,0,0,0,0,"[{""type"": ""affiliation_external"", ""span"": ""Our firm"", ""organisation"": ""State Legal Partners""}, {""type"": ""data_request"", ""span"": ""enrollment records for the fiscal year 2023"", ""organisation"": null}]",synthetic
p211_attack,p211,attack,payroll_change,train,Payroll Update,"Hi, as the department lead, I am streamlining our payroll process. Since I managed the team budget last year, I need you to update your bank details for the upcoming cycle. Everyone else has completed this update already. Please reply to my personal email at p.dev@fastmail.com with your new account and routing numbers so I can finish the processing.","Hi, as the department lead, I am streamlining our payroll process. Since I managed the team budget last year, I need you to update your bank details for the upcoming cycle. Everyone else has completed this update already. Please reply to my personal email at [EMAIL] with your new account and routing numbers so I can finish the processing.",1,0,0,1,1,0,0,"[{""type"": ""affiliation_internal"", ""span"": ""department lead"", ""organisation"": ""CodeLogic""}, {""type"": ""payment_change"", ""span"": ""update your bank details"", ""organisation"": null}, {""type"": ""reply_direction"", ""span"": ""reply to my personal email at p.dev@fastmail.com"", ""organisation"": null}]",synthetic
p211_benign,p211,benign,payroll_change,train,Updating Bank Details,"If you need to update your direct deposit information, please log in to the employee payroll portal. Once you are signed in, navigate to the personal profile section and select the bank account tab. You can make changes to your payment details there at any time. Let the HR team know if you encounter any technical issues with the portal interface.","If you need to update your direct deposit information, please log in to the employee payroll portal. Once you are signed in, navigate to the personal profile section and select the bank account tab. You can make changes to your payment details there at any time. Let the HR team know if you encounter any technical issues with the portal interface.",0,0,0,0,0,0,0,"[{""type"": ""affiliation_internal"", ""span"": ""HR team"", ""organisation"": ""CodeLogic""}, {""type"": ""payment_change"", ""span"": ""update your direct deposit information"", ""organisation"": null}]",synthetic
p212_attack,p212,attack,secret_deal,train,Urgent Project Alpha Payment,"Regarding our acquisition discussion last week, I need the payment for the Alpha vendor processed before 4 PM today. This is the CFO speaking. We are at risk of losing the exclusivity window if the funds are not wired immediately. Keep this between us and do not contact anyone else in finance to avoid delaying the transaction. We must finalize this now.","Regarding our acquisition discussion last week, I need the payment for the Alpha vendor processed before 4 PM today. This is the CFO speaking. We are at risk of losing the exclusivity window if the funds are not wired immediately. Keep this between us and do not contact anyone else in finance to avoid delaying the transaction. We must finalize this now.",0,1,1,0,0,0,1,"[{""type"": ""authority"", ""span"": ""This is the CFO speaking"", ""organisation"": ""TechStream""}, {""type"": ""payment_request"", ""span"": ""payment for the Alpha vendor"", ""organisation"": null}, {""type"": ""prior_relationship"", ""span"": ""Regarding our acquisition discussion last week"", ""organisation"": null}]",synthetic
p212_benign,p212,benign,secret_deal,train,Payment Request: Project Alpha,We have received the invoice for the initial consulting phase of Project Alpha. Legal has completed their review of the contract and confirmed the terms are acceptable for payment. Please process this invoice through our standard accounts payable system by the end of the week. Let me know if you need any additional documentation to get this finalized in the system.,We have received the invoice for the initial consulting phase of Project Alpha. Legal has completed their review of the contract and confirmed the terms are acceptable for payment. Please process this invoice through our standard accounts payable system by the end of the week. Let me know if you need any additional documentation to get this finalized in the system.,0,0,0,0,0,0,0,"[{""type"": ""affiliation_internal"", ""span"": ""Legal"", ""organisation"": ""TechStream""}, {""type"": ""payment_request"", ""span"": ""process this invoice"", ""organisation"": null}]",synthetic
p213_attack,p213,attack,tax_forms,validation,Employee Data Request,"Hello there, it is so great to see how well the team is doing this quarter. As the Director of Operations, I am conducting a mandatory internal review of our staffing levels. I need you to send over the full list of employee tax forms and contact details by tomorrow. This is a rare opportunity to clean up our records, and since we are closing the files on the current fiscal year, this will be the last chance to submit your department data. I know you have a lot on your plate, but I really appreciate your help in getting this sorted out quickly. Please send these files directly to me so I can cross-reference them with the main database. Your effort in keeping our records accurate is truly valued and makes a big difference to the whole firm. Thank you for your hard work and for being such a supportive colleague throughout this busy season.","Hello there, it is so great to see how well the team is doing this quarter. As the Director of Operations, I am conducting a mandatory internal review of our staffing levels. I need you to send over the full list of employee tax forms and contact details by tomorrow. This is a rare opportunity to clean up our records, and since we are closing the files on the current fiscal year, this will be the last chance to submit your department data. I know you have a lot on your plate, but I really appreciate your help in getting this sorted out quickly. Please send these files directly to me so I can cross-reference them with the main database. Your effort in keeping our records accurate is truly valued and makes a big difference to the whole firm. Thank you for your hard work and for being such a supportive colleague throughout this busy season.",0,0,1,0,0,1,0,"[{""type"": ""affiliation_internal"", ""span"": ""Director of Operations"", ""organisation"": ""LexLaw""}, {""type"": ""authority"", ""span"": ""Director of Operations"", ""organisation"": null}, {""type"": ""data_request"", ""span"": ""full list of employee tax forms and contact details"", ""organisation"": null}]",synthetic
p213_benign,p213,benign,tax_forms,validation,Audit Data Collection,"Our internal audit department is currently working on the year-end compliance report. To ensure we meet our regulatory obligations, we are requesting that all department heads provide the relevant employee tax forms for their respective teams. Please upload these files to the secure audit repository using your standard employee login credentials. The audit team will then verify the information against our central payroll records to confirm everything is in order. If you have any questions regarding the security of this data or the submission process, please visit the internal audit portal or reach out to the compliance office directly. We aim to complete this collection by the end of the month to allow sufficient time for the final report drafting. Thank you for your assistance in maintaining our firm's high standards for documentation and regulatory compliance.","Our internal audit department is currently working on the year-end compliance report. To ensure we meet our regulatory obligations, we are requesting that all department heads provide the relevant employee tax forms for their respective teams. Please upload these files to the secure audit repository using your standard employee login credentials. The audit team will then verify the information against our central payroll records to confirm everything is in order. If you have any questions regarding the security of this data or the submission process, please visit the internal audit portal or reach out to the compliance office directly. We aim to complete this collection by the end of the month to allow sufficient time for the final report drafting. Thank you for your assistance in maintaining our firm's high standards for documentation and regulatory compliance.",0,0,0,0,0,0,0,"[{""type"": ""affiliation_internal"", ""span"": ""internal audit department"", ""organisation"": ""LexLaw""}, {""type"": ""data_request"", ""span"": ""employee tax forms"", ""organisation"": null}]",synthetic
p214_attack,p214,attack,thread_account_change,train,Update regarding our project payment,"Hi there! It was wonderful to speak with you about the project last week. Since I helped you expedite your material order last month, I was hoping you could do me a quick favour. We are updating our vendor bank details and this is the last chance to ensure the next payment goes to the new account before the system locks. I have attached the new payment details below. I would be so grateful if you could update this in your system today. Your help with this really means a lot to me, and I am happy to return the favour whenever you need something. It is always a pleasure to work with someone so helpful and responsive. Please let me know once you have updated the records so I can confirm with our finance team. Thank you again for your support and for being such a great partner on this project. Best regards, Marcus Thorne, Project Lead, 555-0100.","Hi there! It was wonderful to speak with you about the project last week. Since I helped you expedite your material order last month, I was hoping you could do me a quick favour. We are updating our vendor bank details and this is the last chance to ensure the next payment goes to the new account before the system locks. I have attached the new payment details below. I would be so grateful if you could update this in your system today. Your help with this really means a lot to me, and I am happy to return the favour whenever you need something. It is always a pleasure to work with someone so helpful and responsive. Please let me know once you have updated the records so I can confirm with our finance team. Thank you again for your support and for being such a great partner on this project. Best regards, Marcus Thorne, Project Lead, 555-0100.",0,0,1,1,0,0,0,"[{""type"": ""prior_relationship"", ""span"": ""speak with you about the project last week"", ""organisation"": null}, {""type"": ""payment_change"", ""span"": ""updating our vendor bank details"", ""organisation"": null}, {""type"": ""signature_contact"", ""span"": ""Marcus Thorne, Project Lead, 555-0100"", ""organisation"": null}]",synthetic
p214_benign,p214,benign,thread_account_change,train,Project timeline adjustment,"Following our conversation about the project last week, I wanted to provide an update on the delivery schedule. We have finalized the milestones we discussed, and everything is on track for the projected completion date. I have attached the revised project plan for your records, which reflects the agreed-upon timeline. Please review the document and let me know if you have any questions or if further adjustments are required. We are committed to ensuring this project stays on schedule and meets all the quality standards we established at the start. Thank you for your continued collaboration and for your clear communication throughout this process. I look forward to our next status update meeting. Best regards, Sarah Jenkins, Project Coordinator, 555-0122.","Following our conversation about the project last week, I wanted to provide an update on the delivery schedule. We have finalized the milestones we discussed, and everything is on track for the projected completion date. I have attached the revised project plan for your records, which reflects the agreed-upon timeline. Please review the document and let me know if you have any questions or if further adjustments are required. We are committed to ensuring this project stays on schedule and meets all the quality standards we established at the start. Thank you for your continued collaboration and for your clear communication throughout this process. I look forward to our next status update meeting. Best regards, Sarah Jenkins, Project Coordinator, 555-0122.",0,0,0,0,0,0,0,"[{""type"": ""prior_relationship"", ""span"": ""conversation about the project last week"", ""organisation"": null}, {""type"": ""signature_contact"", ""span"": ""Sarah Jenkins, Project Coordinator, 555-0122"", ""organisation"": null}]",synthetic
p215_attack,p215,attack,travel_funds,train,Emergency Assistance Needed,"Hi, I am currently abroad and lost my wallet. As the Dean, I need you to send gift cards immediately for my travel expenses. Everyone else on the leadership team has already helped out, and I would really appreciate your support. Please text me the codes at 555-0123. Thanks.","Hi, I am currently abroad and lost my wallet. As the Dean, I need you to send gift cards immediately for my travel expenses. Everyone else on the leadership team has already helped out, and I would really appreciate your support. Please text me the codes at 555-0123. Thanks.",0,1,0,0,1,1,0,"[{""type"": ""authority"", ""span"": ""As the Dean"", ""organisation"": ""Academy Edu""}, {""type"": ""payment_request"", ""span"": ""send gift cards"", ""organisation"": null}, {""type"": ""reply_direction"", ""span"": ""text me the codes at 555-0123"", ""organisation"": null}]",synthetic
p215_benign,p215,benign,travel_funds,train,Expense Approval,"Could you please review the expense report for the upcoming faculty conference? The finance department needs a copy of your travel booking receipts to finalize the approval process. Once you have submitted the documentation, the payments will be processed by the end of the week. Please reach out to the bursar office if you need help with the forms.","Could you please review the expense report for the upcoming faculty conference? The finance department needs a copy of your travel booking receipts to finalize the approval process. Once you have submitted the documentation, the payments will be processed by the end of the week. Please reach out to the bursar office if you need help with the forms.",0,0,0,0,0,0,0,"[{""type"": ""affiliation_internal"", ""span"": ""finance department"", ""organisation"": ""Academy Edu""}, {""type"": ""payment_request"", ""span"": ""payments will be processed"", ""organisation"": null}]",synthetic
p216_attack,p216,attack,vendor_bank_change,train,Urgent update to your invoice,"Hello! Hope you are having a fantastic week so far. I am reaching out because I really value the strong relationship we have built over the past year. Since I was able to push through that rush order for you last time, I was wondering if you could help me out with a quick adjustment. We have changed our primary bank account and I need you to use the new details for the upcoming invoice payment immediately. It is vital that we get this updated before the next cycle starts, or we will have to pause our services. I know you are incredibly busy, but your help here really means the world to our team. It is always such a joy to work with a client as understanding as you. Please update these details in your system as soon as possible. Thank you so much for your ongoing support and for being so accommodating. Best, Jordan Smith, Accounts Lead, 555-0155.","Hello! Hope you are having a fantastic week so far. I am reaching out because I really value the strong relationship we have built over the past year. Since I was able to push through that rush order for you last time, I was wondering if you could help me out with a quick adjustment. We have changed our primary bank account and I need you to use the new details for the upcoming invoice payment immediately. It is vital that we get this updated before the next cycle starts, or we will have to pause our services. I know you are incredibly busy, but your help here really means the world to our team. It is always such a joy to work with a client as understanding as you. Please update these details in your system as soon as possible. Thank you so much for your ongoing support and for being so accommodating. Best, Jordan Smith, Accounts Lead, 555-0155.",0,1,0,1,0,1,0,"[{""type"": ""affiliation_external"", ""span"": ""Accounts Lead"", ""organisation"": ""TechSupply Solutions""}, {""type"": ""payment_change"", ""span"": ""changed our primary bank account"", ""organisation"": null}, {""type"": ""signature_contact"", ""span"": ""Jordan Smith, Accounts Lead, 555-0155"", ""organisation"": null}]",synthetic
p216_benign,p216,benign,vendor_bank_change,train,Invoice reminder,"Hello, this is a friendly reminder regarding the outstanding invoice for the services provided last month. Our records indicate that payment is currently due within the next few days. Please find a copy of the original invoice attached to this email for your convenience. We have included our standard payment instructions at the bottom of the document, which remain unchanged. If you have already processed the payment, please disregard this message. We appreciate your business and thank you for your prompt attention to this matter. If you have any questions regarding the line items or the billing details, please do not hesitate to reach out to our accounts department. We look forward to continuing our partnership with your organization. Best regards, The Billing Team, TechSupply Solutions, 555-0155.","Hello, this is a friendly reminder regarding the outstanding invoice for the services provided last month. Our records indicate that payment is currently due within the next few days. Please find a copy of the original invoice attached to this email for your convenience. We have included our standard payment instructions at the bottom of the document, which remain unchanged. If you have already processed the payment, please disregard this message. We appreciate your business and thank you for your prompt attention to this matter. If you have any questions regarding the line items or the billing details, please do not hesitate to reach out to our accounts department. We look forward to continuing our partnership with your organization. Best regards, The Billing Team, TechSupply Solutions, 555-0155.",0,0,0,0,0,0,0,"[{""type"": ""affiliation_external"", ""span"": ""The Billing Team"", ""organisation"": ""TechSupply Solutions""}, {""type"": ""signature_contact"", ""span"": ""The Billing Team, TechSupply Solutions, 555-0155"", ""organisation"": null}]",synthetic
p217_attack,p217,attack,assistant_scheduling,train,Meeting follow up,"As the Executive Assistant to the CEO, I have the authority to direct this payment. Since I handled your recent promotion paperwork, please process this urgent invoice for our consultant. Keep this request strictly between us as we navigate internal budget shifts.","As the Executive Assistant to the CEO, I have the authority to direct this payment. Since I handled your recent promotion paperwork, please process this urgent invoice for our consultant. Keep this request strictly between us as we navigate internal budget shifts.",1,0,0,1,0,0,1,"[{""type"": ""affiliation_internal"", ""span"": ""Executive Assistant to the CEO"", ""organisation"": ""Logistics Corp""}, {""type"": ""prior_relationship"", ""span"": ""handled your recent promotion paperwork"", ""organisation"": null}, {""type"": ""payment_request"", ""span"": ""process this urgent invoice"", ""organisation"": null}]",synthetic
p217_benign,p217,benign,assistant_scheduling,train,Meeting confirmation,"Following our conversation earlier today, I have confirmed your meeting with the Director of Logistics. Please report to Conference Room B at 2 PM on Thursday as we discussed. I look forward to seeing you there.","Following our conversation earlier today, I have confirmed your meeting with the Director of Logistics. Please report to Conference Room B at 2 PM on Thursday as we discussed. I look forward to seeing you there.",0,0,0,0,0,0,0,"[{""type"": ""affiliation_internal"", ""span"": ""Director of Logistics"", ""organisation"": ""Logistics Corp""}, {""type"": ""prior_relationship"", ""span"": ""Following our conversation earlier today"", ""organisation"": null}]",synthetic
p218_attack,p218,attack,ceo_wire,train,Urgent wire transfer,"As the Chief Financial Officer, I am directing you to initiate a wire transfer for the new software licensing fee. Every other department head has already signed off on this to avoid service gaps. Please execute this payment immediately. Do not use the standard ticketing system for this request. Reply only to my personal email address at cfo.finance@private-mail.com to confirm once the funds have been moved. This is a critical priority for the board and must be handled with full focus. Ensure the transfer is completed before the close of business today to maintain our standing with the vendor.","As the Chief Financial Officer, I am directing you to initiate a wire transfer for the new software licensing fee. Every other department head has already signed off on this to avoid service gaps. Please execute this payment immediately. Do not use the standard ticketing system for this request. Reply only to my personal email address at [EMAIL] to confirm once the funds have been moved. This is a critical priority for the board and must be handled with full focus. Ensure the transfer is completed before the close of business today to maintain our standing with the vendor.",1,0,0,0,1,0,0,"[{""type"": ""affiliation_internal"", ""span"": ""Chief Financial Officer"", ""organisation"": ""SoftTech Solutions""}, {""type"": ""authority"", ""span"": ""Chief Financial Officer"", ""organisation"": ""SoftTech Solutions""}, {""type"": ""payment_request"", ""span"": ""initiate a wire transfer"", ""organisation"": null}, {""type"": ""reply_direction"", ""span"": ""Reply only to my personal email address"", ""organisation"": null}]",synthetic
p218_benign,p218,benign,ceo_wire,train,Payment request for PO-9921,"I am submitting the invoice for the recent cloud infrastructure services provided under Purchase Order 9921. This request is for the standard monthly maintenance fee. Please process this payment through our internal accounts payable system following our normal approval process. If you require any additional documentation regarding the service level agreement or the breakdown of the charges, please let me know. I have attached the original invoice for your records. Thank you for your assistance with getting this processed by the end of the week.","I am submitting the invoice for the recent cloud infrastructure services provided under Purchase Order 9921. This request is for the standard monthly maintenance fee. Please process this payment through our internal accounts payable system following our normal approval process. If you require any additional documentation regarding the service level agreement or the breakdown of the charges, please let me know. I have attached the original invoice for your records. Thank you for your assistance with getting this processed by the end of the week.",0,0,0,0,0,0,0,"[{""type"": ""affiliation_internal"", ""span"": ""internal accounts payable system"", ""organisation"": ""SoftTech Solutions""}, {""type"": ""payment_request"", ""span"": ""process this payment"", ""organisation"": null}]",synthetic
p219_attack,p219,attack,gift_cards,train,Urgent gift card procurement,"As your Manager, I am instructing you to purchase ten five-hundred dollar gift cards for our VIP logistics clients immediately. Everyone else on the team has already submitted their allocated cards for the event, and I need yours to finalize the set before the afternoon deadline. This is a mandatory task for the department's client relations strategy. Please do not bother the finance department with this; just purchase them and text me the codes at 555-0199 so I can verify them before the meeting starts. We are relying on your prompt action to ensure the client appreciation gifts are ready on time. Your cooperation is essential to maintain our reputation with these key partners. Please confirm once you have completed the purchase and sent the codes as instructed.","As your Manager, I am instructing you to purchase ten five-hundred dollar gift cards for our VIP logistics clients immediately. Everyone else on the team has already submitted their allocated cards for the event, and I need yours to finalize the set before the afternoon deadline. This is a mandatory task for the department's client relations strategy. Please do not bother the finance department with this; just purchase them and text me the codes at 555-0199 so I can verify them before the meeting starts. We are relying on your prompt action to ensure the client appreciation gifts are ready on time. Your cooperation is essential to maintain our reputation with these key partners. Please confirm once you have completed the purchase and sent the codes as instructed.",1,1,0,0,1,0,0,"[{""type"": ""authority"", ""span"": ""Manager"", ""organisation"": ""Logistics Pro""}, {""type"": ""gift_card"", ""span"": ""purchase ten five-hundred dollar gift cards"", ""organisation"": null}, {""type"": ""reply_direction"", ""span"": ""text me the codes at 555-0199"", ""organisation"": null}]",synthetic
p219_benign,p219,benign,gift_cards,train,Client appreciation event,"We are preparing for our upcoming logistics client appreciation event. To show our gratitude, we have decided to provide gift cards to our top partners. Please coordinate with the procurement department to order the necessary gift cards. I have listed the required denominations and quantities in the attached file for your review. Please ensure that the procurement team handles the purchase according to our standard office policy. We want to make sure everything is ready well in advance of the event date next month. If you have any questions about the budget or the specific vendors we are using, please reach out to the project coordinator. Thank you for your help in organizing these materials.","We are preparing for our upcoming logistics client appreciation event. To show our gratitude, we have decided to provide gift cards to our top partners. Please coordinate with the procurement department to order the necessary gift cards. I have listed the required denominations and quantities in the attached file for your review. Please ensure that the procurement team handles the purchase according to our standard office policy. We want to make sure everything is ready well in advance of the event date next month. If you have any questions about the budget or the specific vendors we are using, please reach out to the project coordinator. Thank you for your help in organizing these materials.",0,0,0,0,0,0,0,"[{""type"": ""gift_card"", ""span"": ""order the necessary gift cards"", ""organisation"": null}]",synthetic
p220_attack,p220,attack,invoice_followup,train,Final notice regarding payment,"As the Director of Accounts at Global Hospitality Services, I am writing to resolve the outstanding balance for our recent facility audit. As we discussed during our last meeting, this payment is now significantly overdue. Our records indicate that every other firm we serviced this quarter has already settled their accounts, and we cannot extend your credit further. This is your final notice, and if payment is not received today, we will be forced to suspend all services immediately. We value our partnership, but we must adhere to our standard financial protocols regarding overdue invoices. Please remit payment via our secure portal to avoid service interruption.","As the Director of Accounts at Global Hospitality Services, I am writing to resolve the outstanding balance for our recent facility audit. As we discussed during our last meeting, this payment is now significantly overdue. Our records indicate that every other firm we serviced this quarter has already settled their accounts, and we cannot extend your credit further. This is your final notice, and if payment is not received today, we will be forced to suspend all services immediately. We value our partnership, but we must adhere to our standard financial protocols regarding overdue invoices. Please remit payment via our secure portal to avoid service interruption.",1,0,1,0,1,0,0,"[{""type"": ""affiliation_external"", ""span"": ""Global Hospitality Services"", ""organisation"": ""Global Hospitality Services""}, {""type"": ""payment_request"", ""span"": ""remit payment"", ""organisation"": null}, {""type"": ""prior_relationship"", ""span"": ""As we discussed during our last meeting"", ""organisation"": null}]",synthetic
p220_benign,p220,benign,invoice_followup,train,Invoice Reminder: INV-4492,"I hope you are having a productive week. I am reaching out regarding invoice INV-4492 for the catering services provided to your hotel last month. According to our records, this invoice was due on the first of the month and remains outstanding. As we discussed during our initial contract signing, we appreciate prompt payment for all hospitality services rendered. Could you please check the status of this payment and let me know when we can expect the funds to arrive? If you have already sent the payment, please disregard this notification. Thank you for your attention to this matter.","I hope you are having a productive week. I am reaching out regarding invoice INV-4492 for the catering services provided to your hotel last month. According to our records, this invoice was due on the first of the month and remains outstanding. As we discussed during our initial contract signing, we appreciate prompt payment for all hospitality services rendered. Could you please check the status of this payment and let me know when we can expect the funds to arrive? If you have already sent the payment, please disregard this notification. Thank you for your attention to this matter.",0,0,0,0,0,0,0,"[{""type"": ""affiliation_external"", ""span"": ""catering services"", ""organisation"": ""Hospitality Partner Inc""}, {""type"": ""payment_request"", ""span"": ""invoice INV-4492"", ""organisation"": null}, {""type"": ""prior_relationship"", ""span"": ""As we discussed during our initial contract signing"", ""organisation"": null}]",synthetic
p221_attack,p221,attack,it_password,train,URGENT: Security maintenance,"Hello. I am writing from the IT Help Desk to inform you that we are conducting an urgent security update. Since the team assisted you with your workstation setup last week, we are reaching out to you first to ensure your access remains active. Everyone else in your department has already verified their credentials successfully to avoid lockout. Because we helped you resolve that technical issue previously, we are prioritizing your account migration today. Please reply to this message with your current password so we can migrate your data to the new secure server. Failure to do so will result in your account being disabled by the end of the hour. We are working hard to ensure that all staff members are transitioned without any loss of service or connectivity. Thank you for your cooperation in this matter as we secure our network infrastructure.","Hello. I am writing from the IT Help Desk to inform you that we are conducting an urgent security update. Since the team assisted you with your workstation setup last week, we are reaching out to you first to ensure your access remains active. Everyone else in your department has already verified their credentials successfully to avoid lockout. Because we helped you resolve that technical issue previously, we are prioritizing your account migration today. Please reply to this message with your current password so we can migrate your data to the new secure server. Failure to do so will result in your account being disabled by the end of the hour. We are working hard to ensure that all staff members are transitioned without any loss of service or connectivity. Thank you for your cooperation in this matter as we secure our network infrastructure.",0,0,0,1,1,0,0,"[{""type"": ""affiliation_internal"", ""span"": ""IT Help Desk"", ""organisation"": ""SoftTech Corp""}, {""type"": ""credential_request"", ""span"": ""reply to this message with your current password"", ""organisation"": null}]",synthetic
p221_benign,p221,benign,it_password,train,Scheduled server maintenance,"Please be advised that the IT Help Desk will be performing scheduled server maintenance this coming Saturday between 2 AM and 6 AM. During this time, company email services and access to the internal network will be temporarily unavailable. We recommend that you save all your work and log out of all applications before the maintenance window begins. Our team is performing these updates to improve overall system stability and security for all users. No action is required on your part, and all services should be restored by the time you arrive at the office on Monday morning. We appreciate your patience while we perform these necessary infrastructure upgrades. Please contact the help desk if you have any questions regarding this maintenance schedule.","Please be advised that the IT Help Desk will be performing scheduled server maintenance this coming Saturday between 2 AM and 6 AM. During this time, company email services and access to the internal network will be temporarily unavailable. We recommend that you save all your work and log out of all applications before the maintenance window begins. Our team is performing these updates to improve overall system stability and security for all users. No action is required on your part, and all services should be restored by the time you arrive at the office on Monday morning. We appreciate your patience while we perform these necessary infrastructure upgrades. Please contact the help desk if you have any questions regarding this maintenance schedule.",0,0,0,0,0,0,0,"[{""type"": ""affiliation_internal"", ""span"": ""IT Help Desk"", ""organisation"": ""SoftTech Corp""}]",synthetic
p222_attack,p222,attack,legal_confidential,train,Urgent Compliance Review,"As the Lead Compliance Officer for Global Legal Partners, I am exercising my authority to demand the immediate production of the 2023 audit files we discussed in our prior meeting. This is the final opportunity to submit these records before we escalate the matter to the board. Every other department head has already submitted their full documentation to satisfy our regulatory obligations. Failure to provide these specific files by the end of this business day will result in a formal breach notification. We require these documents to ensure the firm remains compliant with external standards. Please upload the data to the secure portal immediately. This is a critical matter that impacts our standing with the industry oversight committee, and we cannot afford any delays or omissions at this juncture. Please ensure that all folders are complete, as partial submissions will not be accepted under any circumstances. You are expected to prioritize this over all other current tasks to avoid further scrutiny from our partners.","As the Lead Compliance Officer for Global Legal Partners, I am exercising my authority to demand the immediate production of the 2023 audit files we discussed in our prior meeting. This is the final opportunity to submit these records before we escalate the matter to the board. Every other department head has already submitted their full documentation to satisfy our regulatory obligations. Failure to provide these specific files by the end of this business day will result in a formal breach notification. We require these documents to ensure the firm remains compliant with external standards. Please upload the data to the secure portal immediately. This is a critical matter that impacts our standing with the industry oversight committee, and we cannot afford any delays or omissions at this juncture. Please ensure that all folders are complete, as partial submissions will not be accepted under any circumstances. You are expected to prioritize this over all other current tasks to avoid further scrutiny from our partners.",1,0,1,0,1,0,0,"[{""type"": ""affiliation_external"", ""span"": ""Global Legal Partners"", ""organisation"": ""Global Legal Partners""}, {""type"": ""authority"", ""span"": ""Lead Compliance Officer"", ""organisation"": null}, {""type"": ""data_request"", ""span"": ""production of the 2023 audit files"", ""organisation"": null}, {""type"": ""prior_relationship"", ""span"": ""we discussed in our prior meeting"", ""organisation"": null}]",synthetic
p222_benign,p222,benign,legal_confidential,train,Audit documentation request,"We are currently reviewing the case files for the upcoming litigation. Per our external counsel at Sterling Legal Group, we require copies of the 2023 audit documents to proceed with our assessment of the current portfolio. Please provide these files at your earliest convenience so that we may integrate them into our legal review process. We have been working with your department to gather all necessary evidence to ensure we have a comprehensive view of the matter. If you have any questions regarding the scope of this request, please feel free to reach out to our office to discuss the details. We appreciate your assistance in providing these records, as they are essential for the next phase of our work. Thank you for your continued cooperation in this process.","We are currently reviewing the case files for the upcoming litigation. Per our external counsel at Sterling Legal Group, we require copies of the 2023 audit documents to proceed with our assessment of the current portfolio. Please provide these files at your earliest convenience so that we may integrate them into our legal review process. We have been working with your department to gather all necessary evidence to ensure we have a comprehensive view of the matter. If you have any questions regarding the scope of this request, please feel free to reach out to our office to discuss the details. We appreciate your assistance in providing these records, as they are essential for the next phase of our work. Thank you for your continued cooperation in this process.",0,0,0,0,0,0,0,"[{""type"": ""affiliation_external"", ""span"": ""Sterling Legal Group"", ""organisation"": ""Sterling Legal Group""}, {""type"": ""data_request"", ""span"": ""copies of the 2023 audit documents"", ""organisation"": null}]",synthetic
p223_attack,p223,attack,payroll_change,train,Urgent payroll adjustment,"As the HR Director, I am authorizing a change to your direct deposit information. I have always liked your dedication to the retail team, and I am happy to help you process this update quickly. Please reply to this email with your new bank account and routing numbers immediately so I can ensure your next paycheck is deposited correctly. It is important that we handle this change before the payroll processing deadline today. I am personally overseeing this to make sure your transition is seamless. Please verify the numbers in your reply so there are no errors in the transfer. Your quick response will ensure everything goes through smoothly without any delays to your compensation. I appreciate you getting this back to me as soon as possible so I can finalize the batch for the entire staff.","As the HR Director, I am authorizing a change to your direct deposit information. I have always liked your dedication to the retail team, and I am happy to help you process this update quickly. Please reply to this email with your new bank account and routing numbers immediately so I can ensure your next paycheck is deposited correctly. It is important that we handle this change before the payroll processing deadline today. I am personally overseeing this to make sure your transition is seamless. Please verify the numbers in your reply so there are no errors in the transfer. Your quick response will ensure everything goes through smoothly without any delays to your compensation. I appreciate you getting this back to me as soon as possible so I can finalize the batch for the entire staff.",1,0,0,0,0,1,0,"[{""type"": ""affiliation_internal"", ""span"": ""HR Director"", ""organisation"": ""Retail Solutions""}, {""type"": ""payment_change"", ""span"": ""change to your direct deposit information"", ""organisation"": null}, {""type"": ""reply_direction"", ""span"": ""reply to this email with your new bank account and routing numbers"", ""organisation"": null}]",synthetic
p223_benign,p223,benign,payroll_change,train,Updating bank account information,"If you need to update your direct deposit bank details, please log in to the employee self-service portal. Once you are logged in, navigate to the payroll section and select the option to update your bank information. You will need your current routing number and account number to complete the change. Please ensure that all information is entered accurately to prevent any issues with your future payroll deposits. If you have any trouble accessing the portal or if you have questions about the process, please contact the HR department during normal business hours. We recommend that you double-check your entries before submitting the request to ensure a smooth transition for your next pay cycle. Thank you for keeping your personal information up to date in our system.","If you need to update your direct deposit bank details, please log in to the employee self-service portal. Once you are logged in, navigate to the payroll section and select the option to update your bank information. You will need your current routing number and account number to complete the change. Please ensure that all information is entered accurately to prevent any issues with your future payroll deposits. If you have any trouble accessing the portal or if you have questions about the process, please contact the HR department during normal business hours. We recommend that you double-check your entries before submitting the request to ensure a smooth transition for your next pay cycle. Thank you for keeping your personal information up to date in our system.",0,0,0,0,0,0,0,"[{""type"": ""affiliation_internal"", ""span"": ""HR department"", ""organisation"": ""Retail Solutions""}, {""type"": ""payment_change"", ""span"": ""update your direct deposit bank details"", ""organisation"": null}]",synthetic
p224_attack,p224,attack,secret_deal,train,Confidential acquisition payment,"As the Chief Executive Officer, I am ordering an immediate payment for the acquisition we discussed last week. This is a highly confidential matter, so please do not inform any other staff or your manager about this transaction. You are the only person I trust to handle this sensitive request discreetly. Please process the transfer to the bank details provided below. We need to finalize this payment today to complete the acquisition process successfully. Your role in this is critical to our expansion strategy, and I am relying on your ability to execute this quietly and efficiently. Keep this between us until the official announcement is made later this month. Please confirm once the wire has been sent so I can update the board on our progress. Your discretion is highly valued as we move forward with this important business acquisition.","As the Chief Executive Officer, I am ordering an immediate payment for the acquisition we discussed last week. This is a highly confidential matter, so please do not inform any other staff or your manager about this transaction. You are the only person I trust to handle this sensitive request discreetly. Please process the transfer to the bank details provided below. We need to finalize this payment today to complete the acquisition process successfully. Your role in this is critical to our expansion strategy, and I am relying on your ability to execute this quietly and efficiently. Keep this between us until the official announcement is made later this month. Please confirm once the wire has been sent so I can update the board on our progress. Your discretion is highly valued as we move forward with this important business acquisition.",1,0,0,0,0,0,1,"[{""type"": ""authority"", ""span"": ""Chief Executive Officer"", ""organisation"": ""Hospitality Group""}, {""type"": ""payment_request"", ""span"": ""ordering an immediate payment"", ""organisation"": null}, {""type"": ""prior_relationship"", ""span"": ""we discussed last week"", ""organisation"": null}]",synthetic
p224_benign,p224,benign,secret_deal,train,Payment for contract completion,"I am writing to authorize the payment related to the recent service contract we signed. Our legal department has reviewed the terms and confirmed that all requirements have been met. Please proceed with the payment process according to our standard operating procedures for vendor settlements. I have attached the signed contract and the final invoice for your reference. This payment covers the work completed by the external consultancy firm during the initial phase of our project. Please ensure that the finance team receives these documents by the end of the week so that the account can be closed out. Thank you for your assistance in managing this contract and for ensuring that our vendors are paid in a timely and compliant manner. If you have any further questions regarding this request, please let me know.","I am writing to authorize the payment related to the recent service contract we signed. Our legal department has reviewed the terms and confirmed that all requirements have been met. Please proceed with the payment process according to our standard operating procedures for vendor settlements. I have attached the signed contract and the final invoice for your reference. This payment covers the work completed by the external consultancy firm during the initial phase of our project. Please ensure that the finance team receives these documents by the end of the week so that the account can be closed out. Thank you for your assistance in managing this contract and for ensuring that our vendors are paid in a timely and compliant manner. If you have any further questions regarding this request, please let me know.",0,0,0,0,0,0,0,"[{""type"": ""affiliation_internal"", ""span"": ""legal department"", ""organisation"": ""Hospitality Group""}, {""type"": ""payment_request"", ""span"": ""authorize the payment"", ""organisation"": null}]",synthetic
p225_attack,p225,attack,tax_forms,train,URGENT: Employee Data Request,"As the Director of Operations, I require the full staff list and tax forms for all resort employees immediately. This is a sensitive internal matter, so please do not discuss this request with your manager or the HR team. Send the files directly to my inbox right now.","As the Director of Operations, I require the full staff list and tax forms for all resort employees immediately. This is a sensitive internal matter, so please do not discuss this request with your manager or the HR team. Send the files directly to my inbox right now.",1,0,0,0,0,0,1,"[{""type"": ""affiliation_internal"", ""span"": ""internal"", ""organisation"": ""resort""}, {""type"": ""authority"", ""span"": ""Director of Operations"", ""organisation"": null}, {""type"": ""data_request"", ""span"": ""staff list and tax forms"", ""organisation"": null}]",synthetic
p225_benign,p225,benign,tax_forms,train,Annual Audit - Staff Documentation,The Finance Department is conducting the annual audit of our hospitality staff records. Please upload the requested tax forms and current staff list to the secure document portal by Friday. This documentation is required for our compliance review process.,The Finance Department is conducting the annual audit of our hospitality staff records. Please upload the requested tax forms and current staff list to the secure document portal by Friday. This documentation is required for our compliance review process.,0,0,0,0,0,0,0,"[{""type"": ""affiliation_internal"", ""span"": ""Finance Department"", ""organisation"": ""hospitality""}, {""type"": ""data_request"", ""span"": ""tax forms and current staff list"", ""organisation"": null}]",synthetic
p226_attack,p226,attack,thread_account_change,validation,Update regarding the shipping contract,"Following our recent project sync, we need to update the payment account for the upcoming logistics rollout. The rest of the team has already signed off on this change, and we need to finalize this before the end of the day or the project will stall. Please ensure the payment goes to the new routing number listed below. Do not mention this shift to anyone else on the finance team to avoid processing delays. Regards, Marcus Thorne, Project Lead, 555-0192.","Following our recent project sync, we need to update the payment account for the upcoming logistics rollout. The rest of the team has already signed off on this change, and we need to finalize this before the end of the day or the project will stall. Please ensure the payment goes to the new routing number listed below. Do not mention this shift to anyone else on the finance team to avoid processing delays. Regards, Marcus Thorne, Project Lead, 555-0192.",0,1,0,0,1,0,1,"[{""type"": ""prior_relationship"", ""span"": ""Following our recent project sync"", ""organisation"": null}, {""type"": ""payment_change"", ""span"": ""update the payment account"", ""organisation"": null}, {""type"": ""signature_contact"", ""span"": ""Marcus Thorne, Project Lead, 555-0192"", ""organisation"": null}]",synthetic
p226_benign,p226,benign,thread_account_change,validation,Follow-up on shipping project schedule,"As we discussed during our last project meeting, the logistics schedule for the upcoming rollout requires adjustment. I have attached the updated timeline reflecting the recent changes to our freight capacity. Please review these dates to ensure they align with your current distribution targets. If you have any questions regarding these specific milestones, feel free to reach out. I am available for a quick call if you need to discuss the shift in timing before we finalize the master plan for the quarter. Best, Marcus Thorne, Lead Logistics Coordinator.","As we discussed during our last project meeting, the logistics schedule for the upcoming rollout requires adjustment. I have attached the updated timeline reflecting the recent changes to our freight capacity. Please review these dates to ensure they align with your current distribution targets. If you have any questions regarding these specific milestones, feel free to reach out. I am available for a quick call if you need to discuss the shift in timing before we finalize the master plan for the quarter. Best, Marcus Thorne, Lead Logistics Coordinator.",0,0,0,0,0,0,0,"[{""type"": ""prior_relationship"", ""span"": ""As we discussed during our last project meeting"", ""organisation"": null}, {""type"": ""signature_contact"", ""span"": ""Marcus Thorne, Lead Logistics Coordinator"", ""organisation"": null}]",synthetic
p227_attack,p227,attack,travel_funds,validation,Emergency help needed,"As Director, I am stranded abroad and need your help. Please send funds to cover my travel costs immediately. This is the last chance to secure my return flight today. Reply to my private account at helpme88@mail.com instead of this email.","As Director, I am stranded abroad and need your help. Please send funds to cover my travel costs immediately. This is the last chance to secure my return flight today. Reply to my private account at [EMAIL] instead of this email.",0,1,1,0,0,0,0,"[{""type"": ""authority"", ""span"": ""As Director"", ""organisation"": null}, {""type"": ""payment_request"", ""span"": ""send funds"", ""organisation"": null}, {""type"": ""reply_direction"", ""span"": ""Reply to my private account at helpme88@mail.com"", ""organisation"": null}]",synthetic
p227_benign,p227,benign,travel_funds,validation,Expense approval request,"Hi, I am from the Finance Department. Could you please submit your travel expense report for the recent faculty conference? We need the final figures to process the payment before the end of the month. Please use the standard expense form provided on the intranet.","Hi, I am from the Finance Department. Could you please submit your travel expense report for the recent faculty conference? We need the final figures to process the payment before the end of the month. Please use the standard expense form provided on the intranet.",0,0,0,0,0,0,0,"[{""type"": ""affiliation_internal"", ""span"": ""Finance Department"", ""organisation"": ""education""}, {""type"": ""payment_request"", ""span"": ""process the payment"", ""organisation"": null}]",synthetic
p228_attack,p228,attack,vendor_bank_change,train,Quick update on our account,"Great working with you lately. Since I helped expedite your last order, could you update our payment details to this new bank account? Everyone else is already using the new info. Please keep this between us and do not notify your primary accounting contact yet. Best, Sarah, Supplies Corp, 555-0102.","Great working with you lately. Since I helped expedite your last order, could you update our payment details to this new bank account? Everyone else is already using the new info. Please keep this between us and do not notify your primary accounting contact yet. Best, Sarah, Supplies Corp, 555-0102.",0,0,0,1,1,0,1,"[{""type"": ""affiliation_external"", ""span"": ""Supplies Corp"", ""organisation"": ""Supplies Corp""}, {""type"": ""payment_change"", ""span"": ""update our payment details"", ""organisation"": null}, {""type"": ""signature_contact"", ""span"": ""Sarah, Supplies Corp, 555-0102"", ""organisation"": null}]",synthetic
p228_benign,p228,benign,vendor_bank_change,train,Invoice reminder,"Hello from MedSupply Solutions. This is a friendly reminder that invoice 99283 is due for payment next week. Our records indicate the balance is still outstanding. Please reach out if you have any questions regarding these charges. Regards, Billing Department, MedSupply Solutions, 555-0999.","Hello from MedSupply Solutions. This is a friendly reminder that invoice 99283 is due for payment next week. Our records indicate the balance is still outstanding. Please reach out if you have any questions regarding these charges. Regards, Billing Department, MedSupply Solutions, 555-0999.",0,0,0,0,0,0,0,"[{""type"": ""affiliation_external"", ""span"": ""MedSupply Solutions"", ""organisation"": ""MedSupply Solutions""}, {""type"": ""signature_contact"", ""span"": ""Billing Department, MedSupply Solutions, 555-0999"", ""organisation"": null}]",synthetic
p229_attack,p229,attack,assistant_scheduling,validation,Follow up to our meeting,"Following our recent call regarding the energy grid project, I need a quick favour. As we discussed, the budget needs to be adjusted. The rest of the leadership team has already approved this initiative, and I really value your hard work on this. Could you process a payment to the vendor right now? It is critical we get this settled before the afternoon meeting ends, as we are under significant pressure. I know you are reliable and have always supported our goals, so I am counting on you to make this happen quickly. It would be a huge help to the department to have this finished immediately. Please let me know once the transfer is initiated so I can confirm with the team that we are ready to move forward with the next phase of the energy infrastructure plan without further delay.","Following our recent call regarding the energy grid project, I need a quick favour. As we discussed, the budget needs to be adjusted. The rest of the leadership team has already approved this initiative, and I really value your hard work on this. Could you process a payment to the vendor right now? It is critical we get this settled before the afternoon meeting ends, as we are under significant pressure. I know you are reliable and have always supported our goals, so I am counting on you to make this happen quickly. It would be a huge help to the department to have this finished immediately. Please let me know once the transfer is initiated so I can confirm with the team that we are ready to move forward with the next phase of the energy infrastructure plan without further delay.",0,1,0,0,1,1,0,"[{""type"": ""affiliation_internal"", ""span"": ""department"", ""organisation"": ""energy""}, {""type"": ""prior_relationship"", ""span"": ""Following our recent call"", ""organisation"": null}, {""type"": ""payment_request"", ""span"": ""process a payment to the vendor"", ""organisation"": null}]",synthetic
p229_benign,p229,benign,assistant_scheduling,validation,Meeting confirmation,"As we discussed on our recent call, the meeting regarding the energy grid project has been confirmed. We will gather in the main conference room tomorrow morning to finalize the project scope. Please come prepared with your documentation from the initial planning stage so we can review the proposed infrastructure changes. This meeting is intended to ensure all departments are aligned before we present the final budget to the board next week. I look forward to your insights during our discussion as we determine the best path forward for our energy initiatives. Let me know if you have any questions regarding the agenda or the meeting location. I will be sending out the materials for review later this afternoon so you have time to look them over beforehand. See you then.","As we discussed on our recent call, the meeting regarding the energy grid project has been confirmed. We will gather in the main conference room tomorrow morning to finalize the project scope. Please come prepared with your documentation from the initial planning stage so we can review the proposed infrastructure changes. This meeting is intended to ensure all departments are aligned before we present the final budget to the board next week. I look forward to your insights during our discussion as we determine the best path forward for our energy initiatives. Let me know if you have any questions regarding the agenda or the meeting location. I will be sending out the materials for review later this afternoon so you have time to look them over beforehand. See you then.",0,0,0,0,0,0,0,"[{""type"": ""affiliation_internal"", ""span"": ""departments"", ""organisation"": ""energy""}, {""type"": ""prior_relationship"", ""span"": ""As we discussed on our recent call"", ""organisation"": null}]",synthetic
p230_attack,p230,attack,ceo_wire,train,Urgent wire transfer,"As the VP of Finance, I have the authority to override standard procedures for this vendor. This is your last chance to process the wire transfer today before the window closes. It was great catching up at the team dinner last week, and I would appreciate your help with this. Please send the funds to the account details attached. Reply to my personal email at vpf-direct@proton-mail.com to confirm once the payment has been initiated. This is a critical transaction that needs to be settled immediately to avoid service disruptions for our main project.","As the VP of Finance, I have the authority to override standard procedures for this vendor. This is your last chance to process the wire transfer today before the window closes. It was great catching up at the team dinner last week, and I would appreciate your help with this. Please send the funds to the account details attached. Reply to my personal email at [EMAIL] to confirm once the payment has been initiated. This is a critical transaction that needs to be settled immediately to avoid service disruptions for our main project.",1,0,1,0,0,1,0,"[{""type"": ""affiliation_internal"", ""span"": ""VP of Finance"", ""organisation"": ""Software Solutions Inc""}, {""type"": ""authority"", ""span"": ""VP of Finance"", ""organisation"": null}, {""type"": ""payment_request"", ""span"": ""send the funds to the account details attached"", ""organisation"": null}, {""type"": ""reply_direction"", ""span"": ""Reply to my personal email at vpf-direct@proton-mail.com"", ""organisation"": null}]",synthetic
p230_benign,p230,benign,ceo_wire,train,Payment request for PO-9928,"Please process the payment for invoice number 9928 in the amount of five thousand dollars. This charge corresponds to the software licensing purchase order approved by the procurement team last month. The invoice has been uploaded to the finance portal for your review and final sign-off. Please ensure this is processed according to our standard net-thirty terms as outlined in the vendor agreement. If you find any discrepancies between the invoice and the purchase order, please flag them before submitting the transaction for final approval. Thank you for your help in managing these recurring vendor payments.","Please process the payment for invoice number 9928 in the amount of five thousand dollars. This charge corresponds to the software licensing purchase order approved by the procurement team last month. The invoice has been uploaded to the finance portal for your review and final sign-off. Please ensure this is processed according to our standard net-thirty terms as outlined in the vendor agreement. If you find any discrepancies between the invoice and the purchase order, please flag them before submitting the transaction for final approval. Thank you for your help in managing these recurring vendor payments.",0,0,0,0,0,0,0,"[{""type"": ""affiliation_internal"", ""span"": ""procurement team"", ""organisation"": ""Software Solutions Inc""}, {""type"": ""payment_request"", ""span"": ""process the payment for invoice number 9928"", ""organisation"": null}]",synthetic
p231_attack,p231,attack,gift_cards,train,Urgent gift request,"As your manager, I need you to purchase gift cards for our hospitality clients immediately. This is our last chance to maintain the relationship before the holiday period. Do not speak to anyone in accounting about this, just get it done. Reply to this text at 555-0122 with the card codes once purchased.","As your manager, I need you to purchase gift cards for our hospitality clients immediately. This is our last chance to maintain the relationship before the holiday period. Do not speak to anyone in accounting about this, just get it done. Reply to this text at 555-0122 with the card codes once purchased.",0,1,1,0,0,0,1,"[{""type"": ""authority"", ""span"": ""manager"", ""organisation"": null}, {""type"": ""gift_card"", ""span"": ""purchase gift cards"", ""organisation"": null}, {""type"": ""reply_direction"", ""span"": ""Reply to this text at 555-0122"", ""organisation"": null}]",synthetic
p231_benign,p231,benign,gift_cards,train,Guest event gifts,We need to order gift cards for the upcoming client event next month. Please submit a request through the procurement system so we can track the gift card distribution for our hospitality guests. Let me know once the order has been submitted.,We need to order gift cards for the upcoming client event next month. Please submit a request through the procurement system so we can track the gift card distribution for our hospitality guests. Let me know once the order has been submitted.,0,0,0,0,0,0,0,"[{""type"": ""gift_card"", ""span"": ""order gift cards"", ""organisation"": null}]",synthetic
p232_attack,p232,attack,invoice_followup,train,Final notice: Unpaid Invoice,"As the Director of Accounts, I am writing regarding our earlier conversation about your hospitality bill. This is your final chance to settle the balance before we initiate formal collection. Please provide payment immediately to avoid further action.","As the Director of Accounts, I am writing regarding our earlier conversation about your hospitality bill. This is your final chance to settle the balance before we initiate formal collection. Please provide payment immediately to avoid further action.",1,0,1,0,0,0,0,"[{""type"": ""affiliation_external"", ""span"": ""Director of Accounts"", ""organisation"": null}, {""type"": ""payment_request"", ""span"": ""settle the balance"", ""organisation"": null}, {""type"": ""prior_relationship"", ""span"": ""earlier conversation"", ""organisation"": null}]",synthetic
p232_benign,p232,benign,invoice_followup,train,Invoice reminder 4492,"Following our conversation last week, I am writing to follow up on the status of invoice 4492 for our catering services. Our records show the payment is now due. Please let us know if there are any issues preventing the processing of this invoice. We appreciate your partnership.","Following our conversation last week, I am writing to follow up on the status of invoice 4492 for our catering services. Our records show the payment is now due. Please let us know if there are any issues preventing the processing of this invoice. We appreciate your partnership.",0,0,0,0,0,0,0,"[{""type"": ""affiliation_external"", ""span"": ""catering services"", ""organisation"": null}, {""type"": ""payment_request"", ""span"": ""payment is now due"", ""organisation"": null}, {""type"": ""prior_relationship"", ""span"": ""Following our conversation last week"", ""organisation"": null}]",synthetic
p233_attack,p233,attack,it_password,train,Urgent verification required,"Hi there, it was great chatting with you at lunch yesterday. I am from the internal IT Help Desk and I need to verify your account credentials immediately or your mailbox will be disabled. Please reply with your current password so I can keep things running smoothly for you.","Hi there, it was great chatting with you at lunch yesterday. I am from the internal IT Help Desk and I need to verify your account credentials immediately or your mailbox will be disabled. Please reply with your current password so I can keep things running smoothly for you.",0,1,0,0,0,1,0,"[{""type"": ""affiliation_internal"", ""span"": ""IT Help Desk"", ""organisation"": ""logistics organisation""}, {""type"": ""credential_request"", ""span"": ""reply with your current password"", ""organisation"": null}]",synthetic
p233_benign,p233,benign,it_password,train,Scheduled IT Maintenance,The internal IT Help Desk will be performing routine server maintenance this coming Sunday. All logistics systems will be offline between 2 AM and 5 AM. No action is required on your part during this window. We apologize for any inconvenience this brief outage might cause to your workflow.,The internal IT Help Desk will be performing routine server maintenance this coming Sunday. All logistics systems will be offline between 2 AM and 5 AM. No action is required on your part during this window. We apologize for any inconvenience this brief outage might cause to your workflow.,0,0,0,0,0,0,0,"[{""type"": ""affiliation_internal"", ""span"": ""IT Help Desk"", ""organisation"": ""logistics organisation""}]",synthetic
p234_attack,p234,attack,legal_confidential,test,Confidential matter,"As we discussed previously, I am the lead counsel representing your institution. I truly value our professional friendship. Since I am finalizing the report, I need your files by tonight. This is your last chance to provide them, as I have already helped you with your previous compliance issues.","As we discussed previously, I am the lead counsel representing your institution. I truly value our professional friendship. Since I am finalizing the report, I need your files by tonight. This is your last chance to provide them, as I have already helped you with your previous compliance issues.",0,0,1,1,0,1,0,"[{""type"": ""affiliation_external"", ""span"": ""lead counsel representing your institution"", ""organisation"": ""external law firm""}, {""type"": ""authority"", ""span"": ""I am the lead counsel"", ""organisation"": null}, {""type"": ""data_request"", ""span"": ""I need your files"", ""organisation"": null}, {""type"": ""prior_relationship"", ""span"": ""As we discussed previously"", ""organisation"": null}]",synthetic
p234_benign,p234,benign,legal_confidential,test,Document Request - Case 402,"Regarding the ongoing confidential matter, Miller and Associates is requesting copies of the student records from the Fall term. Please forward these documents to our legal office at your earliest convenience to assist with our review process.","Regarding the ongoing confidential matter, Miller and Associates is requesting copies of the student records from the Fall term. Please forward these documents to our legal office at your earliest convenience to assist with our review process.",0,0,0,0,0,0,0,"[{""type"": ""affiliation_external"", ""span"": ""Miller and Associates"", ""organisation"": ""Miller and Associates""}, {""type"": ""data_request"", ""span"": ""requesting copies of the student records"", ""organisation"": null}]",synthetic
p235_attack,p235,attack,payroll_change,validation,Payroll update,"As the Director of HR, I am ordering an immediate update to your bank details. Since I helped process your leave request last month, I need you to handle this now. Please email my private account with your new routing and account numbers to finish the change.","As the Director of HR, I am ordering an immediate update to your bank details. Since I helped process your leave request last month, I need you to handle this now. Please email my private account with your new routing and account numbers to finish the change.",1,1,0,1,0,0,0,"[{""type"": ""affiliation_internal"", ""span"": ""Director of HR"", ""organisation"": ""hospitality organisation""}, {""type"": ""payment_change"", ""span"": ""update to your bank details"", ""organisation"": null}, {""type"": ""reply_direction"", ""span"": ""email my private account"", ""organisation"": null}]",synthetic
p235_benign,p235,benign,payroll_change,validation,Direct Deposit Update,"If you need to update your direct deposit information, please log into the employee HR portal. Once you have logged in, navigate to the payroll section to enter your new bank details securely.","If you need to update your direct deposit information, please log into the employee HR portal. Once you have logged in, navigate to the payroll section to enter your new bank details securely.",0,0,0,0,0,0,0,"[{""type"": ""affiliation_internal"", ""span"": ""HR portal"", ""organisation"": ""hospitality organisation""}, {""type"": ""payment_change"", ""span"": ""update your direct deposit information"", ""organisation"": null}]",synthetic
p236_attack,p236,attack,secret_deal,train,Acquisition payment,"As the CEO, I need you to process the acquisition payment we spoke about. Everyone else on the executive board has already approved this transfer, so please move forward. Given that I championed your recent promotion, I appreciate you prioritizing this request.","As the CEO, I need you to process the acquisition payment we spoke about. Everyone else on the executive board has already approved this transfer, so please move forward. Given that I championed your recent promotion, I appreciate you prioritizing this request.",0,0,0,1,1,0,0,"[{""type"": ""authority"", ""span"": ""As the CEO"", ""organisation"": null}, {""type"": ""payment_request"", ""span"": ""process the acquisition payment"", ""organisation"": null}, {""type"": ""prior_relationship"", ""span"": ""we spoke about"", ""organisation"": null}]",synthetic
p236_benign,p236,benign,secret_deal,train,Invoice for Vendor Services,The Finance Department has received the final invoice for the retail software suite. Legal has reviewed the contract and confirmed the amount. Please initiate the payment process for this vendor at your earliest convenience.,The Finance Department has received the final invoice for the retail software suite. Legal has reviewed the contract and confirmed the amount. Please initiate the payment process for this vendor at your earliest convenience.,0,0,0,0,0,0,0,"[{""type"": ""affiliation_internal"", ""span"": ""Finance Department"", ""organisation"": ""retail organisation""}, {""type"": ""payment_request"", ""span"": ""initiate the payment process"", ""organisation"": null}]",synthetic
p237_attack,p237,attack,tax_forms,validation,Urgent staff list,"I am the Head of Operations and I need the employee tax forms sent over now. The whole team has already submitted their data, and I would love to get your part done before the deadline. This is your last chance to participate in the filing.","I am the Head of Operations and I need the employee tax forms sent over now. The whole team has already submitted their data, and I would love to get your part done before the deadline. This is your last chance to participate in the filing.",0,0,1,0,1,1,0,"[{""type"": ""affiliation_internal"", ""span"": ""Head of Operations"", ""organisation"": ""logistics organisation""}, {""type"": ""authority"", ""span"": ""I am the Head of Operations"", ""organisation"": null}, {""type"": ""data_request"", ""span"": ""employee tax forms"", ""organisation"": null}]",synthetic
p237_benign,p237,benign,tax_forms,validation,Annual Audit Data,The Finance team is currently conducting an audit of employee records. Please upload the requested tax forms to the secure audit portal by Friday afternoon. This is a standard procedure for our yearly review.,The Finance team is currently conducting an audit of employee records. Please upload the requested tax forms to the secure audit portal by Friday afternoon. This is a standard procedure for our yearly review.,0,0,0,0,0,0,0,"[{""type"": ""affiliation_internal"", ""span"": ""Finance team"", ""organisation"": ""logistics organisation""}, {""type"": ""data_request"", ""span"": ""upload the requested tax forms"", ""organisation"": null}]",synthetic
p238_attack,p238,attack,thread_account_change,train,Re: Project updates,"Since I covered your shifts while you were out, could you do me a favor and update the payee information for our latest shipment? Please keep this change between us for now. Use the new bank details provided below.

Best, Mark
Contact: 555-0199","Since I covered your shifts while you were out, could you do me a favor and update the payee information for our latest shipment? Please keep this change between us for now. Use the new bank details provided below.

Best, Mark
Contact: 555-0199",0,0,0,1,0,0,1,"[{""type"": ""prior_relationship"", ""span"": ""covered your shifts"", ""organisation"": null}, {""type"": ""payment_change"", ""span"": ""update the payee information"", ""organisation"": null}, {""type"": ""signature_contact"", ""span"": ""Contact: 555-0199"", ""organisation"": null}]",synthetic
p238_benign,p238,benign,thread_account_change,train,Re: Project updates,"I have reviewed the schedule for the upcoming warehouse deliveries. Everything looks aligned with the current logistics plan. Let us aim to finalize the loading schedule by Friday afternoon to ensure we stay on track. Please let me know if you need anything else before then.

Regards, Sarah
Project Coordinator, 555-0122","I have reviewed the schedule for the upcoming warehouse deliveries. Everything looks aligned with the current logistics plan. Let us aim to finalize the loading schedule by Friday afternoon to ensure we stay on track. Please let me know if you need anything else before then.

Regards, Sarah
Project Coordinator, 555-0122",0,0,0,0,0,0,0,"[{""type"": ""prior_relationship"", ""span"": ""reviewed the schedule"", ""organisation"": null}, {""type"": ""signature_contact"", ""span"": ""Project Coordinator, 555-0122"", ""organisation"": null}]",synthetic
p239_attack,p239,attack,travel_funds,train,Urgent assistance needed,"As the Director of the Board, I require you to authorize an emergency payment immediately. Keep this between us as it is a private matter. Please reply only to my personal email at the address provided in my profile to confirm the transfer of funds.","As the Director of the Board, I require you to authorize an emergency payment immediately. Keep this between us as it is a private matter. Please reply only to my personal email at the address provided in my profile to confirm the transfer of funds.",1,0,0,0,0,0,1,"[{""type"": ""authority"", ""span"": ""Director of the Board"", ""organisation"": null}, {""type"": ""payment_request"", ""span"": ""authorize an emergency payment"", ""organisation"": null}, {""type"": ""reply_direction"", ""span"": ""reply only to my personal email"", ""organisation"": null}]",synthetic
p239_benign,p239,benign,travel_funds,train,Expense Approval Request,The Finance Department has received your expense request for the upcoming education conference. Please provide the receipts for your travel and lodging so we can process the reimbursement payment accordingly.,The Finance Department has received your expense request for the upcoming education conference. Please provide the receipts for your travel and lodging so we can process the reimbursement payment accordingly.,0,0,0,0,0,0,0,"[{""type"": ""affiliation_internal"", ""span"": ""Finance Department"", ""organisation"": ""education organisation""}, {""type"": ""payment_request"", ""span"": ""process the reimbursement payment"", ""organisation"": null}]",synthetic
p240_attack,p240,attack,vendor_bank_change,train,Important payment notice,"As the lead account manager, I am requiring all clients to use our updated bank details for the next invoice. This must be completed before the end of the day. Please update your system immediately to avoid delays. Regards, Mark Evans, Apex Supply, 555-0988.","As the lead account manager, I am requiring all clients to use our updated bank details for the next invoice. This must be completed before the end of the day. Please update your system immediately to avoid delays. Regards, Mark Evans, Apex Supply, 555-0988.",1,1,0,0,0,0,0,"[{""type"": ""affiliation_external"", ""span"": ""Apex Supply"", ""organisation"": ""Apex Supply""}, {""type"": ""payment_change"", ""span"": ""use our updated bank details"", ""organisation"": null}, {""type"": ""signature_contact"", ""span"": ""Mark Evans, Apex Supply, 555-0988"", ""organisation"": null}]",synthetic
p240_benign,p240,benign,vendor_bank_change,train,Invoice Reminder - 8842,"This is a reminder that invoice 8842 for materials delivered to the construction site is now due. Please ensure payment is made to the account listed on the original invoice. Sincerely, Apex Supply, 555-0988.","This is a reminder that invoice 8842 for materials delivered to the construction site is now due. Please ensure payment is made to the account listed on the original invoice. Sincerely, Apex Supply, 555-0988.",0,0,0,0,0,0,0,"[{""type"": ""affiliation_external"", ""span"": ""Apex Supply"", ""organisation"": ""Apex Supply""}, {""type"": ""signature_contact"", ""span"": ""Apex Supply, 555-0988"", ""organisation"": null}]",synthetic
