case_id,thread,source,split,variant,label,index
apache_005c4cb5b58a|neg_real,apache_005c4cb5b58a,apache,train,neg_real,0,2
apache_005c4cb5b58a|neg_synth,apache_005c4cb5b58a,apache,train,neg_synth,0,2
apache_005c4cb5b58a|A,apache_005c4cb5b58a,apache,train,A,1,2
apache_005c4cb5b58a|C,apache_005c4cb5b58a,apache,train,C,1,2
apache_017fe9c7feb8|neg_real,apache_017fe9c7feb8,apache,validation,neg_real,0,8
apache_017fe9c7feb8|neg_synth,apache_017fe9c7feb8,apache,validation,neg_synth,0,8
apache_017fe9c7feb8|A,apache_017fe9c7feb8,apache,validation,A,1,8
apache_017fe9c7feb8|C,apache_017fe9c7feb8,apache,validation,C,1,8
apache_01b5441d1c55|neg_real,apache_01b5441d1c55,apache,train,neg_real,0,8
apache_01b5441d1c55|neg_synth,apache_01b5441d1c55,apache,train,neg_synth,0,8
apache_01b5441d1c55|A,apache_01b5441d1c55,apache,train,A,1,8
apache_01b5441d1c55|B,apache_01b5441d1c55,apache,train,B,1,8
apache_01b5441d1c55|C,apache_01b5441d1c55,apache,train,C,1,8
apache_0394f76d564e|neg_real,apache_0394f76d564e,apache,validation,neg_real,0,9
apache_0394f76d564e|neg_synth,apache_0394f76d564e,apache,validation,neg_synth,0,9
apache_0394f76d564e|A,apache_0394f76d564e,apache,validation,A,1,9
apache_0394f76d564e|C,apache_0394f76d564e,apache,validation,C,1,9
apache_06763fd01427|neg_real,apache_06763fd01427,apache,train,neg_real,0,3
apache_06763fd01427|neg_synth,apache_06763fd01427,apache,train,neg_synth,0,3
apache_06763fd01427|A,apache_06763fd01427,apache,train,A,1,3
apache_06763fd01427|B,apache_06763fd01427,apache,train,B,1,3
apache_06763fd01427|C,apache_06763fd01427,apache,train,C,1,3
apache_06e1674aa94a|neg_real,apache_06e1674aa94a,apache,train,neg_real,0,4
apache_06e1674aa94a|neg_synth,apache_06e1674aa94a,apache,train,neg_synth,0,4
apache_06e1674aa94a|A,apache_06e1674aa94a,apache,train,A,1,4
apache_06e1674aa94a|B,apache_06e1674aa94a,apache,train,B,1,4
apache_06e1674aa94a|C,apache_06e1674aa94a,apache,train,C,1,4
apache_070e86f8ad15|neg_real,apache_070e86f8ad15,apache,train,neg_real,0,2
apache_070e86f8ad15|neg_synth,apache_070e86f8ad15,apache,train,neg_synth,0,2
apache_070e86f8ad15|A,apache_070e86f8ad15,apache,train,A,1,2
apache_070e86f8ad15|B,apache_070e86f8ad15,apache,train,B,1,2
apache_070e86f8ad15|C,apache_070e86f8ad15,apache,train,C,1,2
apache_0763bd2eac80|neg_real,apache_0763bd2eac80,apache,train,neg_real,0,5
apache_0763bd2eac80|neg_synth,apache_0763bd2eac80,apache,train,neg_synth,0,5
apache_0763bd2eac80|A,apache_0763bd2eac80,apache,train,A,1,5
apache_0763bd2eac80|B,apache_0763bd2eac80,apache,train,B,1,5
apache_0763bd2eac80|C,apache_0763bd2eac80,apache,train,C,1,5
apache_09214f9f5983|neg_real,apache_09214f9f5983,apache,validation,neg_real,0,2
apache_09214f9f5983|neg_synth,apache_09214f9f5983,apache,validation,neg_synth,0,2
apache_09214f9f5983|A,apache_09214f9f5983,apache,validation,A,1,2
apache_09214f9f5983|C,apache_09214f9f5983,apache,validation,C,1,2
apache_09474b367c14|neg_real,apache_09474b367c14,apache,validation,neg_real,0,3
apache_09474b367c14|neg_synth,apache_09474b367c14,apache,validation,neg_synth,0,3
apache_09474b367c14|A,apache_09474b367c14,apache,validation,A,1,3
apache_09474b367c14|B,apache_09474b367c14,apache,validation,B,1,3
apache_09474b367c14|C,apache_09474b367c14,apache,validation,C,1,3
apache_09722880f059|neg_real,apache_09722880f059,apache,train,neg_real,0,2
apache_09722880f059|neg_synth,apache_09722880f059,apache,train,neg_synth,0,2
apache_09722880f059|A,apache_09722880f059,apache,train,A,1,2
apache_09722880f059|C,apache_09722880f059,apache,train,C,1,2
apache_0aa677348268|neg_real,apache_0aa677348268,apache,train,neg_real,0,14
apache_0aa677348268|neg_synth,apache_0aa677348268,apache,train,neg_synth,0,14
apache_0aa677348268|A,apache_0aa677348268,apache,train,A,1,14
apache_0aa677348268|B,apache_0aa677348268,apache,train,B,1,14
apache_0aa677348268|C,apache_0aa677348268,apache,train,C,1,14
apache_0d70f9d82af8|neg_real,apache_0d70f9d82af8,apache,train,neg_real,0,3
apache_0d70f9d82af8|neg_synth,apache_0d70f9d82af8,apache,train,neg_synth,0,3
apache_0d70f9d82af8|A,apache_0d70f9d82af8,apache,train,A,1,3
apache_0d70f9d82af8|C,apache_0d70f9d82af8,apache,train,C,1,3
apache_0ebf69441e85|neg_real,apache_0ebf69441e85,apache,test,neg_real,0,3
apache_0ebf69441e85|neg_synth,apache_0ebf69441e85,apache,test,neg_synth,0,3
apache_0ebf69441e85|A,apache_0ebf69441e85,apache,test,A,1,3
apache_0ebf69441e85|B,apache_0ebf69441e85,apache,test,B,1,3
apache_0ebf69441e85|C,apache_0ebf69441e85,apache,test,C,1,3
apache_100df5e1fec3|neg_real,apache_100df5e1fec3,apache,train,neg_real,0,6
apache_100df5e1fec3|neg_synth,apache_100df5e1fec3,apache,train,neg_synth,0,6
apache_100df5e1fec3|A,apache_100df5e1fec3,apache,train,A,1,6
apache_100df5e1fec3|B,apache_100df5e1fec3,apache,train,B,1,6
apache_100df5e1fec3|C,apache_100df5e1fec3,apache,train,C,1,6
apache_12a04f17d4d6|neg_real,apache_12a04f17d4d6,apache,train,neg_real,0,2
apache_12a04f17d4d6|neg_synth,apache_12a04f17d4d6,apache,train,neg_synth,0,2
apache_12a04f17d4d6|A,apache_12a04f17d4d6,apache,train,A,1,2
apache_12a04f17d4d6|C,apache_12a04f17d4d6,apache,train,C,1,2
apache_142fb1eedce3|neg_real,apache_142fb1eedce3,apache,test,neg_real,0,3
apache_142fb1eedce3|neg_synth,apache_142fb1eedce3,apache,test,neg_synth,0,3
apache_142fb1eedce3|A,apache_142fb1eedce3,apache,test,A,1,3
apache_142fb1eedce3|B,apache_142fb1eedce3,apache,test,B,1,3
apache_142fb1eedce3|C,apache_142fb1eedce3,apache,test,C,1,3
apache_15a74bf2bd7f|neg_real,apache_15a74bf2bd7f,apache,test,neg_real,0,4
apache_15a74bf2bd7f|neg_synth,apache_15a74bf2bd7f,apache,test,neg_synth,0,4
apache_15a74bf2bd7f|A,apache_15a74bf2bd7f,apache,test,A,1,4
apache_15a74bf2bd7f|B,apache_15a74bf2bd7f,apache,test,B,1,4
apache_15a74bf2bd7f|C,apache_15a74bf2bd7f,apache,test,C,1,4
apache_178368b1dc5e|neg_real,apache_178368b1dc5e,apache,train,neg_real,0,5
apache_178368b1dc5e|neg_synth,apache_178368b1dc5e,apache,train,neg_synth,0,5
apache_178368b1dc5e|A,apache_178368b1dc5e,apache,train,A,1,5
apache_178368b1dc5e|B,apache_178368b1dc5e,apache,train,B,1,5
apache_178368b1dc5e|C,apache_178368b1dc5e,apache,train,C,1,5
apache_17ba1c921f94|neg_real,apache_17ba1c921f94,apache,train,neg_real,0,3
apache_17ba1c921f94|neg_synth,apache_17ba1c921f94,apache,train,neg_synth,0,3
apache_17ba1c921f94|A,apache_17ba1c921f94,apache,train,A,1,3
apache_17ba1c921f94|B,apache_17ba1c921f94,apache,train,B,1,3
apache_17ba1c921f94|C,apache_17ba1c921f94,apache,train,C,1,3
apache_18a4f6611125|neg_real,apache_18a4f6611125,apache,train,neg_real,0,2
apache_18a4f6611125|neg_synth,apache_18a4f6611125,apache,train,neg_synth,0,2
apache_18a4f6611125|A,apache_18a4f6611125,apache,train,A,1,2
apache_18a4f6611125|B,apache_18a4f6611125,apache,train,B,1,2
apache_18a4f6611125|C,apache_18a4f6611125,apache,train,C,1,2
apache_191dbf980f0e|neg_real,apache_191dbf980f0e,apache,train,neg_real,0,9
apache_191dbf980f0e|neg_synth,apache_191dbf980f0e,apache,train,neg_synth,0,9
apache_191dbf980f0e|A,apache_191dbf980f0e,apache,train,A,1,9
apache_191dbf980f0e|B,apache_191dbf980f0e,apache,train,B,1,9
apache_191dbf980f0e|C,apache_191dbf980f0e,apache,train,C,1,9
apache_1b4d1b74fb95|neg_real,apache_1b4d1b74fb95,apache,train,neg_real,0,8
apache_1b4d1b74fb95|neg_synth,apache_1b4d1b74fb95,apache,train,neg_synth,0,8
apache_1b4d1b74fb95|A,apache_1b4d1b74fb95,apache,train,A,1,8
apache_1b4d1b74fb95|B,apache_1b4d1b74fb95,apache,train,B,1,8
apache_1b4d1b74fb95|C,apache_1b4d1b74fb95,apache,train,C,1,8
apache_1bad97876a7c|neg_real,apache_1bad97876a7c,apache,train,neg_real,0,3
apache_1bad97876a7c|neg_synth,apache_1bad97876a7c,apache,train,neg_synth,0,3
apache_1bad97876a7c|A,apache_1bad97876a7c,apache,train,A,1,3
apache_1bad97876a7c|B,apache_1bad97876a7c,apache,train,B,1,3
apache_1bad97876a7c|C,apache_1bad97876a7c,apache,train,C,1,3
apache_1dd4bb717fc8|neg_real,apache_1dd4bb717fc8,apache,train,neg_real,0,7
apache_1dd4bb717fc8|neg_synth,apache_1dd4bb717fc8,apache,train,neg_synth,0,7
apache_1dd4bb717fc8|A,apache_1dd4bb717fc8,apache,train,A,1,7
apache_1dd4bb717fc8|B,apache_1dd4bb717fc8,apache,train,B,1,7
apache_1dd4bb717fc8|C,apache_1dd4bb717fc8,apache,train,C,1,7
apache_1e4401fc4044|neg_real,apache_1e4401fc4044,apache,train,neg_real,0,3
apache_1e4401fc4044|neg_synth,apache_1e4401fc4044,apache,train,neg_synth,0,3
apache_1e4401fc4044|A,apache_1e4401fc4044,apache,train,A,1,3
apache_1e4401fc4044|C,apache_1e4401fc4044,apache,train,C,1,3
apache_1ee235e672e1|neg_real,apache_1ee235e672e1,apache,train,neg_real,0,3
apache_1ee235e672e1|neg_synth,apache_1ee235e672e1,apache,train,neg_synth,0,3
apache_1ee235e672e1|A,apache_1ee235e672e1,apache,train,A,1,3
apache_1ee235e672e1|C,apache_1ee235e672e1,apache,train,C,1,3
apache_1f116db27824|neg_real,apache_1f116db27824,apache,train,neg_real,0,2
apache_1f116db27824|neg_synth,apache_1f116db27824,apache,train,neg_synth,0,2
apache_1f116db27824|A,apache_1f116db27824,apache,train,A,1,2
apache_1f116db27824|C,apache_1f116db27824,apache,train,C,1,2
apache_1f789e088892|neg_real,apache_1f789e088892,apache,train,neg_real,0,3
apache_1f789e088892|neg_synth,apache_1f789e088892,apache,train,neg_synth,0,3
apache_1f789e088892|A,apache_1f789e088892,apache,train,A,1,3
apache_1f789e088892|B,apache_1f789e088892,apache,train,B,1,3
apache_1f789e088892|C,apache_1f789e088892,apache,train,C,1,3
apache_208725171dfb|neg_real,apache_208725171dfb,apache,train,neg_real,0,2
apache_208725171dfb|neg_synth,apache_208725171dfb,apache,train,neg_synth,0,2
apache_208725171dfb|A,apache_208725171dfb,apache,train,A,1,2
apache_208725171dfb|B,apache_208725171dfb,apache,train,B,1,2
apache_208725171dfb|C,apache_208725171dfb,apache,train,C,1,2
apache_20da4682b6ea|neg_real,apache_20da4682b6ea,apache,train,neg_real,0,3
apache_20da4682b6ea|neg_synth,apache_20da4682b6ea,apache,train,neg_synth,0,3
apache_20da4682b6ea|A,apache_20da4682b6ea,apache,train,A,1,3
apache_20da4682b6ea|B,apache_20da4682b6ea,apache,train,B,1,3
apache_20da4682b6ea|C,apache_20da4682b6ea,apache,train,C,1,3
apache_2264817c56dc|neg_real,apache_2264817c56dc,apache,train,neg_real,0,6
apache_2264817c56dc|neg_synth,apache_2264817c56dc,apache,train,neg_synth,0,6
apache_2264817c56dc|A,apache_2264817c56dc,apache,train,A,1,6
apache_2264817c56dc|B,apache_2264817c56dc,apache,train,B,1,6
apache_2264817c56dc|C,apache_2264817c56dc,apache,train,C,1,6
apache_26f954d43124|neg_real,apache_26f954d43124,apache,validation,neg_real,0,2
apache_26f954d43124|neg_synth,apache_26f954d43124,apache,validation,neg_synth,0,2
apache_26f954d43124|A,apache_26f954d43124,apache,validation,A,1,2
apache_26f954d43124|B,apache_26f954d43124,apache,validation,B,1,2
apache_26f954d43124|C,apache_26f954d43124,apache,validation,C,1,2
apache_28952f7b8d96|neg_real,apache_28952f7b8d96,apache,train,neg_real,0,3
apache_28952f7b8d96|neg_synth,apache_28952f7b8d96,apache,train,neg_synth,0,3
apache_28952f7b8d96|A,apache_28952f7b8d96,apache,train,A,1,3
apache_28952f7b8d96|B,apache_28952f7b8d96,apache,train,B,1,3
apache_28952f7b8d96|C,apache_28952f7b8d96,apache,train,C,1,3
apache_28fbd0e89643|neg_real,apache_28fbd0e89643,apache,train,neg_real,0,2
apache_28fbd0e89643|neg_synth,apache_28fbd0e89643,apache,train,neg_synth,0,2
apache_28fbd0e89643|A,apache_28fbd0e89643,apache,train,A,1,2
apache_28fbd0e89643|B,apache_28fbd0e89643,apache,train,B,1,2
apache_28fbd0e89643|C,apache_28fbd0e89643,apache,train,C,1,2
apache_291013a15228|neg_real,apache_291013a15228,apache,train,neg_real,0,2
apache_291013a15228|neg_synth,apache_291013a15228,apache,train,neg_synth,0,2
apache_291013a15228|A,apache_291013a15228,apache,train,A,1,2
apache_291013a15228|B,apache_291013a15228,apache,train,B,1,2
apache_291013a15228|C,apache_291013a15228,apache,train,C,1,2
apache_2cf159a14495|neg_real,apache_2cf159a14495,apache,train,neg_real,0,3
apache_2cf159a14495|neg_synth,apache_2cf159a14495,apache,train,neg_synth,0,3
apache_2cf159a14495|A,apache_2cf159a14495,apache,train,A,1,3
apache_2cf159a14495|B,apache_2cf159a14495,apache,train,B,1,3
apache_2cf159a14495|C,apache_2cf159a14495,apache,train,C,1,3
apache_32f2960d84fe|neg_real,apache_32f2960d84fe,apache,train,neg_real,0,2
apache_32f2960d84fe|neg_synth,apache_32f2960d84fe,apache,train,neg_synth,0,2
apache_32f2960d84fe|A,apache_32f2960d84fe,apache,train,A,1,2
apache_32f2960d84fe|C,apache_32f2960d84fe,apache,train,C,1,2
apache_33809291347f|neg_real,apache_33809291347f,apache,train,neg_real,0,2
apache_33809291347f|neg_synth,apache_33809291347f,apache,train,neg_synth,0,2
apache_33809291347f|A,apache_33809291347f,apache,train,A,1,2
apache_33809291347f|C,apache_33809291347f,apache,train,C,1,2
apache_37b924c3131e|neg_real,apache_37b924c3131e,apache,test,neg_real,0,4
apache_37b924c3131e|neg_synth,apache_37b924c3131e,apache,test,neg_synth,0,4
apache_37b924c3131e|A,apache_37b924c3131e,apache,test,A,1,4
apache_37b924c3131e|B,apache_37b924c3131e,apache,test,B,1,4
apache_37b924c3131e|C,apache_37b924c3131e,apache,test,C,1,4
apache_3a1a406d3813|neg_real,apache_3a1a406d3813,apache,validation,neg_real,0,2
apache_3a1a406d3813|neg_synth,apache_3a1a406d3813,apache,validation,neg_synth,0,2
apache_3a1a406d3813|A,apache_3a1a406d3813,apache,validation,A,1,2
apache_3a1a406d3813|B,apache_3a1a406d3813,apache,validation,B,1,2
apache_3a1a406d3813|C,apache_3a1a406d3813,apache,validation,C,1,2
apache_3a4eccd19cca|neg_real,apache_3a4eccd19cca,apache,train,neg_real,0,2
apache_3a4eccd19cca|neg_synth,apache_3a4eccd19cca,apache,train,neg_synth,0,2
apache_3a4eccd19cca|A,apache_3a4eccd19cca,apache,train,A,1,2
apache_3a4eccd19cca|B,apache_3a4eccd19cca,apache,train,B,1,2
apache_3a4eccd19cca|C,apache_3a4eccd19cca,apache,train,C,1,2
apache_3abd8dddc73b|neg_real,apache_3abd8dddc73b,apache,train,neg_real,0,2
apache_3abd8dddc73b|neg_synth,apache_3abd8dddc73b,apache,train,neg_synth,0,2
apache_3abd8dddc73b|A,apache_3abd8dddc73b,apache,train,A,1,2
apache_3abd8dddc73b|B,apache_3abd8dddc73b,apache,train,B,1,2
apache_3abd8dddc73b|C,apache_3abd8dddc73b,apache,train,C,1,2
apache_3b1562ae0647|neg_real,apache_3b1562ae0647,apache,train,neg_real,0,3
apache_3b1562ae0647|neg_synth,apache_3b1562ae0647,apache,train,neg_synth,0,3
apache_3b1562ae0647|A,apache_3b1562ae0647,apache,train,A,1,3
apache_3b1562ae0647|B,apache_3b1562ae0647,apache,train,B,1,3
apache_3b1562ae0647|C,apache_3b1562ae0647,apache,train,C,1,3
apache_3c26ec561d1c|neg_real,apache_3c26ec561d1c,apache,train,neg_real,0,2
apache_3c26ec561d1c|neg_synth,apache_3c26ec561d1c,apache,train,neg_synth,0,2
apache_3c26ec561d1c|A,apache_3c26ec561d1c,apache,train,A,1,2
apache_3c26ec561d1c|C,apache_3c26ec561d1c,apache,train,C,1,2
apache_3d40f0c7dba6|neg_real,apache_3d40f0c7dba6,apache,train,neg_real,0,3
apache_3d40f0c7dba6|neg_synth,apache_3d40f0c7dba6,apache,train,neg_synth,0,3
apache_3d40f0c7dba6|A,apache_3d40f0c7dba6,apache,train,A,1,3
apache_3d40f0c7dba6|B,apache_3d40f0c7dba6,apache,train,B,1,3
apache_3d40f0c7dba6|C,apache_3d40f0c7dba6,apache,train,C,1,3
apache_3e6f39c194d6|neg_real,apache_3e6f39c194d6,apache,train,neg_real,0,2
apache_3e6f39c194d6|neg_synth,apache_3e6f39c194d6,apache,train,neg_synth,0,2
apache_3e6f39c194d6|A,apache_3e6f39c194d6,apache,train,A,1,2
apache_3e6f39c194d6|C,apache_3e6f39c194d6,apache,train,C,1,2
apache_3e9736a905ce|neg_real,apache_3e9736a905ce,apache,train,neg_real,0,5
apache_3e9736a905ce|neg_synth,apache_3e9736a905ce,apache,train,neg_synth,0,5
apache_3e9736a905ce|A,apache_3e9736a905ce,apache,train,A,1,5
apache_3e9736a905ce|C,apache_3e9736a905ce,apache,train,C,1,5
apache_3ea37735b96b|neg_real,apache_3ea37735b96b,apache,train,neg_real,0,9
apache_3ea37735b96b|neg_synth,apache_3ea37735b96b,apache,train,neg_synth,0,9
apache_3ea37735b96b|A,apache_3ea37735b96b,apache,train,A,1,9
apache_3ea37735b96b|B,apache_3ea37735b96b,apache,train,B,1,9
apache_3ea37735b96b|C,apache_3ea37735b96b,apache,train,C,1,9
apache_3ee84585361f|neg_real,apache_3ee84585361f,apache,validation,neg_real,0,6
apache_3ee84585361f|neg_synth,apache_3ee84585361f,apache,validation,neg_synth,0,6
apache_3ee84585361f|A,apache_3ee84585361f,apache,validation,A,1,6
apache_3ee84585361f|B,apache_3ee84585361f,apache,validation,B,1,6
apache_3ee84585361f|C,apache_3ee84585361f,apache,validation,C,1,6
apache_3f2dae893794|neg_real,apache_3f2dae893794,apache,train,neg_real,0,2
apache_3f2dae893794|neg_synth,apache_3f2dae893794,apache,train,neg_synth,0,2
apache_3f2dae893794|A,apache_3f2dae893794,apache,train,A,1,2
apache_3f2dae893794|B,apache_3f2dae893794,apache,train,B,1,2
apache_3f2dae893794|C,apache_3f2dae893794,apache,train,C,1,2
apache_4159ef777f79|neg_real,apache_4159ef777f79,apache,train,neg_real,0,8
apache_4159ef777f79|neg_synth,apache_4159ef777f79,apache,train,neg_synth,0,8
apache_4159ef777f79|A,apache_4159ef777f79,apache,train,A,1,8
apache_4159ef777f79|B,apache_4159ef777f79,apache,train,B,1,8
apache_4159ef777f79|C,apache_4159ef777f79,apache,train,C,1,8
apache_443cc35b7506|neg_real,apache_443cc35b7506,apache,train,neg_real,0,2
apache_443cc35b7506|neg_synth,apache_443cc35b7506,apache,train,neg_synth,0,2
apache_443cc35b7506|A,apache_443cc35b7506,apache,train,A,1,2
apache_443cc35b7506|B,apache_443cc35b7506,apache,train,B,1,2
apache_443cc35b7506|C,apache_443cc35b7506,apache,train,C,1,2
apache_4590c3afcc08|neg_real,apache_4590c3afcc08,apache,train,neg_real,0,2
apache_4590c3afcc08|neg_synth,apache_4590c3afcc08,apache,train,neg_synth,0,2
apache_4590c3afcc08|A,apache_4590c3afcc08,apache,train,A,1,2
apache_4590c3afcc08|C,apache_4590c3afcc08,apache,train,C,1,2
apache_45fd4527af08|neg_real,apache_45fd4527af08,apache,train,neg_real,0,8
apache_45fd4527af08|neg_synth,apache_45fd4527af08,apache,train,neg_synth,0,8
apache_45fd4527af08|A,apache_45fd4527af08,apache,train,A,1,8
apache_45fd4527af08|B,apache_45fd4527af08,apache,train,B,1,8
apache_45fd4527af08|C,apache_45fd4527af08,apache,train,C,1,8
apache_46ec8cf6346a|neg_real,apache_46ec8cf6346a,apache,train,neg_real,0,4
apache_46ec8cf6346a|neg_synth,apache_46ec8cf6346a,apache,train,neg_synth,0,4
apache_46ec8cf6346a|A,apache_46ec8cf6346a,apache,train,A,1,4
apache_46ec8cf6346a|C,apache_46ec8cf6346a,apache,train,C,1,4
apache_48a8b41df610|neg_real,apache_48a8b41df610,apache,train,neg_real,0,4
apache_48a8b41df610|neg_synth,apache_48a8b41df610,apache,train,neg_synth,0,4
apache_48a8b41df610|A,apache_48a8b41df610,apache,train,A,1,4
apache_48a8b41df610|B,apache_48a8b41df610,apache,train,B,1,4
apache_48a8b41df610|C,apache_48a8b41df610,apache,train,C,1,4
apache_48d29a3fca12|neg_real,apache_48d29a3fca12,apache,train,neg_real,0,9
apache_48d29a3fca12|neg_synth,apache_48d29a3fca12,apache,train,neg_synth,0,9
apache_48d29a3fca12|A,apache_48d29a3fca12,apache,train,A,1,9
apache_48d29a3fca12|B,apache_48d29a3fca12,apache,train,B,1,9
apache_48d29a3fca12|C,apache_48d29a3fca12,apache,train,C,1,9
apache_4d92784921be|neg_real,apache_4d92784921be,apache,train,neg_real,0,3
apache_4d92784921be|neg_synth,apache_4d92784921be,apache,train,neg_synth,0,3
apache_4d92784921be|A,apache_4d92784921be,apache,train,A,1,3
apache_4d92784921be|B,apache_4d92784921be,apache,train,B,1,3
apache_4d92784921be|C,apache_4d92784921be,apache,train,C,1,3
apache_4da42fcf190c|neg_real,apache_4da42fcf190c,apache,train,neg_real,0,7
apache_4da42fcf190c|neg_synth,apache_4da42fcf190c,apache,train,neg_synth,0,7
apache_4da42fcf190c|A,apache_4da42fcf190c,apache,train,A,1,7
apache_4da42fcf190c|B,apache_4da42fcf190c,apache,train,B,1,7
apache_4da42fcf190c|C,apache_4da42fcf190c,apache,train,C,1,7
apache_4ea95fab6e00|neg_real,apache_4ea95fab6e00,apache,train,neg_real,0,2
apache_4ea95fab6e00|neg_synth,apache_4ea95fab6e00,apache,train,neg_synth,0,2
apache_4ea95fab6e00|A,apache_4ea95fab6e00,apache,train,A,1,2
apache_4ea95fab6e00|B,apache_4ea95fab6e00,apache,train,B,1,2
apache_4ea95fab6e00|C,apache_4ea95fab6e00,apache,train,C,1,2
apache_4fd06e350eee|neg_real,apache_4fd06e350eee,apache,train,neg_real,0,2
apache_4fd06e350eee|neg_synth,apache_4fd06e350eee,apache,train,neg_synth,0,2
apache_4fd06e350eee|A,apache_4fd06e350eee,apache,train,A,1,2
apache_4fd06e350eee|B,apache_4fd06e350eee,apache,train,B,1,2
apache_4fd06e350eee|C,apache_4fd06e350eee,apache,train,C,1,2
apache_4ffe11dd0460|neg_real,apache_4ffe11dd0460,apache,train,neg_real,0,2
apache_4ffe11dd0460|neg_synth,apache_4ffe11dd0460,apache,train,neg_synth,0,2
apache_4ffe11dd0460|A,apache_4ffe11dd0460,apache,train,A,1,2
apache_4ffe11dd0460|C,apache_4ffe11dd0460,apache,train,C,1,2
apache_5167f6d326eb|neg_real,apache_5167f6d326eb,apache,validation,neg_real,0,17
apache_5167f6d326eb|neg_synth,apache_5167f6d326eb,apache,validation,neg_synth,0,17
apache_5167f6d326eb|A,apache_5167f6d326eb,apache,validation,A,1,17
apache_5167f6d326eb|B,apache_5167f6d326eb,apache,validation,B,1,17
apache_5167f6d326eb|C,apache_5167f6d326eb,apache,validation,C,1,17
apache_5253c082c9e3|neg_real,apache_5253c082c9e3,apache,train,neg_real,0,15
apache_5253c082c9e3|neg_synth,apache_5253c082c9e3,apache,train,neg_synth,0,15
apache_5253c082c9e3|A,apache_5253c082c9e3,apache,train,A,1,15
apache_5253c082c9e3|B,apache_5253c082c9e3,apache,train,B,1,15
apache_5253c082c9e3|C,apache_5253c082c9e3,apache,train,C,1,15
apache_56f7d1c30b80|neg_real,apache_56f7d1c30b80,apache,train,neg_real,0,5
apache_56f7d1c30b80|neg_synth,apache_56f7d1c30b80,apache,train,neg_synth,0,5
apache_56f7d1c30b80|A,apache_56f7d1c30b80,apache,train,A,1,5
apache_56f7d1c30b80|B,apache_56f7d1c30b80,apache,train,B,1,5
apache_56f7d1c30b80|C,apache_56f7d1c30b80,apache,train,C,1,5
apache_57a251ba6c27|neg_real,apache_57a251ba6c27,apache,train,neg_real,0,4
apache_57a251ba6c27|neg_synth,apache_57a251ba6c27,apache,train,neg_synth,0,4
apache_57a251ba6c27|A,apache_57a251ba6c27,apache,train,A,1,4
apache_57a251ba6c27|B,apache_57a251ba6c27,apache,train,B,1,4
apache_57a251ba6c27|C,apache_57a251ba6c27,apache,train,C,1,4
apache_5a045978e5a3|neg_real,apache_5a045978e5a3,apache,train,neg_real,0,5
apache_5a045978e5a3|neg_synth,apache_5a045978e5a3,apache,train,neg_synth,0,5
apache_5a045978e5a3|A,apache_5a045978e5a3,apache,train,A,1,5
apache_5a045978e5a3|B,apache_5a045978e5a3,apache,train,B,1,5
apache_5a045978e5a3|C,apache_5a045978e5a3,apache,train,C,1,5
apache_5a1f4399109d|neg_real,apache_5a1f4399109d,apache,train,neg_real,0,10
apache_5a1f4399109d|neg_synth,apache_5a1f4399109d,apache,train,neg_synth,0,10
apache_5a1f4399109d|A,apache_5a1f4399109d,apache,train,A,1,10
apache_5a1f4399109d|B,apache_5a1f4399109d,apache,train,B,1,10
apache_5a1f4399109d|C,apache_5a1f4399109d,apache,train,C,1,10
apache_5adbaf3e6631|neg_real,apache_5adbaf3e6631,apache,train,neg_real,0,2
apache_5adbaf3e6631|neg_synth,apache_5adbaf3e6631,apache,train,neg_synth,0,2
apache_5adbaf3e6631|A,apache_5adbaf3e6631,apache,train,A,1,2
apache_5adbaf3e6631|B,apache_5adbaf3e6631,apache,train,B,1,2
apache_5adbaf3e6631|C,apache_5adbaf3e6631,apache,train,C,1,2
apache_5b072d8a4e1b|neg_real,apache_5b072d8a4e1b,apache,validation,neg_real,0,2
apache_5b072d8a4e1b|neg_synth,apache_5b072d8a4e1b,apache,validation,neg_synth,0,2
apache_5b072d8a4e1b|A,apache_5b072d8a4e1b,apache,validation,A,1,2
apache_5b072d8a4e1b|B,apache_5b072d8a4e1b,apache,validation,B,1,2
apache_5b072d8a4e1b|C,apache_5b072d8a4e1b,apache,validation,C,1,2
apache_5d27840c7a2e|neg_real,apache_5d27840c7a2e,apache,train,neg_real,0,2
apache_5d27840c7a2e|neg_synth,apache_5d27840c7a2e,apache,train,neg_synth,0,2
apache_5d27840c7a2e|A,apache_5d27840c7a2e,apache,train,A,1,2
apache_5d27840c7a2e|B,apache_5d27840c7a2e,apache,train,B,1,2
apache_5d27840c7a2e|C,apache_5d27840c7a2e,apache,train,C,1,2
apache_5d602efcfd97|neg_real,apache_5d602efcfd97,apache,validation,neg_real,0,2
apache_5d602efcfd97|neg_synth,apache_5d602efcfd97,apache,validation,neg_synth,0,2
apache_5d602efcfd97|A,apache_5d602efcfd97,apache,validation,A,1,2
apache_5d602efcfd97|C,apache_5d602efcfd97,apache,validation,C,1,2
apache_5d94e8708bd9|neg_real,apache_5d94e8708bd9,apache,validation,neg_real,0,2
apache_5d94e8708bd9|neg_synth,apache_5d94e8708bd9,apache,validation,neg_synth,0,2
apache_5d94e8708bd9|A,apache_5d94e8708bd9,apache,validation,A,1,2
apache_5d94e8708bd9|C,apache_5d94e8708bd9,apache,validation,C,1,2
apache_5de05af80fe7|neg_real,apache_5de05af80fe7,apache,test,neg_real,0,2
apache_5de05af80fe7|neg_synth,apache_5de05af80fe7,apache,test,neg_synth,0,2
apache_5de05af80fe7|A,apache_5de05af80fe7,apache,test,A,1,2
apache_5de05af80fe7|B,apache_5de05af80fe7,apache,test,B,1,2
apache_5de05af80fe7|C,apache_5de05af80fe7,apache,test,C,1,2
apache_5df0aad45dd4|neg_real,apache_5df0aad45dd4,apache,test,neg_real,0,2
apache_5df0aad45dd4|neg_synth,apache_5df0aad45dd4,apache,test,neg_synth,0,2
apache_5df0aad45dd4|A,apache_5df0aad45dd4,apache,test,A,1,2
apache_5df0aad45dd4|B,apache_5df0aad45dd4,apache,test,B,1,2
apache_5df0aad45dd4|C,apache_5df0aad45dd4,apache,test,C,1,2
apache_5e83a65f1cfa|neg_real,apache_5e83a65f1cfa,apache,train,neg_real,0,6
apache_5e83a65f1cfa|neg_synth,apache_5e83a65f1cfa,apache,train,neg_synth,0,6
apache_5e83a65f1cfa|A,apache_5e83a65f1cfa,apache,train,A,1,6
apache_5e83a65f1cfa|B,apache_5e83a65f1cfa,apache,train,B,1,6
apache_5e83a65f1cfa|C,apache_5e83a65f1cfa,apache,train,C,1,6
apache_61f8217757ee|neg_real,apache_61f8217757ee,apache,test,neg_real,0,16
apache_61f8217757ee|neg_synth,apache_61f8217757ee,apache,test,neg_synth,0,16
apache_61f8217757ee|A,apache_61f8217757ee,apache,test,A,1,16
apache_61f8217757ee|B,apache_61f8217757ee,apache,test,B,1,16
apache_61f8217757ee|C,apache_61f8217757ee,apache,test,C,1,16
apache_62a2374410ac|neg_real,apache_62a2374410ac,apache,train,neg_real,0,4
apache_62a2374410ac|neg_synth,apache_62a2374410ac,apache,train,neg_synth,0,4
apache_62a2374410ac|A,apache_62a2374410ac,apache,train,A,1,4
apache_62a2374410ac|B,apache_62a2374410ac,apache,train,B,1,4
apache_62a2374410ac|C,apache_62a2374410ac,apache,train,C,1,4
apache_661c1cfe25bf|neg_real,apache_661c1cfe25bf,apache,test,neg_real,0,3
apache_661c1cfe25bf|neg_synth,apache_661c1cfe25bf,apache,test,neg_synth,0,3
apache_661c1cfe25bf|A,apache_661c1cfe25bf,apache,test,A,1,3
apache_661c1cfe25bf|B,apache_661c1cfe25bf,apache,test,B,1,3
apache_661c1cfe25bf|C,apache_661c1cfe25bf,apache,test,C,1,3
apache_6640c096d367|neg_real,apache_6640c096d367,apache,train,neg_real,0,2
apache_6640c096d367|neg_synth,apache_6640c096d367,apache,train,neg_synth,0,2
apache_6640c096d367|A,apache_6640c096d367,apache,train,A,1,2
apache_6640c096d367|C,apache_6640c096d367,apache,train,C,1,2
apache_66b9304d49c6|neg_real,apache_66b9304d49c6,apache,train,neg_real,0,2
apache_66b9304d49c6|neg_synth,apache_66b9304d49c6,apache,train,neg_synth,0,2
apache_66b9304d49c6|A,apache_66b9304d49c6,apache,train,A,1,2
apache_66b9304d49c6|B,apache_66b9304d49c6,apache,train,B,1,2
apache_66b9304d49c6|C,apache_66b9304d49c6,apache,train,C,1,2
apache_67933896d419|neg_real,apache_67933896d419,apache,train,neg_real,0,6
apache_67933896d419|neg_synth,apache_67933896d419,apache,train,neg_synth,0,6
apache_67933896d419|A,apache_67933896d419,apache,train,A,1,6
apache_67933896d419|C,apache_67933896d419,apache,train,C,1,6
apache_6b0bbe720ef4|neg_real,apache_6b0bbe720ef4,apache,validation,neg_real,0,6
apache_6b0bbe720ef4|neg_synth,apache_6b0bbe720ef4,apache,validation,neg_synth,0,6
apache_6b0bbe720ef4|A,apache_6b0bbe720ef4,apache,validation,A,1,6
apache_6b0bbe720ef4|C,apache_6b0bbe720ef4,apache,validation,C,1,6
apache_6b556e6ea57a|neg_real,apache_6b556e6ea57a,apache,train,neg_real,0,2
apache_6b556e6ea57a|neg_synth,apache_6b556e6ea57a,apache,train,neg_synth,0,2
apache_6b556e6ea57a|A,apache_6b556e6ea57a,apache,train,A,1,2
apache_6b556e6ea57a|B,apache_6b556e6ea57a,apache,train,B,1,2
apache_6b556e6ea57a|C,apache_6b556e6ea57a,apache,train,C,1,2
apache_6ee24fef101d|neg_real,apache_6ee24fef101d,apache,train,neg_real,0,2
apache_6ee24fef101d|neg_synth,apache_6ee24fef101d,apache,train,neg_synth,0,2
apache_6ee24fef101d|A,apache_6ee24fef101d,apache,train,A,1,2
apache_6ee24fef101d|B,apache_6ee24fef101d,apache,train,B,1,2
apache_6ee24fef101d|C,apache_6ee24fef101d,apache,train,C,1,2
apache_6f23366437b3|neg_real,apache_6f23366437b3,apache,train,neg_real,0,3
apache_6f23366437b3|neg_synth,apache_6f23366437b3,apache,train,neg_synth,0,3
apache_6f23366437b3|A,apache_6f23366437b3,apache,train,A,1,3
apache_6f23366437b3|B,apache_6f23366437b3,apache,train,B,1,3
apache_6f23366437b3|C,apache_6f23366437b3,apache,train,C,1,3
apache_6fe65bc80e5b|neg_real,apache_6fe65bc80e5b,apache,train,neg_real,0,2
apache_6fe65bc80e5b|neg_synth,apache_6fe65bc80e5b,apache,train,neg_synth,0,2
apache_6fe65bc80e5b|A,apache_6fe65bc80e5b,apache,train,A,1,2
apache_6fe65bc80e5b|B,apache_6fe65bc80e5b,apache,train,B,1,2
apache_6fe65bc80e5b|C,apache_6fe65bc80e5b,apache,train,C,1,2
apache_700f5c632606|neg_real,apache_700f5c632606,apache,test,neg_real,0,3
apache_700f5c632606|neg_synth,apache_700f5c632606,apache,test,neg_synth,0,3
apache_700f5c632606|A,apache_700f5c632606,apache,test,A,1,3
apache_700f5c632606|B,apache_700f5c632606,apache,test,B,1,3
apache_700f5c632606|C,apache_700f5c632606,apache,test,C,1,3
apache_704e361a4dd1|neg_real,apache_704e361a4dd1,apache,train,neg_real,0,3
apache_704e361a4dd1|neg_synth,apache_704e361a4dd1,apache,train,neg_synth,0,3
apache_704e361a4dd1|A,apache_704e361a4dd1,apache,train,A,1,3
apache_704e361a4dd1|B,apache_704e361a4dd1,apache,train,B,1,3
apache_704e361a4dd1|C,apache_704e361a4dd1,apache,train,C,1,3
apache_70807666f756|neg_real,apache_70807666f756,apache,train,neg_real,0,7
apache_70807666f756|neg_synth,apache_70807666f756,apache,train,neg_synth,0,7
apache_70807666f756|A,apache_70807666f756,apache,train,A,1,7
apache_70807666f756|B,apache_70807666f756,apache,train,B,1,7
apache_70807666f756|C,apache_70807666f756,apache,train,C,1,7
apache_74bcd3ebb7c1|neg_real,apache_74bcd3ebb7c1,apache,validation,neg_real,0,2
apache_74bcd3ebb7c1|neg_synth,apache_74bcd3ebb7c1,apache,validation,neg_synth,0,2
apache_74bcd3ebb7c1|A,apache_74bcd3ebb7c1,apache,validation,A,1,2
apache_74bcd3ebb7c1|C,apache_74bcd3ebb7c1,apache,validation,C,1,2
apache_77319314a053|neg_real,apache_77319314a053,apache,validation,neg_real,0,5
apache_77319314a053|neg_synth,apache_77319314a053,apache,validation,neg_synth,0,5
apache_77319314a053|A,apache_77319314a053,apache,validation,A,1,5
apache_77319314a053|B,apache_77319314a053,apache,validation,B,1,5
apache_77319314a053|C,apache_77319314a053,apache,validation,C,1,5
apache_79a0682f30b0|neg_real,apache_79a0682f30b0,apache,train,neg_real,0,3
apache_79a0682f30b0|neg_synth,apache_79a0682f30b0,apache,train,neg_synth,0,3
apache_79a0682f30b0|A,apache_79a0682f30b0,apache,train,A,1,3
apache_79a0682f30b0|C,apache_79a0682f30b0,apache,train,C,1,3
apache_7a8f5ebab681|neg_real,apache_7a8f5ebab681,apache,test,neg_real,0,3
apache_7a8f5ebab681|neg_synth,apache_7a8f5ebab681,apache,test,neg_synth,0,3
apache_7a8f5ebab681|A,apache_7a8f5ebab681,apache,test,A,1,3
apache_7a8f5ebab681|B,apache_7a8f5ebab681,apache,test,B,1,3
apache_7a8f5ebab681|C,apache_7a8f5ebab681,apache,test,C,1,3
apache_7ae3b3034bc2|neg_real,apache_7ae3b3034bc2,apache,test,neg_real,0,3
apache_7ae3b3034bc2|neg_synth,apache_7ae3b3034bc2,apache,test,neg_synth,0,3
apache_7ae3b3034bc2|A,apache_7ae3b3034bc2,apache,test,A,1,3
apache_7ae3b3034bc2|B,apache_7ae3b3034bc2,apache,test,B,1,3
apache_7ae3b3034bc2|C,apache_7ae3b3034bc2,apache,test,C,1,3
apache_7b09ba9b4200|neg_real,apache_7b09ba9b4200,apache,train,neg_real,0,2
apache_7b09ba9b4200|neg_synth,apache_7b09ba9b4200,apache,train,neg_synth,0,2
apache_7b09ba9b4200|A,apache_7b09ba9b4200,apache,train,A,1,2
apache_7b09ba9b4200|C,apache_7b09ba9b4200,apache,train,C,1,2
apache_7bcb27c4428b|neg_real,apache_7bcb27c4428b,apache,train,neg_real,0,2
apache_7bcb27c4428b|neg_synth,apache_7bcb27c4428b,apache,train,neg_synth,0,2
apache_7bcb27c4428b|A,apache_7bcb27c4428b,apache,train,A,1,2
apache_7bcb27c4428b|B,apache_7bcb27c4428b,apache,train,B,1,2
apache_7bcb27c4428b|C,apache_7bcb27c4428b,apache,train,C,1,2
apache_7bf5f5402652|neg_real,apache_7bf5f5402652,apache,validation,neg_real,0,3
apache_7bf5f5402652|neg_synth,apache_7bf5f5402652,apache,validation,neg_synth,0,3
apache_7bf5f5402652|A,apache_7bf5f5402652,apache,validation,A,1,3
apache_7bf5f5402652|B,apache_7bf5f5402652,apache,validation,B,1,3
apache_7bf5f5402652|C,apache_7bf5f5402652,apache,validation,C,1,3
apache_7c8d6a4f932f|neg_real,apache_7c8d6a4f932f,apache,train,neg_real,0,2
apache_7c8d6a4f932f|neg_synth,apache_7c8d6a4f932f,apache,train,neg_synth,0,2
apache_7c8d6a4f932f|A,apache_7c8d6a4f932f,apache,train,A,1,2
apache_7c8d6a4f932f|C,apache_7c8d6a4f932f,apache,train,C,1,2
apache_7cc7093ee0ee|neg_real,apache_7cc7093ee0ee,apache,train,neg_real,0,2
apache_7cc7093ee0ee|neg_synth,apache_7cc7093ee0ee,apache,train,neg_synth,0,2
apache_7cc7093ee0ee|A,apache_7cc7093ee0ee,apache,train,A,1,2
apache_7cc7093ee0ee|B,apache_7cc7093ee0ee,apache,train,B,1,2
apache_7cc7093ee0ee|C,apache_7cc7093ee0ee,apache,train,C,1,2
apache_7ea325db263e|neg_real,apache_7ea325db263e,apache,validation,neg_real,0,3
apache_7ea325db263e|neg_synth,apache_7ea325db263e,apache,validation,neg_synth,0,3
apache_7ea325db263e|A,apache_7ea325db263e,apache,validation,A,1,3
apache_7ea325db263e|B,apache_7ea325db263e,apache,validation,B,1,3
apache_7ea325db263e|C,apache_7ea325db263e,apache,validation,C,1,3
apache_7f5fe90507af|neg_real,apache_7f5fe90507af,apache,train,neg_real,0,2
apache_7f5fe90507af|neg_synth,apache_7f5fe90507af,apache,train,neg_synth,0,2
apache_7f5fe90507af|A,apache_7f5fe90507af,apache,train,A,1,2
apache_7f5fe90507af|B,apache_7f5fe90507af,apache,train,B,1,2
apache_7f5fe90507af|C,apache_7f5fe90507af,apache,train,C,1,2
apache_7f885cea478a|neg_real,apache_7f885cea478a,apache,train,neg_real,0,2
apache_7f885cea478a|neg_synth,apache_7f885cea478a,apache,train,neg_synth,0,2
apache_7f885cea478a|A,apache_7f885cea478a,apache,train,A,1,2
apache_7f885cea478a|C,apache_7f885cea478a,apache,train,C,1,2
apache_81260f685c6a|neg_real,apache_81260f685c6a,apache,validation,neg_real,0,3
apache_81260f685c6a|neg_synth,apache_81260f685c6a,apache,validation,neg_synth,0,3
apache_81260f685c6a|A,apache_81260f685c6a,apache,validation,A,1,3
apache_81260f685c6a|C,apache_81260f685c6a,apache,validation,C,1,3
apache_81ca7211c2f2|neg_real,apache_81ca7211c2f2,apache,train,neg_real,0,2
apache_81ca7211c2f2|neg_synth,apache_81ca7211c2f2,apache,train,neg_synth,0,2
apache_81ca7211c2f2|A,apache_81ca7211c2f2,apache,train,A,1,2
apache_81ca7211c2f2|B,apache_81ca7211c2f2,apache,train,B,1,2
apache_81ca7211c2f2|C,apache_81ca7211c2f2,apache,train,C,1,2
apache_81de561d7482|neg_real,apache_81de561d7482,apache,validation,neg_real,0,3
apache_81de561d7482|neg_synth,apache_81de561d7482,apache,validation,neg_synth,0,3
apache_81de561d7482|A,apache_81de561d7482,apache,validation,A,1,3
apache_81de561d7482|B,apache_81de561d7482,apache,validation,B,1,3
apache_81de561d7482|C,apache_81de561d7482,apache,validation,C,1,3
apache_833bf74d51c2|neg_real,apache_833bf74d51c2,apache,validation,neg_real,0,2
apache_833bf74d51c2|neg_synth,apache_833bf74d51c2,apache,validation,neg_synth,0,2
apache_833bf74d51c2|A,apache_833bf74d51c2,apache,validation,A,1,2
apache_833bf74d51c2|C,apache_833bf74d51c2,apache,validation,C,1,2
apache_865814fc88eb|neg_real,apache_865814fc88eb,apache,validation,neg_real,0,5
apache_865814fc88eb|neg_synth,apache_865814fc88eb,apache,validation,neg_synth,0,5
apache_865814fc88eb|A,apache_865814fc88eb,apache,validation,A,1,5
apache_865814fc88eb|B,apache_865814fc88eb,apache,validation,B,1,5
apache_865814fc88eb|C,apache_865814fc88eb,apache,validation,C,1,5
apache_87f761e8e3f4|neg_real,apache_87f761e8e3f4,apache,train,neg_real,0,2
apache_87f761e8e3f4|neg_synth,apache_87f761e8e3f4,apache,train,neg_synth,0,2
apache_87f761e8e3f4|A,apache_87f761e8e3f4,apache,train,A,1,2
apache_87f761e8e3f4|B,apache_87f761e8e3f4,apache,train,B,1,2
apache_87f761e8e3f4|C,apache_87f761e8e3f4,apache,train,C,1,2
apache_8a093c867a48|neg_real,apache_8a093c867a48,apache,train,neg_real,0,6
apache_8a093c867a48|neg_synth,apache_8a093c867a48,apache,train,neg_synth,0,6
apache_8a093c867a48|A,apache_8a093c867a48,apache,train,A,1,6
apache_8a093c867a48|C,apache_8a093c867a48,apache,train,C,1,6
apache_8b736bacb5be|neg_real,apache_8b736bacb5be,apache,validation,neg_real,0,2
apache_8b736bacb5be|neg_synth,apache_8b736bacb5be,apache,validation,neg_synth,0,2
apache_8b736bacb5be|A,apache_8b736bacb5be,apache,validation,A,1,2
apache_8b736bacb5be|C,apache_8b736bacb5be,apache,validation,C,1,2
apache_8d84af2b065d|neg_real,apache_8d84af2b065d,apache,test,neg_real,0,2
apache_8d84af2b065d|neg_synth,apache_8d84af2b065d,apache,test,neg_synth,0,2
apache_8d84af2b065d|A,apache_8d84af2b065d,apache,test,A,1,2
apache_8d84af2b065d|B,apache_8d84af2b065d,apache,test,B,1,2
apache_8d84af2b065d|C,apache_8d84af2b065d,apache,test,C,1,2
apache_8debea40d9d5|neg_real,apache_8debea40d9d5,apache,train,neg_real,0,4
apache_8debea40d9d5|neg_synth,apache_8debea40d9d5,apache,train,neg_synth,0,4
apache_8debea40d9d5|A,apache_8debea40d9d5,apache,train,A,1,4
apache_8debea40d9d5|C,apache_8debea40d9d5,apache,train,C,1,4
apache_9063966237b2|neg_real,apache_9063966237b2,apache,train,neg_real,0,6
apache_9063966237b2|neg_synth,apache_9063966237b2,apache,train,neg_synth,0,6
apache_9063966237b2|A,apache_9063966237b2,apache,train,A,1,6
apache_9063966237b2|C,apache_9063966237b2,apache,train,C,1,6
apache_911c77defde7|neg_real,apache_911c77defde7,apache,train,neg_real,0,6
apache_911c77defde7|neg_synth,apache_911c77defde7,apache,train,neg_synth,0,6
apache_911c77defde7|A,apache_911c77defde7,apache,train,A,1,6
apache_911c77defde7|B,apache_911c77defde7,apache,train,B,1,6
apache_911c77defde7|C,apache_911c77defde7,apache,train,C,1,6
apache_96c31d56f6e5|neg_real,apache_96c31d56f6e5,apache,validation,neg_real,0,2
apache_96c31d56f6e5|neg_synth,apache_96c31d56f6e5,apache,validation,neg_synth,0,2
apache_96c31d56f6e5|A,apache_96c31d56f6e5,apache,validation,A,1,2
apache_96c31d56f6e5|B,apache_96c31d56f6e5,apache,validation,B,1,2
apache_96c31d56f6e5|C,apache_96c31d56f6e5,apache,validation,C,1,2
apache_980ef795b5b3|neg_real,apache_980ef795b5b3,apache,train,neg_real,0,4
apache_980ef795b5b3|neg_synth,apache_980ef795b5b3,apache,train,neg_synth,0,4
apache_980ef795b5b3|A,apache_980ef795b5b3,apache,train,A,1,4
apache_980ef795b5b3|B,apache_980ef795b5b3,apache,train,B,1,4
apache_980ef795b5b3|C,apache_980ef795b5b3,apache,train,C,1,4
apache_98ffd5c5c17e|neg_real,apache_98ffd5c5c17e,apache,train,neg_real,0,5
apache_98ffd5c5c17e|neg_synth,apache_98ffd5c5c17e,apache,train,neg_synth,0,5
apache_98ffd5c5c17e|A,apache_98ffd5c5c17e,apache,train,A,1,5
apache_98ffd5c5c17e|C,apache_98ffd5c5c17e,apache,train,C,1,5
apache_99383e53f6bf|neg_real,apache_99383e53f6bf,apache,validation,neg_real,0,2
apache_99383e53f6bf|neg_synth,apache_99383e53f6bf,apache,validation,neg_synth,0,2
apache_99383e53f6bf|A,apache_99383e53f6bf,apache,validation,A,1,2
apache_99383e53f6bf|B,apache_99383e53f6bf,apache,validation,B,1,2
apache_99383e53f6bf|C,apache_99383e53f6bf,apache,validation,C,1,2
apache_9c16472ea041|neg_real,apache_9c16472ea041,apache,train,neg_real,0,5
apache_9c16472ea041|neg_synth,apache_9c16472ea041,apache,train,neg_synth,0,5
apache_9c16472ea041|A,apache_9c16472ea041,apache,train,A,1,5
apache_9c16472ea041|B,apache_9c16472ea041,apache,train,B,1,5
apache_9c16472ea041|C,apache_9c16472ea041,apache,train,C,1,5
apache_a0143167c526|neg_real,apache_a0143167c526,apache,validation,neg_real,0,3
apache_a0143167c526|neg_synth,apache_a0143167c526,apache,validation,neg_synth,0,3
apache_a0143167c526|A,apache_a0143167c526,apache,validation,A,1,3
apache_a0143167c526|B,apache_a0143167c526,apache,validation,B,1,3
apache_a0143167c526|C,apache_a0143167c526,apache,validation,C,1,3
apache_a2e415e9026f|neg_real,apache_a2e415e9026f,apache,train,neg_real,0,5
apache_a2e415e9026f|neg_synth,apache_a2e415e9026f,apache,train,neg_synth,0,5
apache_a2e415e9026f|A,apache_a2e415e9026f,apache,train,A,1,5
apache_a2e415e9026f|C,apache_a2e415e9026f,apache,train,C,1,5
apache_a38cb8f54699|neg_real,apache_a38cb8f54699,apache,train,neg_real,0,4
apache_a38cb8f54699|neg_synth,apache_a38cb8f54699,apache,train,neg_synth,0,4
apache_a38cb8f54699|A,apache_a38cb8f54699,apache,train,A,1,4
apache_a38cb8f54699|C,apache_a38cb8f54699,apache,train,C,1,4
apache_a3c5273c4c00|neg_real,apache_a3c5273c4c00,apache,train,neg_real,0,3
apache_a3c5273c4c00|neg_synth,apache_a3c5273c4c00,apache,train,neg_synth,0,3
apache_a3c5273c4c00|A,apache_a3c5273c4c00,apache,train,A,1,3
apache_a3c5273c4c00|B,apache_a3c5273c4c00,apache,train,B,1,3
apache_a3c5273c4c00|C,apache_a3c5273c4c00,apache,train,C,1,3
apache_a4aa7f398d57|neg_real,apache_a4aa7f398d57,apache,train,neg_real,0,2
apache_a4aa7f398d57|neg_synth,apache_a4aa7f398d57,apache,train,neg_synth,0,2
apache_a4aa7f398d57|A,apache_a4aa7f398d57,apache,train,A,1,2
apache_a4aa7f398d57|B,apache_a4aa7f398d57,apache,train,B,1,2
apache_a4aa7f398d57|C,apache_a4aa7f398d57,apache,train,C,1,2
apache_a5c66fc6a1ff|neg_real,apache_a5c66fc6a1ff,apache,test,neg_real,0,2
apache_a5c66fc6a1ff|neg_synth,apache_a5c66fc6a1ff,apache,test,neg_synth,0,2
apache_a5c66fc6a1ff|A,apache_a5c66fc6a1ff,apache,test,A,1,2
apache_a5c66fc6a1ff|C,apache_a5c66fc6a1ff,apache,test,C,1,2
apache_a6d22d941f63|neg_real,apache_a6d22d941f63,apache,train,neg_real,0,4
apache_a6d22d941f63|neg_synth,apache_a6d22d941f63,apache,train,neg_synth,0,4
apache_a6d22d941f63|A,apache_a6d22d941f63,apache,train,A,1,4
apache_a6d22d941f63|B,apache_a6d22d941f63,apache,train,B,1,4
apache_a6d22d941f63|C,apache_a6d22d941f63,apache,train,C,1,4
apache_a97155487ec2|neg_real,apache_a97155487ec2,apache,train,neg_real,0,3
apache_a97155487ec2|neg_synth,apache_a97155487ec2,apache,train,neg_synth,0,3
apache_a97155487ec2|A,apache_a97155487ec2,apache,train,A,1,3
apache_a97155487ec2|B,apache_a97155487ec2,apache,train,B,1,3
apache_a97155487ec2|C,apache_a97155487ec2,apache,train,C,1,3
apache_aa087dfdacb9|neg_real,apache_aa087dfdacb9,apache,train,neg_real,0,2
apache_aa087dfdacb9|neg_synth,apache_aa087dfdacb9,apache,train,neg_synth,0,2
apache_aa087dfdacb9|A,apache_aa087dfdacb9,apache,train,A,1,2
apache_aa087dfdacb9|B,apache_aa087dfdacb9,apache,train,B,1,2
apache_aa087dfdacb9|C,apache_aa087dfdacb9,apache,train,C,1,2
apache_aba628cf6983|neg_real,apache_aba628cf6983,apache,train,neg_real,0,6
apache_aba628cf6983|neg_synth,apache_aba628cf6983,apache,train,neg_synth,0,6
apache_aba628cf6983|A,apache_aba628cf6983,apache,train,A,1,6
apache_aba628cf6983|B,apache_aba628cf6983,apache,train,B,1,6
apache_aba628cf6983|C,apache_aba628cf6983,apache,train,C,1,6
apache_abd8be986ae2|neg_real,apache_abd8be986ae2,apache,train,neg_real,0,8
apache_abd8be986ae2|neg_synth,apache_abd8be986ae2,apache,train,neg_synth,0,8
apache_abd8be986ae2|A,apache_abd8be986ae2,apache,train,A,1,8
apache_abd8be986ae2|C,apache_abd8be986ae2,apache,train,C,1,8
apache_abf46f945d0b|neg_real,apache_abf46f945d0b,apache,train,neg_real,0,4
apache_abf46f945d0b|neg_synth,apache_abf46f945d0b,apache,train,neg_synth,0,4
apache_abf46f945d0b|A,apache_abf46f945d0b,apache,train,A,1,4
apache_abf46f945d0b|B,apache_abf46f945d0b,apache,train,B,1,4
apache_abf46f945d0b|C,apache_abf46f945d0b,apache,train,C,1,4
apache_af528b1a70d4|neg_real,apache_af528b1a70d4,apache,train,neg_real,0,2
apache_af528b1a70d4|neg_synth,apache_af528b1a70d4,apache,train,neg_synth,0,2
apache_af528b1a70d4|A,apache_af528b1a70d4,apache,train,A,1,2
apache_af528b1a70d4|B,apache_af528b1a70d4,apache,train,B,1,2
apache_af528b1a70d4|C,apache_af528b1a70d4,apache,train,C,1,2
apache_af62654d3f85|neg_real,apache_af62654d3f85,apache,train,neg_real,0,2
apache_af62654d3f85|neg_synth,apache_af62654d3f85,apache,train,neg_synth,0,2
apache_af62654d3f85|A,apache_af62654d3f85,apache,train,A,1,2
apache_af62654d3f85|B,apache_af62654d3f85,apache,train,B,1,2
apache_af62654d3f85|C,apache_af62654d3f85,apache,train,C,1,2
apache_afe8758809f4|neg_real,apache_afe8758809f4,apache,test,neg_real,0,10
apache_afe8758809f4|neg_synth,apache_afe8758809f4,apache,test,neg_synth,0,10
apache_afe8758809f4|A,apache_afe8758809f4,apache,test,A,1,10
apache_afe8758809f4|B,apache_afe8758809f4,apache,test,B,1,10
apache_afe8758809f4|C,apache_afe8758809f4,apache,test,C,1,10
apache_b0f643a1c70c|neg_real,apache_b0f643a1c70c,apache,validation,neg_real,0,7
apache_b0f643a1c70c|neg_synth,apache_b0f643a1c70c,apache,validation,neg_synth,0,7
apache_b0f643a1c70c|A,apache_b0f643a1c70c,apache,validation,A,1,7
apache_b0f643a1c70c|B,apache_b0f643a1c70c,apache,validation,B,1,7
apache_b0f643a1c70c|C,apache_b0f643a1c70c,apache,validation,C,1,7
apache_b35e4c8eb96d|neg_real,apache_b35e4c8eb96d,apache,train,neg_real,0,4
apache_b35e4c8eb96d|neg_synth,apache_b35e4c8eb96d,apache,train,neg_synth,0,4
apache_b35e4c8eb96d|A,apache_b35e4c8eb96d,apache,train,A,1,4
apache_b35e4c8eb96d|B,apache_b35e4c8eb96d,apache,train,B,1,4
apache_b35e4c8eb96d|C,apache_b35e4c8eb96d,apache,train,C,1,4
apache_b5f5a7a77ec7|neg_real,apache_b5f5a7a77ec7,apache,test,neg_real,0,2
apache_b5f5a7a77ec7|neg_synth,apache_b5f5a7a77ec7,apache,test,neg_synth,0,2
apache_b5f5a7a77ec7|A,apache_b5f5a7a77ec7,apache,test,A,1,2
apache_b5f5a7a77ec7|B,apache_b5f5a7a77ec7,apache,test,B,1,2
apache_b5f5a7a77ec7|C,apache_b5f5a7a77ec7,apache,test,C,1,2
apache_b7676e089cd6|neg_real,apache_b7676e089cd6,apache,test,neg_real,0,5
apache_b7676e089cd6|neg_synth,apache_b7676e089cd6,apache,test,neg_synth,0,5
apache_b7676e089cd6|A,apache_b7676e089cd6,apache,test,A,1,5
apache_b7676e089cd6|C,apache_b7676e089cd6,apache,test,C,1,5
apache_bc4a42663f72|neg_real,apache_bc4a42663f72,apache,train,neg_real,0,5
apache_bc4a42663f72|neg_synth,apache_bc4a42663f72,apache,train,neg_synth,0,5
apache_bc4a42663f72|A,apache_bc4a42663f72,apache,train,A,1,5
apache_bc4a42663f72|C,apache_bc4a42663f72,apache,train,C,1,5
apache_bd206279df0a|neg_real,apache_bd206279df0a,apache,train,neg_real,0,3
apache_bd206279df0a|neg_synth,apache_bd206279df0a,apache,train,neg_synth,0,3
apache_bd206279df0a|A,apache_bd206279df0a,apache,train,A,1,3
apache_bd206279df0a|B,apache_bd206279df0a,apache,train,B,1,3
apache_bd206279df0a|C,apache_bd206279df0a,apache,train,C,1,3
apache_bee3d12a0208|neg_real,apache_bee3d12a0208,apache,train,neg_real,0,5
apache_bee3d12a0208|neg_synth,apache_bee3d12a0208,apache,train,neg_synth,0,5
apache_bee3d12a0208|A,apache_bee3d12a0208,apache,train,A,1,5
apache_bee3d12a0208|C,apache_bee3d12a0208,apache,train,C,1,5
apache_bf36d0f37e4c|neg_real,apache_bf36d0f37e4c,apache,train,neg_real,0,4
apache_bf36d0f37e4c|neg_synth,apache_bf36d0f37e4c,apache,train,neg_synth,0,4
apache_bf36d0f37e4c|A,apache_bf36d0f37e4c,apache,train,A,1,4
apache_bf36d0f37e4c|C,apache_bf36d0f37e4c,apache,train,C,1,4
apache_bf437a75ab27|neg_real,apache_bf437a75ab27,apache,train,neg_real,0,7
apache_bf437a75ab27|neg_synth,apache_bf437a75ab27,apache,train,neg_synth,0,7
apache_bf437a75ab27|A,apache_bf437a75ab27,apache,train,A,1,7
apache_bf437a75ab27|C,apache_bf437a75ab27,apache,train,C,1,7
apache_bf9addb81920|neg_real,apache_bf9addb81920,apache,test,neg_real,0,3
apache_bf9addb81920|neg_synth,apache_bf9addb81920,apache,test,neg_synth,0,3
apache_bf9addb81920|A,apache_bf9addb81920,apache,test,A,1,3
apache_bf9addb81920|C,apache_bf9addb81920,apache,test,C,1,3
apache_bfc16721cb0a|neg_real,apache_bfc16721cb0a,apache,test,neg_real,0,6
apache_bfc16721cb0a|neg_synth,apache_bfc16721cb0a,apache,test,neg_synth,0,6
apache_bfc16721cb0a|A,apache_bfc16721cb0a,apache,test,A,1,6
apache_bfc16721cb0a|C,apache_bfc16721cb0a,apache,test,C,1,6
apache_c177bbe9f34f|neg_real,apache_c177bbe9f34f,apache,train,neg_real,0,2
apache_c177bbe9f34f|neg_synth,apache_c177bbe9f34f,apache,train,neg_synth,0,2
apache_c177bbe9f34f|A,apache_c177bbe9f34f,apache,train,A,1,2
apache_c177bbe9f34f|B,apache_c177bbe9f34f,apache,train,B,1,2
apache_c177bbe9f34f|C,apache_c177bbe9f34f,apache,train,C,1,2
apache_c4de3b181980|neg_real,apache_c4de3b181980,apache,train,neg_real,0,2
apache_c4de3b181980|neg_synth,apache_c4de3b181980,apache,train,neg_synth,0,2
apache_c4de3b181980|A,apache_c4de3b181980,apache,train,A,1,2
apache_c4de3b181980|B,apache_c4de3b181980,apache,train,B,1,2
apache_c4de3b181980|C,apache_c4de3b181980,apache,train,C,1,2
apache_c6ff6f5d5efa|neg_real,apache_c6ff6f5d5efa,apache,validation,neg_real,0,3
apache_c6ff6f5d5efa|neg_synth,apache_c6ff6f5d5efa,apache,validation,neg_synth,0,3
apache_c6ff6f5d5efa|A,apache_c6ff6f5d5efa,apache,validation,A,1,3
apache_c6ff6f5d5efa|B,apache_c6ff6f5d5efa,apache,validation,B,1,3
apache_c6ff6f5d5efa|C,apache_c6ff6f5d5efa,apache,validation,C,1,3
apache_c704f293086e|neg_real,apache_c704f293086e,apache,train,neg_real,0,2
apache_c704f293086e|neg_synth,apache_c704f293086e,apache,train,neg_synth,0,2
apache_c704f293086e|A,apache_c704f293086e,apache,train,A,1,2
apache_c704f293086e|B,apache_c704f293086e,apache,train,B,1,2
apache_c704f293086e|C,apache_c704f293086e,apache,train,C,1,2
apache_c77bfc3c2a9e|neg_real,apache_c77bfc3c2a9e,apache,train,neg_real,0,3
apache_c77bfc3c2a9e|neg_synth,apache_c77bfc3c2a9e,apache,train,neg_synth,0,3
apache_c77bfc3c2a9e|A,apache_c77bfc3c2a9e,apache,train,A,1,3
apache_c77bfc3c2a9e|C,apache_c77bfc3c2a9e,apache,train,C,1,3
apache_c897e033c1db|neg_real,apache_c897e033c1db,apache,train,neg_real,0,5
apache_c897e033c1db|neg_synth,apache_c897e033c1db,apache,train,neg_synth,0,5
apache_c897e033c1db|A,apache_c897e033c1db,apache,train,A,1,5
apache_c897e033c1db|B,apache_c897e033c1db,apache,train,B,1,5
apache_c897e033c1db|C,apache_c897e033c1db,apache,train,C,1,5
apache_cbfe5cb6cda6|neg_real,apache_cbfe5cb6cda6,apache,validation,neg_real,0,5
apache_cbfe5cb6cda6|neg_synth,apache_cbfe5cb6cda6,apache,validation,neg_synth,0,5
apache_cbfe5cb6cda6|A,apache_cbfe5cb6cda6,apache,validation,A,1,5
apache_cbfe5cb6cda6|B,apache_cbfe5cb6cda6,apache,validation,B,1,5
apache_cbfe5cb6cda6|C,apache_cbfe5cb6cda6,apache,validation,C,1,5
apache_cca218c464d8|neg_real,apache_cca218c464d8,apache,train,neg_real,0,2
apache_cca218c464d8|neg_synth,apache_cca218c464d8,apache,train,neg_synth,0,2
apache_cca218c464d8|A,apache_cca218c464d8,apache,train,A,1,2
apache_cca218c464d8|B,apache_cca218c464d8,apache,train,B,1,2
apache_cca218c464d8|C,apache_cca218c464d8,apache,train,C,1,2
apache_cd180699a46e|neg_real,apache_cd180699a46e,apache,test,neg_real,0,2
apache_cd180699a46e|neg_synth,apache_cd180699a46e,apache,test,neg_synth,0,2
apache_cd180699a46e|A,apache_cd180699a46e,apache,test,A,1,2
apache_cd180699a46e|B,apache_cd180699a46e,apache,test,B,1,2
apache_cd180699a46e|C,apache_cd180699a46e,apache,test,C,1,2
apache_cdcff91f57bd|neg_real,apache_cdcff91f57bd,apache,train,neg_real,0,4
apache_cdcff91f57bd|neg_synth,apache_cdcff91f57bd,apache,train,neg_synth,0,4
apache_cdcff91f57bd|A,apache_cdcff91f57bd,apache,train,A,1,4
apache_cdcff91f57bd|C,apache_cdcff91f57bd,apache,train,C,1,4
apache_cf7cb3ba7916|neg_real,apache_cf7cb3ba7916,apache,train,neg_real,0,3
apache_cf7cb3ba7916|neg_synth,apache_cf7cb3ba7916,apache,train,neg_synth,0,3
apache_cf7cb3ba7916|A,apache_cf7cb3ba7916,apache,train,A,1,3
apache_cf7cb3ba7916|B,apache_cf7cb3ba7916,apache,train,B,1,3
apache_cf7cb3ba7916|C,apache_cf7cb3ba7916,apache,train,C,1,3
apache_d4221597cc91|neg_real,apache_d4221597cc91,apache,train,neg_real,0,3
apache_d4221597cc91|neg_synth,apache_d4221597cc91,apache,train,neg_synth,0,3
apache_d4221597cc91|A,apache_d4221597cc91,apache,train,A,1,3
apache_d4221597cc91|B,apache_d4221597cc91,apache,train,B,1,3
apache_d4221597cc91|C,apache_d4221597cc91,apache,train,C,1,3
apache_d5963931b282|neg_real,apache_d5963931b282,apache,validation,neg_real,0,2
apache_d5963931b282|neg_synth,apache_d5963931b282,apache,validation,neg_synth,0,2
apache_d5963931b282|A,apache_d5963931b282,apache,validation,A,1,2
apache_d5963931b282|C,apache_d5963931b282,apache,validation,C,1,2
apache_d6a49db361c5|neg_real,apache_d6a49db361c5,apache,train,neg_real,0,2
apache_d6a49db361c5|neg_synth,apache_d6a49db361c5,apache,train,neg_synth,0,2
apache_d6a49db361c5|A,apache_d6a49db361c5,apache,train,A,1,2
apache_d6a49db361c5|C,apache_d6a49db361c5,apache,train,C,1,2
apache_d7578b99b0c4|neg_real,apache_d7578b99b0c4,apache,train,neg_real,0,4
apache_d7578b99b0c4|neg_synth,apache_d7578b99b0c4,apache,train,neg_synth,0,4
apache_d7578b99b0c4|A,apache_d7578b99b0c4,apache,train,A,1,4
apache_d7578b99b0c4|B,apache_d7578b99b0c4,apache,train,B,1,4
apache_d7578b99b0c4|C,apache_d7578b99b0c4,apache,train,C,1,4
apache_d799d747286d|neg_real,apache_d799d747286d,apache,train,neg_real,0,2
apache_d799d747286d|neg_synth,apache_d799d747286d,apache,train,neg_synth,0,2
apache_d799d747286d|A,apache_d799d747286d,apache,train,A,1,2
apache_d799d747286d|B,apache_d799d747286d,apache,train,B,1,2
apache_d799d747286d|C,apache_d799d747286d,apache,train,C,1,2
apache_d7cd0ed86ed8|neg_real,apache_d7cd0ed86ed8,apache,train,neg_real,0,2
apache_d7cd0ed86ed8|neg_synth,apache_d7cd0ed86ed8,apache,train,neg_synth,0,2
apache_d7cd0ed86ed8|A,apache_d7cd0ed86ed8,apache,train,A,1,2
apache_d7cd0ed86ed8|C,apache_d7cd0ed86ed8,apache,train,C,1,2
apache_da59d162177f|neg_real,apache_da59d162177f,apache,validation,neg_real,0,3
apache_da59d162177f|neg_synth,apache_da59d162177f,apache,validation,neg_synth,0,3
apache_da59d162177f|A,apache_da59d162177f,apache,validation,A,1,3
apache_da59d162177f|B,apache_da59d162177f,apache,validation,B,1,3
apache_da59d162177f|C,apache_da59d162177f,apache,validation,C,1,3
apache_da9d6857818f|neg_real,apache_da9d6857818f,apache,train,neg_real,0,2
apache_da9d6857818f|neg_synth,apache_da9d6857818f,apache,train,neg_synth,0,2
apache_da9d6857818f|A,apache_da9d6857818f,apache,train,A,1,2
apache_da9d6857818f|C,apache_da9d6857818f,apache,train,C,1,2
apache_dadd3cafa2e9|neg_real,apache_dadd3cafa2e9,apache,test,neg_real,0,3
apache_dadd3cafa2e9|neg_synth,apache_dadd3cafa2e9,apache,test,neg_synth,0,3
apache_dadd3cafa2e9|A,apache_dadd3cafa2e9,apache,test,A,1,3
apache_dadd3cafa2e9|C,apache_dadd3cafa2e9,apache,test,C,1,3
apache_daf56afd2158|neg_real,apache_daf56afd2158,apache,validation,neg_real,0,2
apache_daf56afd2158|neg_synth,apache_daf56afd2158,apache,validation,neg_synth,0,2
apache_daf56afd2158|A,apache_daf56afd2158,apache,validation,A,1,2
apache_daf56afd2158|B,apache_daf56afd2158,apache,validation,B,1,2
apache_daf56afd2158|C,apache_daf56afd2158,apache,validation,C,1,2
apache_db639c55905d|neg_real,apache_db639c55905d,apache,train,neg_real,0,2
apache_db639c55905d|neg_synth,apache_db639c55905d,apache,train,neg_synth,0,2
apache_db639c55905d|A,apache_db639c55905d,apache,train,A,1,2
apache_db639c55905d|C,apache_db639c55905d,apache,train,C,1,2
apache_dc4d7c26e22c|neg_real,apache_dc4d7c26e22c,apache,train,neg_real,0,2
apache_dc4d7c26e22c|neg_synth,apache_dc4d7c26e22c,apache,train,neg_synth,0,2
apache_dc4d7c26e22c|A,apache_dc4d7c26e22c,apache,train,A,1,2
apache_dc4d7c26e22c|C,apache_dc4d7c26e22c,apache,train,C,1,2
apache_dea334fb4e39|neg_real,apache_dea334fb4e39,apache,train,neg_real,0,3
apache_dea334fb4e39|neg_synth,apache_dea334fb4e39,apache,train,neg_synth,0,3
apache_dea334fb4e39|A,apache_dea334fb4e39,apache,train,A,1,3
apache_dea334fb4e39|B,apache_dea334fb4e39,apache,train,B,1,3
apache_dea334fb4e39|C,apache_dea334fb4e39,apache,train,C,1,3
apache_dfba1e76f4bb|neg_real,apache_dfba1e76f4bb,apache,train,neg_real,0,2
apache_dfba1e76f4bb|neg_synth,apache_dfba1e76f4bb,apache,train,neg_synth,0,2
apache_dfba1e76f4bb|A,apache_dfba1e76f4bb,apache,train,A,1,2
apache_dfba1e76f4bb|B,apache_dfba1e76f4bb,apache,train,B,1,2
apache_dfba1e76f4bb|C,apache_dfba1e76f4bb,apache,train,C,1,2
apache_e18ff34f2e3d|neg_real,apache_e18ff34f2e3d,apache,train,neg_real,0,3
apache_e18ff34f2e3d|neg_synth,apache_e18ff34f2e3d,apache,train,neg_synth,0,3
apache_e18ff34f2e3d|A,apache_e18ff34f2e3d,apache,train,A,1,3
apache_e18ff34f2e3d|B,apache_e18ff34f2e3d,apache,train,B,1,3
apache_e18ff34f2e3d|C,apache_e18ff34f2e3d,apache,train,C,1,3
apache_e5575bb27106|neg_real,apache_e5575bb27106,apache,validation,neg_real,0,2
apache_e5575bb27106|neg_synth,apache_e5575bb27106,apache,validation,neg_synth,0,2
apache_e5575bb27106|A,apache_e5575bb27106,apache,validation,A,1,2
apache_e5575bb27106|B,apache_e5575bb27106,apache,validation,B,1,2
apache_e5575bb27106|C,apache_e5575bb27106,apache,validation,C,1,2
apache_e666faf1061d|neg_real,apache_e666faf1061d,apache,test,neg_real,0,2
apache_e666faf1061d|neg_synth,apache_e666faf1061d,apache,test,neg_synth,0,2
apache_e666faf1061d|A,apache_e666faf1061d,apache,test,A,1,2
apache_e666faf1061d|C,apache_e666faf1061d,apache,test,C,1,2
apache_e7033cb4d2a5|neg_real,apache_e7033cb4d2a5,apache,validation,neg_real,0,2
apache_e7033cb4d2a5|neg_synth,apache_e7033cb4d2a5,apache,validation,neg_synth,0,2
apache_e7033cb4d2a5|A,apache_e7033cb4d2a5,apache,validation,A,1,2
apache_e7033cb4d2a5|B,apache_e7033cb4d2a5,apache,validation,B,1,2
apache_e7033cb4d2a5|C,apache_e7033cb4d2a5,apache,validation,C,1,2
apache_e8401bfef08f|neg_real,apache_e8401bfef08f,apache,validation,neg_real,0,2
apache_e8401bfef08f|neg_synth,apache_e8401bfef08f,apache,validation,neg_synth,0,2
apache_e8401bfef08f|A,apache_e8401bfef08f,apache,validation,A,1,2
apache_e8401bfef08f|B,apache_e8401bfef08f,apache,validation,B,1,2
apache_e8401bfef08f|C,apache_e8401bfef08f,apache,validation,C,1,2
apache_e8a87937a626|neg_real,apache_e8a87937a626,apache,train,neg_real,0,2
apache_e8a87937a626|neg_synth,apache_e8a87937a626,apache,train,neg_synth,0,2
apache_e8a87937a626|A,apache_e8a87937a626,apache,train,A,1,2
apache_e8a87937a626|B,apache_e8a87937a626,apache,train,B,1,2
apache_e8a87937a626|C,apache_e8a87937a626,apache,train,C,1,2
apache_e8abce919a6a|neg_real,apache_e8abce919a6a,apache,validation,neg_real,0,5
apache_e8abce919a6a|neg_synth,apache_e8abce919a6a,apache,validation,neg_synth,0,5
apache_e8abce919a6a|A,apache_e8abce919a6a,apache,validation,A,1,5
apache_e8abce919a6a|C,apache_e8abce919a6a,apache,validation,C,1,5
apache_ea52ccbf57d7|neg_real,apache_ea52ccbf57d7,apache,test,neg_real,0,8
apache_ea52ccbf57d7|neg_synth,apache_ea52ccbf57d7,apache,test,neg_synth,0,8
apache_ea52ccbf57d7|A,apache_ea52ccbf57d7,apache,test,A,1,8
apache_ea52ccbf57d7|C,apache_ea52ccbf57d7,apache,test,C,1,8
apache_ece63c4c41f4|neg_real,apache_ece63c4c41f4,apache,validation,neg_real,0,5
apache_ece63c4c41f4|neg_synth,apache_ece63c4c41f4,apache,validation,neg_synth,0,5
apache_ece63c4c41f4|A,apache_ece63c4c41f4,apache,validation,A,1,5
apache_ece63c4c41f4|B,apache_ece63c4c41f4,apache,validation,B,1,5
apache_ece63c4c41f4|C,apache_ece63c4c41f4,apache,validation,C,1,5
apache_ed3f662287bf|neg_real,apache_ed3f662287bf,apache,test,neg_real,0,2
apache_ed3f662287bf|neg_synth,apache_ed3f662287bf,apache,test,neg_synth,0,2
apache_ed3f662287bf|A,apache_ed3f662287bf,apache,test,A,1,2
apache_ed3f662287bf|C,apache_ed3f662287bf,apache,test,C,1,2
apache_ee3c38f2a5c4|neg_real,apache_ee3c38f2a5c4,apache,validation,neg_real,0,6
apache_ee3c38f2a5c4|neg_synth,apache_ee3c38f2a5c4,apache,validation,neg_synth,0,6
apache_ee3c38f2a5c4|A,apache_ee3c38f2a5c4,apache,validation,A,1,6
apache_ee3c38f2a5c4|B,apache_ee3c38f2a5c4,apache,validation,B,1,6
apache_ee3c38f2a5c4|C,apache_ee3c38f2a5c4,apache,validation,C,1,6
apache_ee8156c70482|neg_real,apache_ee8156c70482,apache,validation,neg_real,0,3
apache_ee8156c70482|neg_synth,apache_ee8156c70482,apache,validation,neg_synth,0,3
apache_ee8156c70482|A,apache_ee8156c70482,apache,validation,A,1,3
apache_ee8156c70482|C,apache_ee8156c70482,apache,validation,C,1,3
apache_efc41395005c|neg_real,apache_efc41395005c,apache,validation,neg_real,0,5
apache_efc41395005c|neg_synth,apache_efc41395005c,apache,validation,neg_synth,0,5
apache_efc41395005c|A,apache_efc41395005c,apache,validation,A,1,5
apache_efc41395005c|B,apache_efc41395005c,apache,validation,B,1,5
apache_efc41395005c|C,apache_efc41395005c,apache,validation,C,1,5
apache_f1c5a9809317|neg_real,apache_f1c5a9809317,apache,validation,neg_real,0,3
apache_f1c5a9809317|neg_synth,apache_f1c5a9809317,apache,validation,neg_synth,0,3
apache_f1c5a9809317|A,apache_f1c5a9809317,apache,validation,A,1,3
apache_f1c5a9809317|B,apache_f1c5a9809317,apache,validation,B,1,3
apache_f1c5a9809317|C,apache_f1c5a9809317,apache,validation,C,1,3
apache_f27dd78061b2|neg_real,apache_f27dd78061b2,apache,train,neg_real,0,14
apache_f27dd78061b2|neg_synth,apache_f27dd78061b2,apache,train,neg_synth,0,14
apache_f27dd78061b2|A,apache_f27dd78061b2,apache,train,A,1,14
apache_f27dd78061b2|B,apache_f27dd78061b2,apache,train,B,1,14
apache_f27dd78061b2|C,apache_f27dd78061b2,apache,train,C,1,14
apache_f4e43a645352|neg_real,apache_f4e43a645352,apache,test,neg_real,0,6
apache_f4e43a645352|neg_synth,apache_f4e43a645352,apache,test,neg_synth,0,6
apache_f4e43a645352|A,apache_f4e43a645352,apache,test,A,1,6
apache_f4e43a645352|B,apache_f4e43a645352,apache,test,B,1,6
apache_f4e43a645352|C,apache_f4e43a645352,apache,test,C,1,6
apache_f5f0096d45c4|neg_real,apache_f5f0096d45c4,apache,train,neg_real,0,4
apache_f5f0096d45c4|neg_synth,apache_f5f0096d45c4,apache,train,neg_synth,0,4
apache_f5f0096d45c4|A,apache_f5f0096d45c4,apache,train,A,1,4
apache_f5f0096d45c4|C,apache_f5f0096d45c4,apache,train,C,1,4
apache_f6311bf2aad6|neg_real,apache_f6311bf2aad6,apache,train,neg_real,0,3
apache_f6311bf2aad6|neg_synth,apache_f6311bf2aad6,apache,train,neg_synth,0,3
apache_f6311bf2aad6|A,apache_f6311bf2aad6,apache,train,A,1,3
apache_f6311bf2aad6|B,apache_f6311bf2aad6,apache,train,B,1,3
apache_f6311bf2aad6|C,apache_f6311bf2aad6,apache,train,C,1,3
apache_f6e9a7a57bca|neg_real,apache_f6e9a7a57bca,apache,test,neg_real,0,2
apache_f6e9a7a57bca|neg_synth,apache_f6e9a7a57bca,apache,test,neg_synth,0,2
apache_f6e9a7a57bca|A,apache_f6e9a7a57bca,apache,test,A,1,2
apache_f6e9a7a57bca|B,apache_f6e9a7a57bca,apache,test,B,1,2
apache_f6e9a7a57bca|C,apache_f6e9a7a57bca,apache,test,C,1,2
apache_f92429f4be30|neg_real,apache_f92429f4be30,apache,train,neg_real,0,5
apache_f92429f4be30|neg_synth,apache_f92429f4be30,apache,train,neg_synth,0,5
apache_f92429f4be30|A,apache_f92429f4be30,apache,train,A,1,5
apache_f92429f4be30|B,apache_f92429f4be30,apache,train,B,1,5
apache_f92429f4be30|C,apache_f92429f4be30,apache,train,C,1,5
apache_fa3418e86e04|neg_real,apache_fa3418e86e04,apache,train,neg_real,0,2
apache_fa3418e86e04|neg_synth,apache_fa3418e86e04,apache,train,neg_synth,0,2
apache_fa3418e86e04|A,apache_fa3418e86e04,apache,train,A,1,2
apache_fa3418e86e04|B,apache_fa3418e86e04,apache,train,B,1,2
apache_fa3418e86e04|C,apache_fa3418e86e04,apache,train,C,1,2
apache_fab33a4bf41a|neg_real,apache_fab33a4bf41a,apache,train,neg_real,0,2
apache_fab33a4bf41a|neg_synth,apache_fab33a4bf41a,apache,train,neg_synth,0,2
apache_fab33a4bf41a|A,apache_fab33a4bf41a,apache,train,A,1,2
apache_fab33a4bf41a|C,apache_fab33a4bf41a,apache,train,C,1,2
apache_fb462e3d1eb7|neg_real,apache_fb462e3d1eb7,apache,train,neg_real,0,3
apache_fb462e3d1eb7|neg_synth,apache_fb462e3d1eb7,apache,train,neg_synth,0,3
apache_fb462e3d1eb7|A,apache_fb462e3d1eb7,apache,train,A,1,3
apache_fb462e3d1eb7|B,apache_fb462e3d1eb7,apache,train,B,1,3
apache_fb462e3d1eb7|C,apache_fb462e3d1eb7,apache,train,C,1,3
apache_fbafee88ca1d|neg_real,apache_fbafee88ca1d,apache,validation,neg_real,0,4
apache_fbafee88ca1d|neg_synth,apache_fbafee88ca1d,apache,validation,neg_synth,0,4
apache_fbafee88ca1d|A,apache_fbafee88ca1d,apache,validation,A,1,4
apache_fbafee88ca1d|C,apache_fbafee88ca1d,apache,validation,C,1,4
apache_fbcfba829d21|neg_real,apache_fbcfba829d21,apache,train,neg_real,0,2
apache_fbcfba829d21|neg_synth,apache_fbcfba829d21,apache,train,neg_synth,0,2
apache_fbcfba829d21|A,apache_fbcfba829d21,apache,train,A,1,2
apache_fbcfba829d21|C,apache_fbcfba829d21,apache,train,C,1,2
apache_ff6c5e07375e|neg_real,apache_ff6c5e07375e,apache,train,neg_real,0,4
apache_ff6c5e07375e|neg_synth,apache_ff6c5e07375e,apache,train,neg_synth,0,4
apache_ff6c5e07375e|A,apache_ff6c5e07375e,apache,train,A,1,4
apache_ff6c5e07375e|B,apache_ff6c5e07375e,apache,train,B,1,4
apache_ff6c5e07375e|C,apache_ff6c5e07375e,apache,train,C,1,4
enron_003832e6ce3f|neg_real,enron_003832e6ce3f,enron,train,neg_real,0,2
enron_003832e6ce3f|neg_synth,enron_003832e6ce3f,enron,train,neg_synth,0,2
enron_003832e6ce3f|A,enron_003832e6ce3f,enron,train,A,1,2
enron_003832e6ce3f|C,enron_003832e6ce3f,enron,train,C,1,2
enron_00696578d9e7|neg_real,enron_00696578d9e7,enron,train,neg_real,0,2
enron_00696578d9e7|neg_synth,enron_00696578d9e7,enron,train,neg_synth,0,2
enron_00696578d9e7|A,enron_00696578d9e7,enron,train,A,1,2
enron_00696578d9e7|C,enron_00696578d9e7,enron,train,C,1,2
enron_01119cdc731d|neg_real,enron_01119cdc731d,enron,train,neg_real,0,3
enron_01119cdc731d|neg_synth,enron_01119cdc731d,enron,train,neg_synth,0,3
enron_01119cdc731d|A,enron_01119cdc731d,enron,train,A,1,3
enron_01119cdc731d|C,enron_01119cdc731d,enron,train,C,1,3
enron_01ac66dd5181|neg_real,enron_01ac66dd5181,enron,validation,neg_real,0,3
enron_01ac66dd5181|neg_synth,enron_01ac66dd5181,enron,validation,neg_synth,0,3
enron_01ac66dd5181|A,enron_01ac66dd5181,enron,validation,A,1,3
enron_01ac66dd5181|C,enron_01ac66dd5181,enron,validation,C,1,3
enron_01e0c8676b85|neg_real,enron_01e0c8676b85,enron,test,neg_real,0,4
enron_01e0c8676b85|neg_synth,enron_01e0c8676b85,enron,test,neg_synth,0,4
enron_01e0c8676b85|A,enron_01e0c8676b85,enron,test,A,1,4
enron_01e0c8676b85|C,enron_01e0c8676b85,enron,test,C,1,4
enron_02395403b1f8|neg_real,enron_02395403b1f8,enron,train,neg_real,0,5
enron_02395403b1f8|neg_synth,enron_02395403b1f8,enron,train,neg_synth,0,5
enron_02395403b1f8|A,enron_02395403b1f8,enron,train,A,1,5
enron_02395403b1f8|C,enron_02395403b1f8,enron,train,C,1,5
enron_0282bf77819e|neg_real,enron_0282bf77819e,enron,train,neg_real,0,2
enron_0282bf77819e|neg_synth,enron_0282bf77819e,enron,train,neg_synth,0,2
enron_0282bf77819e|A,enron_0282bf77819e,enron,train,A,1,2
enron_0282bf77819e|C,enron_0282bf77819e,enron,train,C,1,2
enron_02afbc4e9afd|neg_real,enron_02afbc4e9afd,enron,train,neg_real,0,2
enron_02afbc4e9afd|neg_synth,enron_02afbc4e9afd,enron,train,neg_synth,0,2
enron_02afbc4e9afd|A,enron_02afbc4e9afd,enron,train,A,1,2
enron_02afbc4e9afd|C,enron_02afbc4e9afd,enron,train,C,1,2
enron_047479c85448|neg_real,enron_047479c85448,enron,train,neg_real,0,3
enron_047479c85448|neg_synth,enron_047479c85448,enron,train,neg_synth,0,3
enron_047479c85448|A,enron_047479c85448,enron,train,A,1,3
enron_047479c85448|C,enron_047479c85448,enron,train,C,1,3
enron_05bc13329998|neg_real,enron_05bc13329998,enron,test,neg_real,0,2
enron_05bc13329998|neg_synth,enron_05bc13329998,enron,test,neg_synth,0,2
enron_05bc13329998|A,enron_05bc13329998,enron,test,A,1,2
enron_05bc13329998|C,enron_05bc13329998,enron,test,C,1,2
enron_05ca3342ce50|neg_real,enron_05ca3342ce50,enron,train,neg_real,0,2
enron_05ca3342ce50|neg_synth,enron_05ca3342ce50,enron,train,neg_synth,0,2
enron_05ca3342ce50|A,enron_05ca3342ce50,enron,train,A,1,2
enron_05ca3342ce50|C,enron_05ca3342ce50,enron,train,C,1,2
enron_05dfcb414a37|neg_real,enron_05dfcb414a37,enron,train,neg_real,0,2
enron_05dfcb414a37|neg_synth,enron_05dfcb414a37,enron,train,neg_synth,0,2
enron_05dfcb414a37|A,enron_05dfcb414a37,enron,train,A,1,2
enron_05dfcb414a37|C,enron_05dfcb414a37,enron,train,C,1,2
enron_063d27b5d10a|neg_real,enron_063d27b5d10a,enron,train,neg_real,0,2
enron_063d27b5d10a|neg_synth,enron_063d27b5d10a,enron,train,neg_synth,0,2
enron_063d27b5d10a|A,enron_063d27b5d10a,enron,train,A,1,2
enron_063d27b5d10a|C,enron_063d27b5d10a,enron,train,C,1,2
enron_06f777bdc387|neg_real,enron_06f777bdc387,enron,train,neg_real,0,2
enron_06f777bdc387|neg_synth,enron_06f777bdc387,enron,train,neg_synth,0,2
enron_06f777bdc387|A,enron_06f777bdc387,enron,train,A,1,2
enron_06f777bdc387|C,enron_06f777bdc387,enron,train,C,1,2
enron_096456dcdb2d|neg_real,enron_096456dcdb2d,enron,train,neg_real,0,2
enron_096456dcdb2d|neg_synth,enron_096456dcdb2d,enron,train,neg_synth,0,2
enron_096456dcdb2d|A,enron_096456dcdb2d,enron,train,A,1,2
enron_096456dcdb2d|C,enron_096456dcdb2d,enron,train,C,1,2
enron_09b62b8e72a5|neg_real,enron_09b62b8e72a5,enron,train,neg_real,0,3
enron_09b62b8e72a5|neg_synth,enron_09b62b8e72a5,enron,train,neg_synth,0,3
enron_09b62b8e72a5|A,enron_09b62b8e72a5,enron,train,A,1,3
enron_09b62b8e72a5|C,enron_09b62b8e72a5,enron,train,C,1,3
enron_0b74ed23ebe1|neg_real,enron_0b74ed23ebe1,enron,test,neg_real,0,2
enron_0b74ed23ebe1|neg_synth,enron_0b74ed23ebe1,enron,test,neg_synth,0,2
enron_0b74ed23ebe1|A,enron_0b74ed23ebe1,enron,test,A,1,2
enron_0b74ed23ebe1|C,enron_0b74ed23ebe1,enron,test,C,1,2
enron_0b8fcf152cc4|neg_real,enron_0b8fcf152cc4,enron,validation,neg_real,0,2
enron_0b8fcf152cc4|neg_synth,enron_0b8fcf152cc4,enron,validation,neg_synth,0,2
enron_0b8fcf152cc4|A,enron_0b8fcf152cc4,enron,validation,A,1,2
enron_0b8fcf152cc4|C,enron_0b8fcf152cc4,enron,validation,C,1,2
enron_0c53647632ea|neg_real,enron_0c53647632ea,enron,train,neg_real,0,2
enron_0c53647632ea|neg_synth,enron_0c53647632ea,enron,train,neg_synth,0,2
enron_0c53647632ea|A,enron_0c53647632ea,enron,train,A,1,2
enron_0c53647632ea|C,enron_0c53647632ea,enron,train,C,1,2
enron_0eb92f0a57ed|neg_real,enron_0eb92f0a57ed,enron,train,neg_real,0,2
enron_0eb92f0a57ed|neg_synth,enron_0eb92f0a57ed,enron,train,neg_synth,0,2
enron_0eb92f0a57ed|A,enron_0eb92f0a57ed,enron,train,A,1,2
enron_0eb92f0a57ed|C,enron_0eb92f0a57ed,enron,train,C,1,2
enron_0f13f80d5e32|neg_real,enron_0f13f80d5e32,enron,validation,neg_real,0,3
enron_0f13f80d5e32|neg_synth,enron_0f13f80d5e32,enron,validation,neg_synth,0,3
enron_0f13f80d5e32|A,enron_0f13f80d5e32,enron,validation,A,1,3
enron_0f13f80d5e32|C,enron_0f13f80d5e32,enron,validation,C,1,3
enron_0f3d9ed07838|neg_real,enron_0f3d9ed07838,enron,validation,neg_real,0,3
enron_0f3d9ed07838|neg_synth,enron_0f3d9ed07838,enron,validation,neg_synth,0,3
enron_0f3d9ed07838|A,enron_0f3d9ed07838,enron,validation,A,1,3
enron_0f3d9ed07838|C,enron_0f3d9ed07838,enron,validation,C,1,3
enron_0f9aef8be621|neg_real,enron_0f9aef8be621,enron,validation,neg_real,0,2
enron_0f9aef8be621|neg_synth,enron_0f9aef8be621,enron,validation,neg_synth,0,2
enron_0f9aef8be621|A,enron_0f9aef8be621,enron,validation,A,1,2
enron_0f9aef8be621|C,enron_0f9aef8be621,enron,validation,C,1,2
enron_11db741421a3|neg_real,enron_11db741421a3,enron,train,neg_real,0,2
enron_11db741421a3|neg_synth,enron_11db741421a3,enron,train,neg_synth,0,2
enron_11db741421a3|A,enron_11db741421a3,enron,train,A,1,2
enron_11db741421a3|C,enron_11db741421a3,enron,train,C,1,2
enron_132a0deb44d5|neg_real,enron_132a0deb44d5,enron,test,neg_real,0,4
enron_132a0deb44d5|neg_synth,enron_132a0deb44d5,enron,test,neg_synth,0,4
enron_132a0deb44d5|A,enron_132a0deb44d5,enron,test,A,1,4
enron_132a0deb44d5|C,enron_132a0deb44d5,enron,test,C,1,4
enron_1588fa1cfdca|neg_real,enron_1588fa1cfdca,enron,train,neg_real,0,18
enron_1588fa1cfdca|neg_synth,enron_1588fa1cfdca,enron,train,neg_synth,0,18
enron_1588fa1cfdca|A,enron_1588fa1cfdca,enron,train,A,1,18
enron_1588fa1cfdca|C,enron_1588fa1cfdca,enron,train,C,1,18
enron_15963d7b866c|neg_real,enron_15963d7b866c,enron,train,neg_real,0,2
enron_15963d7b866c|neg_synth,enron_15963d7b866c,enron,train,neg_synth,0,2
enron_15963d7b866c|A,enron_15963d7b866c,enron,train,A,1,2
enron_15963d7b866c|C,enron_15963d7b866c,enron,train,C,1,2
enron_15b2f78b1ee2|neg_real,enron_15b2f78b1ee2,enron,train,neg_real,0,2
enron_15b2f78b1ee2|neg_synth,enron_15b2f78b1ee2,enron,train,neg_synth,0,2
enron_15b2f78b1ee2|A,enron_15b2f78b1ee2,enron,train,A,1,2
enron_15b2f78b1ee2|C,enron_15b2f78b1ee2,enron,train,C,1,2
enron_15d29738f9f4|neg_real,enron_15d29738f9f4,enron,train,neg_real,0,2
enron_15d29738f9f4|neg_synth,enron_15d29738f9f4,enron,train,neg_synth,0,2
enron_15d29738f9f4|A,enron_15d29738f9f4,enron,train,A,1,2
enron_15d29738f9f4|C,enron_15d29738f9f4,enron,train,C,1,2
enron_162c40b162d0|neg_real,enron_162c40b162d0,enron,train,neg_real,0,2
enron_162c40b162d0|neg_synth,enron_162c40b162d0,enron,train,neg_synth,0,2
enron_162c40b162d0|A,enron_162c40b162d0,enron,train,A,1,2
enron_162c40b162d0|C,enron_162c40b162d0,enron,train,C,1,2
enron_162ec5d7476f|neg_real,enron_162ec5d7476f,enron,train,neg_real,0,2
enron_162ec5d7476f|neg_synth,enron_162ec5d7476f,enron,train,neg_synth,0,2
enron_162ec5d7476f|A,enron_162ec5d7476f,enron,train,A,1,2
enron_162ec5d7476f|C,enron_162ec5d7476f,enron,train,C,1,2
enron_17300110755a|neg_real,enron_17300110755a,enron,train,neg_real,0,7
enron_17300110755a|neg_synth,enron_17300110755a,enron,train,neg_synth,0,7
enron_17300110755a|A,enron_17300110755a,enron,train,A,1,7
enron_17300110755a|C,enron_17300110755a,enron,train,C,1,7
enron_19efe2fc11b0|neg_real,enron_19efe2fc11b0,enron,train,neg_real,0,2
enron_19efe2fc11b0|neg_synth,enron_19efe2fc11b0,enron,train,neg_synth,0,2
enron_19efe2fc11b0|A,enron_19efe2fc11b0,enron,train,A,1,2
enron_19efe2fc11b0|C,enron_19efe2fc11b0,enron,train,C,1,2
enron_19f98b4638c9|neg_real,enron_19f98b4638c9,enron,train,neg_real,0,2
enron_19f98b4638c9|neg_synth,enron_19f98b4638c9,enron,train,neg_synth,0,2
enron_19f98b4638c9|A,enron_19f98b4638c9,enron,train,A,1,2
enron_19f98b4638c9|C,enron_19f98b4638c9,enron,train,C,1,2
enron_1a893fa5f4cb|neg_real,enron_1a893fa5f4cb,enron,test,neg_real,0,5
enron_1a893fa5f4cb|neg_synth,enron_1a893fa5f4cb,enron,test,neg_synth,0,5
enron_1a893fa5f4cb|A,enron_1a893fa5f4cb,enron,test,A,1,5
enron_1a893fa5f4cb|C,enron_1a893fa5f4cb,enron,test,C,1,5
enron_1bca966c1eb1|neg_real,enron_1bca966c1eb1,enron,train,neg_real,0,2
enron_1bca966c1eb1|neg_synth,enron_1bca966c1eb1,enron,train,neg_synth,0,2
enron_1bca966c1eb1|A,enron_1bca966c1eb1,enron,train,A,1,2
enron_1bca966c1eb1|C,enron_1bca966c1eb1,enron,train,C,1,2
enron_1d76569b7d60|neg_real,enron_1d76569b7d60,enron,train,neg_real,0,3
enron_1d76569b7d60|neg_synth,enron_1d76569b7d60,enron,train,neg_synth,0,3
enron_1d76569b7d60|A,enron_1d76569b7d60,enron,train,A,1,3
enron_1d76569b7d60|C,enron_1d76569b7d60,enron,train,C,1,3
enron_1e5b353e1d14|neg_real,enron_1e5b353e1d14,enron,test,neg_real,0,2
enron_1e5b353e1d14|neg_synth,enron_1e5b353e1d14,enron,test,neg_synth,0,2
enron_1e5b353e1d14|A,enron_1e5b353e1d14,enron,test,A,1,2
enron_1e5b353e1d14|C,enron_1e5b353e1d14,enron,test,C,1,2
enron_2178933062d8|neg_real,enron_2178933062d8,enron,test,neg_real,0,3
enron_2178933062d8|neg_synth,enron_2178933062d8,enron,test,neg_synth,0,3
enron_2178933062d8|A,enron_2178933062d8,enron,test,A,1,3
enron_2178933062d8|C,enron_2178933062d8,enron,test,C,1,3
enron_22be2dedd47f|neg_real,enron_22be2dedd47f,enron,train,neg_real,0,2
enron_22be2dedd47f|neg_synth,enron_22be2dedd47f,enron,train,neg_synth,0,2
enron_22be2dedd47f|A,enron_22be2dedd47f,enron,train,A,1,2
enron_22be2dedd47f|C,enron_22be2dedd47f,enron,train,C,1,2
enron_24425422ad34|neg_real,enron_24425422ad34,enron,train,neg_real,0,3
enron_24425422ad34|neg_synth,enron_24425422ad34,enron,train,neg_synth,0,3
enron_24425422ad34|A,enron_24425422ad34,enron,train,A,1,3
enron_24425422ad34|C,enron_24425422ad34,enron,train,C,1,3
enron_24b0c5262442|neg_real,enron_24b0c5262442,enron,train,neg_real,0,2
enron_24b0c5262442|neg_synth,enron_24b0c5262442,enron,train,neg_synth,0,2
enron_24b0c5262442|A,enron_24b0c5262442,enron,train,A,1,2
enron_24b0c5262442|C,enron_24b0c5262442,enron,train,C,1,2
enron_24f13a4d2426|neg_real,enron_24f13a4d2426,enron,validation,neg_real,0,2
enron_24f13a4d2426|neg_synth,enron_24f13a4d2426,enron,validation,neg_synth,0,2
enron_24f13a4d2426|A,enron_24f13a4d2426,enron,validation,A,1,2
enron_24f13a4d2426|C,enron_24f13a4d2426,enron,validation,C,1,2
enron_25031597a647|neg_real,enron_25031597a647,enron,validation,neg_real,0,2
enron_25031597a647|neg_synth,enron_25031597a647,enron,validation,neg_synth,0,2
enron_25031597a647|A,enron_25031597a647,enron,validation,A,1,2
enron_25031597a647|C,enron_25031597a647,enron,validation,C,1,2
enron_255fde4ef605|neg_real,enron_255fde4ef605,enron,train,neg_real,0,4
enron_255fde4ef605|neg_synth,enron_255fde4ef605,enron,train,neg_synth,0,4
enron_255fde4ef605|A,enron_255fde4ef605,enron,train,A,1,4
enron_255fde4ef605|C,enron_255fde4ef605,enron,train,C,1,4
enron_2780620a3928|neg_real,enron_2780620a3928,enron,validation,neg_real,0,2
enron_2780620a3928|neg_synth,enron_2780620a3928,enron,validation,neg_synth,0,2
enron_2780620a3928|A,enron_2780620a3928,enron,validation,A,1,2
enron_2780620a3928|C,enron_2780620a3928,enron,validation,C,1,2
enron_29904ff7c1c0|neg_real,enron_29904ff7c1c0,enron,train,neg_real,0,4
enron_29904ff7c1c0|neg_synth,enron_29904ff7c1c0,enron,train,neg_synth,0,4
enron_29904ff7c1c0|A,enron_29904ff7c1c0,enron,train,A,1,4
enron_29904ff7c1c0|C,enron_29904ff7c1c0,enron,train,C,1,4
enron_2a3a121ae765|neg_real,enron_2a3a121ae765,enron,train,neg_real,0,2
enron_2a3a121ae765|neg_synth,enron_2a3a121ae765,enron,train,neg_synth,0,2
enron_2a3a121ae765|A,enron_2a3a121ae765,enron,train,A,1,2
enron_2a3a121ae765|C,enron_2a3a121ae765,enron,train,C,1,2
enron_2b2b2dbee205|neg_real,enron_2b2b2dbee205,enron,test,neg_real,0,3
enron_2b2b2dbee205|neg_synth,enron_2b2b2dbee205,enron,test,neg_synth,0,3
enron_2b2b2dbee205|A,enron_2b2b2dbee205,enron,test,A,1,3
enron_2b2b2dbee205|C,enron_2b2b2dbee205,enron,test,C,1,3
enron_2c140e6cd39f|neg_real,enron_2c140e6cd39f,enron,train,neg_real,0,2
enron_2c140e6cd39f|neg_synth,enron_2c140e6cd39f,enron,train,neg_synth,0,2
enron_2c140e6cd39f|A,enron_2c140e6cd39f,enron,train,A,1,2
enron_2c140e6cd39f|C,enron_2c140e6cd39f,enron,train,C,1,2
enron_2c9830ac40f0|neg_real,enron_2c9830ac40f0,enron,train,neg_real,0,6
enron_2c9830ac40f0|neg_synth,enron_2c9830ac40f0,enron,train,neg_synth,0,6
enron_2c9830ac40f0|A,enron_2c9830ac40f0,enron,train,A,1,6
enron_2c9830ac40f0|C,enron_2c9830ac40f0,enron,train,C,1,6
enron_2fdbbc31ad5a|neg_real,enron_2fdbbc31ad5a,enron,validation,neg_real,0,2
enron_2fdbbc31ad5a|neg_synth,enron_2fdbbc31ad5a,enron,validation,neg_synth,0,2
enron_2fdbbc31ad5a|A,enron_2fdbbc31ad5a,enron,validation,A,1,2
enron_2fdbbc31ad5a|C,enron_2fdbbc31ad5a,enron,validation,C,1,2
enron_312bfb4216f8|neg_real,enron_312bfb4216f8,enron,test,neg_real,0,4
enron_312bfb4216f8|neg_synth,enron_312bfb4216f8,enron,test,neg_synth,0,4
enron_312bfb4216f8|A,enron_312bfb4216f8,enron,test,A,1,4
enron_312bfb4216f8|C,enron_312bfb4216f8,enron,test,C,1,4
enron_314831f9c75c|neg_real,enron_314831f9c75c,enron,validation,neg_real,0,2
enron_314831f9c75c|neg_synth,enron_314831f9c75c,enron,validation,neg_synth,0,2
enron_314831f9c75c|A,enron_314831f9c75c,enron,validation,A,1,2
enron_314831f9c75c|C,enron_314831f9c75c,enron,validation,C,1,2
enron_31a17b20cac6|neg_real,enron_31a17b20cac6,enron,train,neg_real,0,2
enron_31a17b20cac6|neg_synth,enron_31a17b20cac6,enron,train,neg_synth,0,2
enron_31a17b20cac6|A,enron_31a17b20cac6,enron,train,A,1,2
enron_31a17b20cac6|C,enron_31a17b20cac6,enron,train,C,1,2
enron_3272d23bc475|neg_real,enron_3272d23bc475,enron,train,neg_real,0,2
enron_3272d23bc475|neg_synth,enron_3272d23bc475,enron,train,neg_synth,0,2
enron_3272d23bc475|A,enron_3272d23bc475,enron,train,A,1,2
enron_3272d23bc475|C,enron_3272d23bc475,enron,train,C,1,2
enron_3277728bb691|neg_real,enron_3277728bb691,enron,train,neg_real,0,8
enron_3277728bb691|neg_synth,enron_3277728bb691,enron,train,neg_synth,0,8
enron_3277728bb691|A,enron_3277728bb691,enron,train,A,1,8
enron_3277728bb691|C,enron_3277728bb691,enron,train,C,1,8
enron_345f3444426c|neg_real,enron_345f3444426c,enron,test,neg_real,0,2
enron_345f3444426c|neg_synth,enron_345f3444426c,enron,test,neg_synth,0,2
enron_345f3444426c|A,enron_345f3444426c,enron,test,A,1,2
enron_345f3444426c|C,enron_345f3444426c,enron,test,C,1,2
enron_356b7f886f96|neg_real,enron_356b7f886f96,enron,train,neg_real,0,2
enron_356b7f886f96|neg_synth,enron_356b7f886f96,enron,train,neg_synth,0,2
enron_356b7f886f96|A,enron_356b7f886f96,enron,train,A,1,2
enron_356b7f886f96|C,enron_356b7f886f96,enron,train,C,1,2
enron_36b97e936282|neg_real,enron_36b97e936282,enron,train,neg_real,0,2
enron_36b97e936282|neg_synth,enron_36b97e936282,enron,train,neg_synth,0,2
enron_36b97e936282|A,enron_36b97e936282,enron,train,A,1,2
enron_36b97e936282|C,enron_36b97e936282,enron,train,C,1,2
enron_37c2d07987fb|neg_real,enron_37c2d07987fb,enron,train,neg_real,0,2
enron_37c2d07987fb|neg_synth,enron_37c2d07987fb,enron,train,neg_synth,0,2
enron_37c2d07987fb|A,enron_37c2d07987fb,enron,train,A,1,2
enron_37c2d07987fb|C,enron_37c2d07987fb,enron,train,C,1,2
enron_38c9e4a6ddfc|neg_real,enron_38c9e4a6ddfc,enron,train,neg_real,0,2
enron_38c9e4a6ddfc|neg_synth,enron_38c9e4a6ddfc,enron,train,neg_synth,0,2
enron_38c9e4a6ddfc|A,enron_38c9e4a6ddfc,enron,train,A,1,2
enron_38c9e4a6ddfc|C,enron_38c9e4a6ddfc,enron,train,C,1,2
enron_3911e43be7eb|neg_real,enron_3911e43be7eb,enron,train,neg_real,0,2
enron_3911e43be7eb|neg_synth,enron_3911e43be7eb,enron,train,neg_synth,0,2
enron_3911e43be7eb|A,enron_3911e43be7eb,enron,train,A,1,2
enron_3911e43be7eb|C,enron_3911e43be7eb,enron,train,C,1,2
enron_39b7a0028df6|neg_real,enron_39b7a0028df6,enron,validation,neg_real,0,2
enron_39b7a0028df6|neg_synth,enron_39b7a0028df6,enron,validation,neg_synth,0,2
enron_39b7a0028df6|A,enron_39b7a0028df6,enron,validation,A,1,2
enron_39b7a0028df6|C,enron_39b7a0028df6,enron,validation,C,1,2
enron_3a5d3ead8d67|neg_real,enron_3a5d3ead8d67,enron,train,neg_real,0,2
enron_3a5d3ead8d67|neg_synth,enron_3a5d3ead8d67,enron,train,neg_synth,0,2
enron_3a5d3ead8d67|A,enron_3a5d3ead8d67,enron,train,A,1,2
enron_3a5d3ead8d67|C,enron_3a5d3ead8d67,enron,train,C,1,2
enron_3a73ffb9c745|neg_real,enron_3a73ffb9c745,enron,train,neg_real,0,2
enron_3a73ffb9c745|neg_synth,enron_3a73ffb9c745,enron,train,neg_synth,0,2
enron_3a73ffb9c745|A,enron_3a73ffb9c745,enron,train,A,1,2
enron_3a73ffb9c745|C,enron_3a73ffb9c745,enron,train,C,1,2
enron_3c88937047dc|neg_real,enron_3c88937047dc,enron,train,neg_real,0,2
enron_3c88937047dc|neg_synth,enron_3c88937047dc,enron,train,neg_synth,0,2
enron_3c88937047dc|A,enron_3c88937047dc,enron,train,A,1,2
enron_3c88937047dc|C,enron_3c88937047dc,enron,train,C,1,2
enron_3cd1b29f368a|neg_real,enron_3cd1b29f368a,enron,test,neg_real,0,2
enron_3cd1b29f368a|neg_synth,enron_3cd1b29f368a,enron,test,neg_synth,0,2
enron_3cd1b29f368a|A,enron_3cd1b29f368a,enron,test,A,1,2
enron_3cd1b29f368a|C,enron_3cd1b29f368a,enron,test,C,1,2
enron_3eace1d31b9a|neg_real,enron_3eace1d31b9a,enron,validation,neg_real,0,3
enron_3eace1d31b9a|neg_synth,enron_3eace1d31b9a,enron,validation,neg_synth,0,3
enron_3eace1d31b9a|A,enron_3eace1d31b9a,enron,validation,A,1,3
enron_3eace1d31b9a|C,enron_3eace1d31b9a,enron,validation,C,1,3
enron_3eb71930d0d7|neg_real,enron_3eb71930d0d7,enron,train,neg_real,0,3
enron_3eb71930d0d7|neg_synth,enron_3eb71930d0d7,enron,train,neg_synth,0,3
enron_3eb71930d0d7|A,enron_3eb71930d0d7,enron,train,A,1,3
enron_3eb71930d0d7|C,enron_3eb71930d0d7,enron,train,C,1,3
enron_40035bc0c4f3|neg_real,enron_40035bc0c4f3,enron,train,neg_real,0,2
enron_40035bc0c4f3|neg_synth,enron_40035bc0c4f3,enron,train,neg_synth,0,2
enron_40035bc0c4f3|A,enron_40035bc0c4f3,enron,train,A,1,2
enron_40035bc0c4f3|C,enron_40035bc0c4f3,enron,train,C,1,2
enron_424bb1c17eee|neg_real,enron_424bb1c17eee,enron,train,neg_real,0,2
enron_424bb1c17eee|neg_synth,enron_424bb1c17eee,enron,train,neg_synth,0,2
enron_424bb1c17eee|A,enron_424bb1c17eee,enron,train,A,1,2
enron_424bb1c17eee|C,enron_424bb1c17eee,enron,train,C,1,2
enron_435d6ebdfde8|neg_real,enron_435d6ebdfde8,enron,test,neg_real,0,2
enron_435d6ebdfde8|neg_synth,enron_435d6ebdfde8,enron,test,neg_synth,0,2
enron_435d6ebdfde8|A,enron_435d6ebdfde8,enron,test,A,1,2
enron_435d6ebdfde8|C,enron_435d6ebdfde8,enron,test,C,1,2
enron_437923988873|neg_real,enron_437923988873,enron,test,neg_real,0,2
enron_437923988873|neg_synth,enron_437923988873,enron,test,neg_synth,0,2
enron_437923988873|A,enron_437923988873,enron,test,A,1,2
enron_437923988873|C,enron_437923988873,enron,test,C,1,2
enron_44aa9a9bac9e|neg_real,enron_44aa9a9bac9e,enron,train,neg_real,0,3
enron_44aa9a9bac9e|neg_synth,enron_44aa9a9bac9e,enron,train,neg_synth,0,3
enron_44aa9a9bac9e|A,enron_44aa9a9bac9e,enron,train,A,1,3
enron_44aa9a9bac9e|C,enron_44aa9a9bac9e,enron,train,C,1,3
enron_44e129b26aa9|neg_real,enron_44e129b26aa9,enron,train,neg_real,0,2
enron_44e129b26aa9|neg_synth,enron_44e129b26aa9,enron,train,neg_synth,0,2
enron_44e129b26aa9|A,enron_44e129b26aa9,enron,train,A,1,2
enron_44e129b26aa9|C,enron_44e129b26aa9,enron,train,C,1,2
enron_44fb614cd676|neg_real,enron_44fb614cd676,enron,test,neg_real,0,2
enron_44fb614cd676|neg_synth,enron_44fb614cd676,enron,test,neg_synth,0,2
enron_44fb614cd676|A,enron_44fb614cd676,enron,test,A,1,2
enron_44fb614cd676|C,enron_44fb614cd676,enron,test,C,1,2
enron_46c4b39b658a|neg_real,enron_46c4b39b658a,enron,train,neg_real,0,3
enron_46c4b39b658a|neg_synth,enron_46c4b39b658a,enron,train,neg_synth,0,3
enron_46c4b39b658a|A,enron_46c4b39b658a,enron,train,A,1,3
enron_46c4b39b658a|C,enron_46c4b39b658a,enron,train,C,1,3
enron_471358b7fd54|neg_real,enron_471358b7fd54,enron,train,neg_real,0,2
enron_471358b7fd54|neg_synth,enron_471358b7fd54,enron,train,neg_synth,0,2
enron_471358b7fd54|A,enron_471358b7fd54,enron,train,A,1,2
enron_471358b7fd54|C,enron_471358b7fd54,enron,train,C,1,2
enron_48264f81ba1a|neg_real,enron_48264f81ba1a,enron,test,neg_real,0,2
enron_48264f81ba1a|neg_synth,enron_48264f81ba1a,enron,test,neg_synth,0,2
enron_48264f81ba1a|A,enron_48264f81ba1a,enron,test,A,1,2
enron_48264f81ba1a|C,enron_48264f81ba1a,enron,test,C,1,2
enron_48fc6aa1bc28|neg_real,enron_48fc6aa1bc28,enron,train,neg_real,0,3
enron_48fc6aa1bc28|neg_synth,enron_48fc6aa1bc28,enron,train,neg_synth,0,3
enron_48fc6aa1bc28|A,enron_48fc6aa1bc28,enron,train,A,1,3
enron_48fc6aa1bc28|C,enron_48fc6aa1bc28,enron,train,C,1,3
enron_49c5405b73bc|neg_real,enron_49c5405b73bc,enron,validation,neg_real,0,3
enron_49c5405b73bc|neg_synth,enron_49c5405b73bc,enron,validation,neg_synth,0,3
enron_49c5405b73bc|A,enron_49c5405b73bc,enron,validation,A,1,3
enron_49c5405b73bc|C,enron_49c5405b73bc,enron,validation,C,1,3
enron_4a2b8c03353d|neg_real,enron_4a2b8c03353d,enron,train,neg_real,0,2
enron_4a2b8c03353d|neg_synth,enron_4a2b8c03353d,enron,train,neg_synth,0,2
enron_4a2b8c03353d|A,enron_4a2b8c03353d,enron,train,A,1,2
enron_4a2b8c03353d|C,enron_4a2b8c03353d,enron,train,C,1,2
enron_4a640b5a1086|neg_real,enron_4a640b5a1086,enron,train,neg_real,0,2
enron_4a640b5a1086|neg_synth,enron_4a640b5a1086,enron,train,neg_synth,0,2
enron_4a640b5a1086|A,enron_4a640b5a1086,enron,train,A,1,2
enron_4a640b5a1086|C,enron_4a640b5a1086,enron,train,C,1,2
enron_4ab2c3c4bb98|neg_real,enron_4ab2c3c4bb98,enron,train,neg_real,0,3
enron_4ab2c3c4bb98|neg_synth,enron_4ab2c3c4bb98,enron,train,neg_synth,0,3
enron_4ab2c3c4bb98|A,enron_4ab2c3c4bb98,enron,train,A,1,3
enron_4ab2c3c4bb98|C,enron_4ab2c3c4bb98,enron,train,C,1,3
enron_4ac1f1a654d6|neg_real,enron_4ac1f1a654d6,enron,train,neg_real,0,2
enron_4ac1f1a654d6|neg_synth,enron_4ac1f1a654d6,enron,train,neg_synth,0,2
enron_4ac1f1a654d6|A,enron_4ac1f1a654d6,enron,train,A,1,2
enron_4ac1f1a654d6|C,enron_4ac1f1a654d6,enron,train,C,1,2
enron_4bef00c79d81|neg_real,enron_4bef00c79d81,enron,train,neg_real,0,3
enron_4bef00c79d81|neg_synth,enron_4bef00c79d81,enron,train,neg_synth,0,3
enron_4bef00c79d81|A,enron_4bef00c79d81,enron,train,A,1,3
enron_4bef00c79d81|C,enron_4bef00c79d81,enron,train,C,1,3
enron_4c05f707c4f6|neg_real,enron_4c05f707c4f6,enron,test,neg_real,0,2
enron_4c05f707c4f6|neg_synth,enron_4c05f707c4f6,enron,test,neg_synth,0,2
enron_4c05f707c4f6|A,enron_4c05f707c4f6,enron,test,A,1,2
enron_4c05f707c4f6|C,enron_4c05f707c4f6,enron,test,C,1,2
enron_4c92f712a117|neg_real,enron_4c92f712a117,enron,train,neg_real,0,2
enron_4c92f712a117|neg_synth,enron_4c92f712a117,enron,train,neg_synth,0,2
enron_4c92f712a117|A,enron_4c92f712a117,enron,train,A,1,2
enron_4c92f712a117|C,enron_4c92f712a117,enron,train,C,1,2
enron_4d3c42694439|neg_real,enron_4d3c42694439,enron,train,neg_real,0,2
enron_4d3c42694439|neg_synth,enron_4d3c42694439,enron,train,neg_synth,0,2
enron_4d3c42694439|A,enron_4d3c42694439,enron,train,A,1,2
enron_4d3c42694439|C,enron_4d3c42694439,enron,train,C,1,2
enron_4dd30f6200f5|neg_real,enron_4dd30f6200f5,enron,train,neg_real,0,5
enron_4dd30f6200f5|neg_synth,enron_4dd30f6200f5,enron,train,neg_synth,0,5
enron_4dd30f6200f5|A,enron_4dd30f6200f5,enron,train,A,1,5
enron_4dd30f6200f5|C,enron_4dd30f6200f5,enron,train,C,1,5
enron_4dfc69934466|neg_real,enron_4dfc69934466,enron,train,neg_real,0,4
enron_4dfc69934466|neg_synth,enron_4dfc69934466,enron,train,neg_synth,0,4
enron_4dfc69934466|A,enron_4dfc69934466,enron,train,A,1,4
enron_4dfc69934466|C,enron_4dfc69934466,enron,train,C,1,4
enron_4e746927a90b|neg_real,enron_4e746927a90b,enron,train,neg_real,0,2
enron_4e746927a90b|neg_synth,enron_4e746927a90b,enron,train,neg_synth,0,2
enron_4e746927a90b|A,enron_4e746927a90b,enron,train,A,1,2
enron_4e746927a90b|C,enron_4e746927a90b,enron,train,C,1,2
enron_4ed14040d002|neg_real,enron_4ed14040d002,enron,train,neg_real,0,3
enron_4ed14040d002|neg_synth,enron_4ed14040d002,enron,train,neg_synth,0,3
enron_4ed14040d002|A,enron_4ed14040d002,enron,train,A,1,3
enron_4ed14040d002|C,enron_4ed14040d002,enron,train,C,1,3
enron_4f2fc7bebd01|neg_real,enron_4f2fc7bebd01,enron,train,neg_real,0,2
enron_4f2fc7bebd01|neg_synth,enron_4f2fc7bebd01,enron,train,neg_synth,0,2
enron_4f2fc7bebd01|A,enron_4f2fc7bebd01,enron,train,A,1,2
enron_4f2fc7bebd01|C,enron_4f2fc7bebd01,enron,train,C,1,2
enron_5097ef4a1532|neg_real,enron_5097ef4a1532,enron,test,neg_real,0,3
enron_5097ef4a1532|neg_synth,enron_5097ef4a1532,enron,test,neg_synth,0,3
enron_5097ef4a1532|A,enron_5097ef4a1532,enron,test,A,1,3
enron_5097ef4a1532|C,enron_5097ef4a1532,enron,test,C,1,3
enron_52aeeeb3ce66|neg_real,enron_52aeeeb3ce66,enron,train,neg_real,0,3
enron_52aeeeb3ce66|neg_synth,enron_52aeeeb3ce66,enron,train,neg_synth,0,3
enron_52aeeeb3ce66|A,enron_52aeeeb3ce66,enron,train,A,1,3
enron_52aeeeb3ce66|C,enron_52aeeeb3ce66,enron,train,C,1,3
enron_560823fc50c9|neg_real,enron_560823fc50c9,enron,test,neg_real,0,3
enron_560823fc50c9|neg_synth,enron_560823fc50c9,enron,test,neg_synth,0,3
enron_560823fc50c9|A,enron_560823fc50c9,enron,test,A,1,3
enron_560823fc50c9|C,enron_560823fc50c9,enron,test,C,1,3
enron_570a470bd3fe|neg_real,enron_570a470bd3fe,enron,validation,neg_real,0,2
enron_570a470bd3fe|neg_synth,enron_570a470bd3fe,enron,validation,neg_synth,0,2
enron_570a470bd3fe|A,enron_570a470bd3fe,enron,validation,A,1,2
enron_570a470bd3fe|C,enron_570a470bd3fe,enron,validation,C,1,2
enron_58cf7c661220|neg_real,enron_58cf7c661220,enron,train,neg_real,0,2
enron_58cf7c661220|neg_synth,enron_58cf7c661220,enron,train,neg_synth,0,2
enron_58cf7c661220|A,enron_58cf7c661220,enron,train,A,1,2
enron_58cf7c661220|C,enron_58cf7c661220,enron,train,C,1,2
enron_5cd6122badca|neg_real,enron_5cd6122badca,enron,train,neg_real,0,2
enron_5cd6122badca|neg_synth,enron_5cd6122badca,enron,train,neg_synth,0,2
enron_5cd6122badca|A,enron_5cd6122badca,enron,train,A,1,2
enron_5cd6122badca|C,enron_5cd6122badca,enron,train,C,1,2
enron_5e7ff71f0ac9|neg_real,enron_5e7ff71f0ac9,enron,train,neg_real,0,2
enron_5e7ff71f0ac9|neg_synth,enron_5e7ff71f0ac9,enron,train,neg_synth,0,2
enron_5e7ff71f0ac9|A,enron_5e7ff71f0ac9,enron,train,A,1,2
enron_5e7ff71f0ac9|C,enron_5e7ff71f0ac9,enron,train,C,1,2
enron_5eed8cd00a8a|neg_real,enron_5eed8cd00a8a,enron,train,neg_real,0,3
enron_5eed8cd00a8a|neg_synth,enron_5eed8cd00a8a,enron,train,neg_synth,0,3
enron_5eed8cd00a8a|A,enron_5eed8cd00a8a,enron,train,A,1,3
enron_5eed8cd00a8a|C,enron_5eed8cd00a8a,enron,train,C,1,3
enron_5f51c00c73cf|neg_real,enron_5f51c00c73cf,enron,train,neg_real,0,2
enron_5f51c00c73cf|neg_synth,enron_5f51c00c73cf,enron,train,neg_synth,0,2
enron_5f51c00c73cf|A,enron_5f51c00c73cf,enron,train,A,1,2
enron_5f51c00c73cf|C,enron_5f51c00c73cf,enron,train,C,1,2
enron_5fcefe909596|neg_real,enron_5fcefe909596,enron,train,neg_real,0,2
enron_5fcefe909596|neg_synth,enron_5fcefe909596,enron,train,neg_synth,0,2
enron_5fcefe909596|A,enron_5fcefe909596,enron,train,A,1,2
enron_5fcefe909596|C,enron_5fcefe909596,enron,train,C,1,2
enron_604dbe8dcaa7|neg_real,enron_604dbe8dcaa7,enron,train,neg_real,0,3
enron_604dbe8dcaa7|neg_synth,enron_604dbe8dcaa7,enron,train,neg_synth,0,3
enron_604dbe8dcaa7|A,enron_604dbe8dcaa7,enron,train,A,1,3
enron_604dbe8dcaa7|C,enron_604dbe8dcaa7,enron,train,C,1,3
enron_60c42bb38b1a|neg_real,enron_60c42bb38b1a,enron,train,neg_real,0,3
enron_60c42bb38b1a|neg_synth,enron_60c42bb38b1a,enron,train,neg_synth,0,3
enron_60c42bb38b1a|A,enron_60c42bb38b1a,enron,train,A,1,3
enron_60c42bb38b1a|C,enron_60c42bb38b1a,enron,train,C,1,3
enron_6141d3b26d91|neg_real,enron_6141d3b26d91,enron,test,neg_real,0,2
enron_6141d3b26d91|neg_synth,enron_6141d3b26d91,enron,test,neg_synth,0,2
enron_6141d3b26d91|A,enron_6141d3b26d91,enron,test,A,1,2
enron_6141d3b26d91|C,enron_6141d3b26d91,enron,test,C,1,2
enron_61f01d4bd452|neg_real,enron_61f01d4bd452,enron,train,neg_real,0,2
enron_61f01d4bd452|neg_synth,enron_61f01d4bd452,enron,train,neg_synth,0,2
enron_61f01d4bd452|A,enron_61f01d4bd452,enron,train,A,1,2
enron_61f01d4bd452|C,enron_61f01d4bd452,enron,train,C,1,2
enron_62aee2fa31d0|neg_real,enron_62aee2fa31d0,enron,train,neg_real,0,2
enron_62aee2fa31d0|neg_synth,enron_62aee2fa31d0,enron,train,neg_synth,0,2
enron_62aee2fa31d0|A,enron_62aee2fa31d0,enron,train,A,1,2
enron_62aee2fa31d0|C,enron_62aee2fa31d0,enron,train,C,1,2
enron_642b0e44e5e6|neg_real,enron_642b0e44e5e6,enron,train,neg_real,0,2
enron_642b0e44e5e6|neg_synth,enron_642b0e44e5e6,enron,train,neg_synth,0,2
enron_642b0e44e5e6|A,enron_642b0e44e5e6,enron,train,A,1,2
enron_642b0e44e5e6|C,enron_642b0e44e5e6,enron,train,C,1,2
enron_646a7be92513|neg_real,enron_646a7be92513,enron,validation,neg_real,0,7
enron_646a7be92513|neg_synth,enron_646a7be92513,enron,validation,neg_synth,0,7
enron_646a7be92513|A,enron_646a7be92513,enron,validation,A,1,7
enron_646a7be92513|C,enron_646a7be92513,enron,validation,C,1,7
enron_64c59bb32d9b|neg_real,enron_64c59bb32d9b,enron,train,neg_real,0,2
enron_64c59bb32d9b|neg_synth,enron_64c59bb32d9b,enron,train,neg_synth,0,2
enron_64c59bb32d9b|A,enron_64c59bb32d9b,enron,train,A,1,2
enron_64c59bb32d9b|C,enron_64c59bb32d9b,enron,train,C,1,2
enron_65243ce6820b|neg_real,enron_65243ce6820b,enron,validation,neg_real,0,2
enron_65243ce6820b|neg_synth,enron_65243ce6820b,enron,validation,neg_synth,0,2
enron_65243ce6820b|A,enron_65243ce6820b,enron,validation,A,1,2
enron_65243ce6820b|C,enron_65243ce6820b,enron,validation,C,1,2
enron_65b725a60020|neg_real,enron_65b725a60020,enron,train,neg_real,0,2
enron_65b725a60020|neg_synth,enron_65b725a60020,enron,train,neg_synth,0,2
enron_65b725a60020|A,enron_65b725a60020,enron,train,A,1,2
enron_65b725a60020|C,enron_65b725a60020,enron,train,C,1,2
enron_65fae09bf82e|neg_real,enron_65fae09bf82e,enron,train,neg_real,0,3
enron_65fae09bf82e|neg_synth,enron_65fae09bf82e,enron,train,neg_synth,0,3
enron_65fae09bf82e|A,enron_65fae09bf82e,enron,train,A,1,3
enron_65fae09bf82e|C,enron_65fae09bf82e,enron,train,C,1,3
enron_66cd9de67db5|neg_real,enron_66cd9de67db5,enron,validation,neg_real,0,4
enron_66cd9de67db5|neg_synth,enron_66cd9de67db5,enron,validation,neg_synth,0,4
enron_66cd9de67db5|A,enron_66cd9de67db5,enron,validation,A,1,4
enron_66cd9de67db5|C,enron_66cd9de67db5,enron,validation,C,1,4
enron_68ab23eb8ce4|neg_real,enron_68ab23eb8ce4,enron,train,neg_real,0,3
enron_68ab23eb8ce4|neg_synth,enron_68ab23eb8ce4,enron,train,neg_synth,0,3
enron_68ab23eb8ce4|A,enron_68ab23eb8ce4,enron,train,A,1,3
enron_68ab23eb8ce4|C,enron_68ab23eb8ce4,enron,train,C,1,3
enron_68d9c5eee121|neg_real,enron_68d9c5eee121,enron,train,neg_real,0,2
enron_68d9c5eee121|neg_synth,enron_68d9c5eee121,enron,train,neg_synth,0,2
enron_68d9c5eee121|A,enron_68d9c5eee121,enron,train,A,1,2
enron_68d9c5eee121|C,enron_68d9c5eee121,enron,train,C,1,2
enron_6950640db75f|neg_real,enron_6950640db75f,enron,train,neg_real,0,2
enron_6950640db75f|neg_synth,enron_6950640db75f,enron,train,neg_synth,0,2
enron_6950640db75f|A,enron_6950640db75f,enron,train,A,1,2
enron_6950640db75f|C,enron_6950640db75f,enron,train,C,1,2
enron_695aa3387f07|neg_real,enron_695aa3387f07,enron,train,neg_real,0,2
enron_695aa3387f07|neg_synth,enron_695aa3387f07,enron,train,neg_synth,0,2
enron_695aa3387f07|A,enron_695aa3387f07,enron,train,A,1,2
enron_695aa3387f07|C,enron_695aa3387f07,enron,train,C,1,2
enron_69c4961e53fd|neg_real,enron_69c4961e53fd,enron,test,neg_real,0,3
enron_69c4961e53fd|neg_synth,enron_69c4961e53fd,enron,test,neg_synth,0,3
enron_69c4961e53fd|A,enron_69c4961e53fd,enron,test,A,1,3
enron_69c4961e53fd|C,enron_69c4961e53fd,enron,test,C,1,3
enron_6aeb2f75c1f9|neg_real,enron_6aeb2f75c1f9,enron,validation,neg_real,0,2
enron_6aeb2f75c1f9|neg_synth,enron_6aeb2f75c1f9,enron,validation,neg_synth,0,2
enron_6aeb2f75c1f9|A,enron_6aeb2f75c1f9,enron,validation,A,1,2
enron_6aeb2f75c1f9|C,enron_6aeb2f75c1f9,enron,validation,C,1,2
enron_6b829ded7885|neg_real,enron_6b829ded7885,enron,train,neg_real,0,2
enron_6b829ded7885|neg_synth,enron_6b829ded7885,enron,train,neg_synth,0,2
enron_6b829ded7885|A,enron_6b829ded7885,enron,train,A,1,2
enron_6b829ded7885|C,enron_6b829ded7885,enron,train,C,1,2
enron_6c73fca84b23|neg_real,enron_6c73fca84b23,enron,train,neg_real,0,2
enron_6c73fca84b23|neg_synth,enron_6c73fca84b23,enron,train,neg_synth,0,2
enron_6c73fca84b23|A,enron_6c73fca84b23,enron,train,A,1,2
enron_6c73fca84b23|C,enron_6c73fca84b23,enron,train,C,1,2
enron_6ca333aae2be|neg_real,enron_6ca333aae2be,enron,test,neg_real,0,4
enron_6ca333aae2be|neg_synth,enron_6ca333aae2be,enron,test,neg_synth,0,4
enron_6ca333aae2be|A,enron_6ca333aae2be,enron,test,A,1,4
enron_6ca333aae2be|C,enron_6ca333aae2be,enron,test,C,1,4
enron_6d0f3b789596|neg_real,enron_6d0f3b789596,enron,train,neg_real,0,6
enron_6d0f3b789596|neg_synth,enron_6d0f3b789596,enron,train,neg_synth,0,6
enron_6d0f3b789596|A,enron_6d0f3b789596,enron,train,A,1,6
enron_6d0f3b789596|C,enron_6d0f3b789596,enron,train,C,1,6
enron_6dcc06a5884b|neg_real,enron_6dcc06a5884b,enron,train,neg_real,0,2
enron_6dcc06a5884b|neg_synth,enron_6dcc06a5884b,enron,train,neg_synth,0,2
enron_6dcc06a5884b|A,enron_6dcc06a5884b,enron,train,A,1,2
enron_6dcc06a5884b|C,enron_6dcc06a5884b,enron,train,C,1,2
enron_6e0704c20a44|neg_real,enron_6e0704c20a44,enron,train,neg_real,0,3
enron_6e0704c20a44|neg_synth,enron_6e0704c20a44,enron,train,neg_synth,0,3
enron_6e0704c20a44|A,enron_6e0704c20a44,enron,train,A,1,3
enron_6e0704c20a44|C,enron_6e0704c20a44,enron,train,C,1,3
enron_6f56b943009b|neg_real,enron_6f56b943009b,enron,train,neg_real,0,5
enron_6f56b943009b|neg_synth,enron_6f56b943009b,enron,train,neg_synth,0,5
enron_6f56b943009b|A,enron_6f56b943009b,enron,train,A,1,5
enron_6f56b943009b|C,enron_6f56b943009b,enron,train,C,1,5
enron_7023195f26af|neg_real,enron_7023195f26af,enron,train,neg_real,0,3
enron_7023195f26af|neg_synth,enron_7023195f26af,enron,train,neg_synth,0,3
enron_7023195f26af|A,enron_7023195f26af,enron,train,A,1,3
enron_7023195f26af|C,enron_7023195f26af,enron,train,C,1,3
enron_7117706b37a4|neg_real,enron_7117706b37a4,enron,train,neg_real,0,3
enron_7117706b37a4|neg_synth,enron_7117706b37a4,enron,train,neg_synth,0,3
enron_7117706b37a4|A,enron_7117706b37a4,enron,train,A,1,3
enron_7117706b37a4|C,enron_7117706b37a4,enron,train,C,1,3
enron_728cd6196a18|neg_real,enron_728cd6196a18,enron,validation,neg_real,0,4
enron_728cd6196a18|neg_synth,enron_728cd6196a18,enron,validation,neg_synth,0,4
enron_728cd6196a18|A,enron_728cd6196a18,enron,validation,A,1,4
enron_728cd6196a18|C,enron_728cd6196a18,enron,validation,C,1,4
enron_7363ffb1aba5|neg_real,enron_7363ffb1aba5,enron,train,neg_real,0,5
enron_7363ffb1aba5|neg_synth,enron_7363ffb1aba5,enron,train,neg_synth,0,5
enron_7363ffb1aba5|A,enron_7363ffb1aba5,enron,train,A,1,5
enron_7363ffb1aba5|C,enron_7363ffb1aba5,enron,train,C,1,5
enron_7400b8f2376c|neg_real,enron_7400b8f2376c,enron,train,neg_real,0,2
enron_7400b8f2376c|neg_synth,enron_7400b8f2376c,enron,train,neg_synth,0,2
enron_7400b8f2376c|A,enron_7400b8f2376c,enron,train,A,1,2
enron_7400b8f2376c|C,enron_7400b8f2376c,enron,train,C,1,2
enron_74b4d43418f8|neg_real,enron_74b4d43418f8,enron,train,neg_real,0,7
enron_74b4d43418f8|neg_synth,enron_74b4d43418f8,enron,train,neg_synth,0,7
enron_74b4d43418f8|A,enron_74b4d43418f8,enron,train,A,1,7
enron_74b4d43418f8|C,enron_74b4d43418f8,enron,train,C,1,7
enron_776077e92eb3|neg_real,enron_776077e92eb3,enron,train,neg_real,0,2
enron_776077e92eb3|neg_synth,enron_776077e92eb3,enron,train,neg_synth,0,2
enron_776077e92eb3|A,enron_776077e92eb3,enron,train,A,1,2
enron_776077e92eb3|C,enron_776077e92eb3,enron,train,C,1,2
enron_7955d6a72889|neg_real,enron_7955d6a72889,enron,train,neg_real,0,2
enron_7955d6a72889|neg_synth,enron_7955d6a72889,enron,train,neg_synth,0,2
enron_7955d6a72889|A,enron_7955d6a72889,enron,train,A,1,2
enron_7955d6a72889|C,enron_7955d6a72889,enron,train,C,1,2
enron_7a15e90f5b70|neg_real,enron_7a15e90f5b70,enron,train,neg_real,0,2
enron_7a15e90f5b70|neg_synth,enron_7a15e90f5b70,enron,train,neg_synth,0,2
enron_7a15e90f5b70|A,enron_7a15e90f5b70,enron,train,A,1,2
enron_7a15e90f5b70|C,enron_7a15e90f5b70,enron,train,C,1,2
enron_7aa47492b54f|neg_real,enron_7aa47492b54f,enron,train,neg_real,0,2
enron_7aa47492b54f|neg_synth,enron_7aa47492b54f,enron,train,neg_synth,0,2
enron_7aa47492b54f|A,enron_7aa47492b54f,enron,train,A,1,2
enron_7aa47492b54f|C,enron_7aa47492b54f,enron,train,C,1,2
enron_7aaa15b8bfc6|neg_real,enron_7aaa15b8bfc6,enron,train,neg_real,0,2
enron_7aaa15b8bfc6|neg_synth,enron_7aaa15b8bfc6,enron,train,neg_synth,0,2
enron_7aaa15b8bfc6|A,enron_7aaa15b8bfc6,enron,train,A,1,2
enron_7aaa15b8bfc6|C,enron_7aaa15b8bfc6,enron,train,C,1,2
enron_7bc10bccb919|neg_real,enron_7bc10bccb919,enron,test,neg_real,0,2
enron_7bc10bccb919|neg_synth,enron_7bc10bccb919,enron,test,neg_synth,0,2
enron_7bc10bccb919|A,enron_7bc10bccb919,enron,test,A,1,2
enron_7bc10bccb919|C,enron_7bc10bccb919,enron,test,C,1,2
enron_7e3dcb73fdbb|neg_real,enron_7e3dcb73fdbb,enron,train,neg_real,0,4
enron_7e3dcb73fdbb|neg_synth,enron_7e3dcb73fdbb,enron,train,neg_synth,0,4
enron_7e3dcb73fdbb|A,enron_7e3dcb73fdbb,enron,train,A,1,4
enron_7e3dcb73fdbb|C,enron_7e3dcb73fdbb,enron,train,C,1,4
enron_7f144b0a6861|neg_real,enron_7f144b0a6861,enron,test,neg_real,0,2
enron_7f144b0a6861|neg_synth,enron_7f144b0a6861,enron,test,neg_synth,0,2
enron_7f144b0a6861|A,enron_7f144b0a6861,enron,test,A,1,2
enron_7f144b0a6861|C,enron_7f144b0a6861,enron,test,C,1,2
enron_81f2555e9875|neg_real,enron_81f2555e9875,enron,train,neg_real,0,7
enron_81f2555e9875|neg_synth,enron_81f2555e9875,enron,train,neg_synth,0,7
enron_81f2555e9875|A,enron_81f2555e9875,enron,train,A,1,7
enron_81f2555e9875|C,enron_81f2555e9875,enron,train,C,1,7
enron_823b212f4e05|neg_real,enron_823b212f4e05,enron,test,neg_real,0,2
enron_823b212f4e05|neg_synth,enron_823b212f4e05,enron,test,neg_synth,0,2
enron_823b212f4e05|A,enron_823b212f4e05,enron,test,A,1,2
enron_823b212f4e05|C,enron_823b212f4e05,enron,test,C,1,2
enron_856947d273c4|neg_real,enron_856947d273c4,enron,test,neg_real,0,2
enron_856947d273c4|neg_synth,enron_856947d273c4,enron,test,neg_synth,0,2
enron_856947d273c4|A,enron_856947d273c4,enron,test,A,1,2
enron_856947d273c4|C,enron_856947d273c4,enron,test,C,1,2
enron_858871492c76|neg_real,enron_858871492c76,enron,train,neg_real,0,2
enron_858871492c76|neg_synth,enron_858871492c76,enron,train,neg_synth,0,2
enron_858871492c76|A,enron_858871492c76,enron,train,A,1,2
enron_858871492c76|C,enron_858871492c76,enron,train,C,1,2
enron_85c5b3c36b92|neg_real,enron_85c5b3c36b92,enron,train,neg_real,0,2
enron_85c5b3c36b92|neg_synth,enron_85c5b3c36b92,enron,train,neg_synth,0,2
enron_85c5b3c36b92|A,enron_85c5b3c36b92,enron,train,A,1,2
enron_85c5b3c36b92|C,enron_85c5b3c36b92,enron,train,C,1,2
enron_86a2ed08e00b|neg_real,enron_86a2ed08e00b,enron,train,neg_real,0,2
enron_86a2ed08e00b|neg_synth,enron_86a2ed08e00b,enron,train,neg_synth,0,2
enron_86a2ed08e00b|A,enron_86a2ed08e00b,enron,train,A,1,2
enron_86a2ed08e00b|C,enron_86a2ed08e00b,enron,train,C,1,2
enron_87a8e60802dd|neg_real,enron_87a8e60802dd,enron,train,neg_real,0,2
enron_87a8e60802dd|neg_synth,enron_87a8e60802dd,enron,train,neg_synth,0,2
enron_87a8e60802dd|A,enron_87a8e60802dd,enron,train,A,1,2
enron_87a8e60802dd|C,enron_87a8e60802dd,enron,train,C,1,2
enron_88aee6f11343|neg_real,enron_88aee6f11343,enron,train,neg_real,0,2
enron_88aee6f11343|neg_synth,enron_88aee6f11343,enron,train,neg_synth,0,2
enron_88aee6f11343|A,enron_88aee6f11343,enron,train,A,1,2
enron_88aee6f11343|C,enron_88aee6f11343,enron,train,C,1,2
enron_895c04ab1051|neg_real,enron_895c04ab1051,enron,train,neg_real,0,3
enron_895c04ab1051|neg_synth,enron_895c04ab1051,enron,train,neg_synth,0,3
enron_895c04ab1051|A,enron_895c04ab1051,enron,train,A,1,3
enron_895c04ab1051|C,enron_895c04ab1051,enron,train,C,1,3
enron_898b1d584c35|neg_real,enron_898b1d584c35,enron,train,neg_real,0,3
enron_898b1d584c35|neg_synth,enron_898b1d584c35,enron,train,neg_synth,0,3
enron_898b1d584c35|A,enron_898b1d584c35,enron,train,A,1,3
enron_898b1d584c35|C,enron_898b1d584c35,enron,train,C,1,3
enron_8a7982d1c69e|neg_real,enron_8a7982d1c69e,enron,train,neg_real,0,2
enron_8a7982d1c69e|neg_synth,enron_8a7982d1c69e,enron,train,neg_synth,0,2
enron_8a7982d1c69e|A,enron_8a7982d1c69e,enron,train,A,1,2
enron_8a7982d1c69e|C,enron_8a7982d1c69e,enron,train,C,1,2
enron_8aa8ffaaef57|neg_real,enron_8aa8ffaaef57,enron,train,neg_real,0,2
enron_8aa8ffaaef57|neg_synth,enron_8aa8ffaaef57,enron,train,neg_synth,0,2
enron_8aa8ffaaef57|A,enron_8aa8ffaaef57,enron,train,A,1,2
enron_8aa8ffaaef57|C,enron_8aa8ffaaef57,enron,train,C,1,2
enron_8b14f07b913b|neg_real,enron_8b14f07b913b,enron,train,neg_real,0,2
enron_8b14f07b913b|neg_synth,enron_8b14f07b913b,enron,train,neg_synth,0,2
enron_8b14f07b913b|A,enron_8b14f07b913b,enron,train,A,1,2
enron_8b14f07b913b|C,enron_8b14f07b913b,enron,train,C,1,2
enron_8b9341082594|neg_real,enron_8b9341082594,enron,train,neg_real,0,2
enron_8b9341082594|neg_synth,enron_8b9341082594,enron,train,neg_synth,0,2
enron_8b9341082594|A,enron_8b9341082594,enron,train,A,1,2
enron_8b9341082594|C,enron_8b9341082594,enron,train,C,1,2
enron_8e19c2bf6b37|neg_real,enron_8e19c2bf6b37,enron,test,neg_real,0,13
enron_8e19c2bf6b37|neg_synth,enron_8e19c2bf6b37,enron,test,neg_synth,0,13
enron_8e19c2bf6b37|A,enron_8e19c2bf6b37,enron,test,A,1,13
enron_8e19c2bf6b37|C,enron_8e19c2bf6b37,enron,test,C,1,13
enron_8ee262a45818|neg_real,enron_8ee262a45818,enron,test,neg_real,0,2
enron_8ee262a45818|neg_synth,enron_8ee262a45818,enron,test,neg_synth,0,2
enron_8ee262a45818|A,enron_8ee262a45818,enron,test,A,1,2
enron_8ee262a45818|C,enron_8ee262a45818,enron,test,C,1,2
enron_90157b49fb31|neg_real,enron_90157b49fb31,enron,train,neg_real,0,3
enron_90157b49fb31|neg_synth,enron_90157b49fb31,enron,train,neg_synth,0,3
enron_90157b49fb31|A,enron_90157b49fb31,enron,train,A,1,3
enron_90157b49fb31|C,enron_90157b49fb31,enron,train,C,1,3
enron_9076166a2086|neg_real,enron_9076166a2086,enron,test,neg_real,0,2
enron_9076166a2086|neg_synth,enron_9076166a2086,enron,test,neg_synth,0,2
enron_9076166a2086|A,enron_9076166a2086,enron,test,A,1,2
enron_9076166a2086|C,enron_9076166a2086,enron,test,C,1,2
enron_9141a7419415|neg_real,enron_9141a7419415,enron,test,neg_real,0,2
enron_9141a7419415|neg_synth,enron_9141a7419415,enron,test,neg_synth,0,2
enron_9141a7419415|A,enron_9141a7419415,enron,test,A,1,2
enron_9141a7419415|C,enron_9141a7419415,enron,test,C,1,2
enron_9151037e6765|neg_real,enron_9151037e6765,enron,train,neg_real,0,2
enron_9151037e6765|neg_synth,enron_9151037e6765,enron,train,neg_synth,0,2
enron_9151037e6765|A,enron_9151037e6765,enron,train,A,1,2
enron_9151037e6765|C,enron_9151037e6765,enron,train,C,1,2
enron_91df0fad7874|neg_real,enron_91df0fad7874,enron,train,neg_real,0,2
enron_91df0fad7874|neg_synth,enron_91df0fad7874,enron,train,neg_synth,0,2
enron_91df0fad7874|A,enron_91df0fad7874,enron,train,A,1,2
enron_91df0fad7874|C,enron_91df0fad7874,enron,train,C,1,2
enron_926ae9431971|neg_real,enron_926ae9431971,enron,train,neg_real,0,3
enron_926ae9431971|neg_synth,enron_926ae9431971,enron,train,neg_synth,0,3
enron_926ae9431971|A,enron_926ae9431971,enron,train,A,1,3
enron_926ae9431971|C,enron_926ae9431971,enron,train,C,1,3
enron_93751fca3f90|neg_real,enron_93751fca3f90,enron,train,neg_real,0,3
enron_93751fca3f90|neg_synth,enron_93751fca3f90,enron,train,neg_synth,0,3
enron_93751fca3f90|A,enron_93751fca3f90,enron,train,A,1,3
enron_93751fca3f90|C,enron_93751fca3f90,enron,train,C,1,3
enron_9469ac9ddb90|neg_real,enron_9469ac9ddb90,enron,train,neg_real,0,2
enron_9469ac9ddb90|neg_synth,enron_9469ac9ddb90,enron,train,neg_synth,0,2
enron_9469ac9ddb90|A,enron_9469ac9ddb90,enron,train,A,1,2
enron_9469ac9ddb90|C,enron_9469ac9ddb90,enron,train,C,1,2
enron_94dbcb586e37|neg_real,enron_94dbcb586e37,enron,train,neg_real,0,2
enron_94dbcb586e37|neg_synth,enron_94dbcb586e37,enron,train,neg_synth,0,2
enron_94dbcb586e37|A,enron_94dbcb586e37,enron,train,A,1,2
enron_94dbcb586e37|C,enron_94dbcb586e37,enron,train,C,1,2
enron_95304217e466|neg_real,enron_95304217e466,enron,train,neg_real,0,2
enron_95304217e466|neg_synth,enron_95304217e466,enron,train,neg_synth,0,2
enron_95304217e466|A,enron_95304217e466,enron,train,A,1,2
enron_95304217e466|C,enron_95304217e466,enron,train,C,1,2
enron_956a9ff62902|neg_real,enron_956a9ff62902,enron,test,neg_real,0,4
enron_956a9ff62902|neg_synth,enron_956a9ff62902,enron,test,neg_synth,0,4
enron_956a9ff62902|A,enron_956a9ff62902,enron,test,A,1,4
enron_956a9ff62902|C,enron_956a9ff62902,enron,test,C,1,4
enron_95e7177770e3|neg_real,enron_95e7177770e3,enron,train,neg_real,0,3
enron_95e7177770e3|neg_synth,enron_95e7177770e3,enron,train,neg_synth,0,3
enron_95e7177770e3|A,enron_95e7177770e3,enron,train,A,1,3
enron_95e7177770e3|C,enron_95e7177770e3,enron,train,C,1,3
enron_96114f20f9e2|neg_real,enron_96114f20f9e2,enron,train,neg_real,0,15
enron_96114f20f9e2|neg_synth,enron_96114f20f9e2,enron,train,neg_synth,0,15
enron_96114f20f9e2|A,enron_96114f20f9e2,enron,train,A,1,15
enron_96114f20f9e2|C,enron_96114f20f9e2,enron,train,C,1,15
enron_96df54a7bd77|neg_real,enron_96df54a7bd77,enron,train,neg_real,0,3
enron_96df54a7bd77|neg_synth,enron_96df54a7bd77,enron,train,neg_synth,0,3
enron_96df54a7bd77|A,enron_96df54a7bd77,enron,train,A,1,3
enron_96df54a7bd77|C,enron_96df54a7bd77,enron,train,C,1,3
enron_97180e13ed87|neg_real,enron_97180e13ed87,enron,test,neg_real,0,2
enron_97180e13ed87|neg_synth,enron_97180e13ed87,enron,test,neg_synth,0,2
enron_97180e13ed87|A,enron_97180e13ed87,enron,test,A,1,2
enron_97180e13ed87|C,enron_97180e13ed87,enron,test,C,1,2
enron_973d55338c1e|neg_real,enron_973d55338c1e,enron,train,neg_real,0,2
enron_973d55338c1e|neg_synth,enron_973d55338c1e,enron,train,neg_synth,0,2
enron_973d55338c1e|A,enron_973d55338c1e,enron,train,A,1,2
enron_973d55338c1e|C,enron_973d55338c1e,enron,train,C,1,2
enron_97d59f23bb60|neg_real,enron_97d59f23bb60,enron,train,neg_real,0,4
enron_97d59f23bb60|neg_synth,enron_97d59f23bb60,enron,train,neg_synth,0,4
enron_97d59f23bb60|A,enron_97d59f23bb60,enron,train,A,1,4
enron_97d59f23bb60|C,enron_97d59f23bb60,enron,train,C,1,4
enron_9869abcdc379|neg_real,enron_9869abcdc379,enron,train,neg_real,0,2
enron_9869abcdc379|neg_synth,enron_9869abcdc379,enron,train,neg_synth,0,2
enron_9869abcdc379|A,enron_9869abcdc379,enron,train,A,1,2
enron_9869abcdc379|C,enron_9869abcdc379,enron,train,C,1,2
enron_9878086a2b6a|neg_real,enron_9878086a2b6a,enron,train,neg_real,0,2
enron_9878086a2b6a|neg_synth,enron_9878086a2b6a,enron,train,neg_synth,0,2
enron_9878086a2b6a|A,enron_9878086a2b6a,enron,train,A,1,2
enron_9878086a2b6a|C,enron_9878086a2b6a,enron,train,C,1,2
enron_98938cd3ddc3|neg_real,enron_98938cd3ddc3,enron,train,neg_real,0,4
enron_98938cd3ddc3|neg_synth,enron_98938cd3ddc3,enron,train,neg_synth,0,4
enron_98938cd3ddc3|A,enron_98938cd3ddc3,enron,train,A,1,4
enron_98938cd3ddc3|C,enron_98938cd3ddc3,enron,train,C,1,4
enron_99d09072ec29|neg_real,enron_99d09072ec29,enron,train,neg_real,0,3
enron_99d09072ec29|neg_synth,enron_99d09072ec29,enron,train,neg_synth,0,3
enron_99d09072ec29|A,enron_99d09072ec29,enron,train,A,1,3
enron_99d09072ec29|C,enron_99d09072ec29,enron,train,C,1,3
enron_9a0c83d39b10|neg_real,enron_9a0c83d39b10,enron,train,neg_real,0,7
enron_9a0c83d39b10|neg_synth,enron_9a0c83d39b10,enron,train,neg_synth,0,7
enron_9a0c83d39b10|A,enron_9a0c83d39b10,enron,train,A,1,7
enron_9a0c83d39b10|C,enron_9a0c83d39b10,enron,train,C,1,7
enron_9c3798b95007|neg_real,enron_9c3798b95007,enron,test,neg_real,0,4
enron_9c3798b95007|neg_synth,enron_9c3798b95007,enron,test,neg_synth,0,4
enron_9c3798b95007|A,enron_9c3798b95007,enron,test,A,1,4
enron_9c3798b95007|C,enron_9c3798b95007,enron,test,C,1,4
enron_9dde74c83c58|neg_real,enron_9dde74c83c58,enron,train,neg_real,0,5
enron_9dde74c83c58|neg_synth,enron_9dde74c83c58,enron,train,neg_synth,0,5
enron_9dde74c83c58|A,enron_9dde74c83c58,enron,train,A,1,5
enron_9dde74c83c58|C,enron_9dde74c83c58,enron,train,C,1,5
enron_a251f45d6f28|neg_real,enron_a251f45d6f28,enron,test,neg_real,0,2
enron_a251f45d6f28|neg_synth,enron_a251f45d6f28,enron,test,neg_synth,0,2
enron_a251f45d6f28|A,enron_a251f45d6f28,enron,test,A,1,2
enron_a251f45d6f28|C,enron_a251f45d6f28,enron,test,C,1,2
enron_a59a6e808f56|neg_real,enron_a59a6e808f56,enron,train,neg_real,0,2
enron_a59a6e808f56|neg_synth,enron_a59a6e808f56,enron,train,neg_synth,0,2
enron_a59a6e808f56|A,enron_a59a6e808f56,enron,train,A,1,2
enron_a59a6e808f56|C,enron_a59a6e808f56,enron,train,C,1,2
enron_a731b68e1786|neg_real,enron_a731b68e1786,enron,train,neg_real,0,2
enron_a731b68e1786|neg_synth,enron_a731b68e1786,enron,train,neg_synth,0,2
enron_a731b68e1786|A,enron_a731b68e1786,enron,train,A,1,2
enron_a731b68e1786|C,enron_a731b68e1786,enron,train,C,1,2
enron_a77ff92fa961|neg_real,enron_a77ff92fa961,enron,train,neg_real,0,2
enron_a77ff92fa961|neg_synth,enron_a77ff92fa961,enron,train,neg_synth,0,2
enron_a77ff92fa961|A,enron_a77ff92fa961,enron,train,A,1,2
enron_a77ff92fa961|C,enron_a77ff92fa961,enron,train,C,1,2
enron_a88fa0b80389|neg_real,enron_a88fa0b80389,enron,train,neg_real,0,2
enron_a88fa0b80389|neg_synth,enron_a88fa0b80389,enron,train,neg_synth,0,2
enron_a88fa0b80389|A,enron_a88fa0b80389,enron,train,A,1,2
enron_a88fa0b80389|C,enron_a88fa0b80389,enron,train,C,1,2
enron_a9e33096092f|neg_real,enron_a9e33096092f,enron,train,neg_real,0,2
enron_a9e33096092f|neg_synth,enron_a9e33096092f,enron,train,neg_synth,0,2
enron_a9e33096092f|A,enron_a9e33096092f,enron,train,A,1,2
enron_a9e33096092f|C,enron_a9e33096092f,enron,train,C,1,2
enron_a9f7181bd7d6|neg_real,enron_a9f7181bd7d6,enron,train,neg_real,0,2
enron_a9f7181bd7d6|neg_synth,enron_a9f7181bd7d6,enron,train,neg_synth,0,2
enron_a9f7181bd7d6|A,enron_a9f7181bd7d6,enron,train,A,1,2
enron_a9f7181bd7d6|C,enron_a9f7181bd7d6,enron,train,C,1,2
enron_aaaa55399e8a|neg_real,enron_aaaa55399e8a,enron,train,neg_real,0,2
enron_aaaa55399e8a|neg_synth,enron_aaaa55399e8a,enron,train,neg_synth,0,2
enron_aaaa55399e8a|A,enron_aaaa55399e8a,enron,train,A,1,2
enron_aaaa55399e8a|C,enron_aaaa55399e8a,enron,train,C,1,2
enron_abe6a44658ca|neg_real,enron_abe6a44658ca,enron,train,neg_real,0,2
enron_abe6a44658ca|neg_synth,enron_abe6a44658ca,enron,train,neg_synth,0,2
enron_abe6a44658ca|A,enron_abe6a44658ca,enron,train,A,1,2
enron_abe6a44658ca|C,enron_abe6a44658ca,enron,train,C,1,2
enron_ac023e61ca0f|neg_real,enron_ac023e61ca0f,enron,test,neg_real,0,2
enron_ac023e61ca0f|neg_synth,enron_ac023e61ca0f,enron,test,neg_synth,0,2
enron_ac023e61ca0f|A,enron_ac023e61ca0f,enron,test,A,1,2
enron_ac023e61ca0f|C,enron_ac023e61ca0f,enron,test,C,1,2
enron_ac15330e57cc|neg_real,enron_ac15330e57cc,enron,train,neg_real,0,4
enron_ac15330e57cc|neg_synth,enron_ac15330e57cc,enron,train,neg_synth,0,4
enron_ac15330e57cc|A,enron_ac15330e57cc,enron,train,A,1,4
enron_ac15330e57cc|C,enron_ac15330e57cc,enron,train,C,1,4
enron_ae1003cd429b|neg_real,enron_ae1003cd429b,enron,train,neg_real,0,3
enron_ae1003cd429b|neg_synth,enron_ae1003cd429b,enron,train,neg_synth,0,3
enron_ae1003cd429b|A,enron_ae1003cd429b,enron,train,A,1,3
enron_ae1003cd429b|C,enron_ae1003cd429b,enron,train,C,1,3
enron_ae7d89c46494|neg_real,enron_ae7d89c46494,enron,test,neg_real,0,2
enron_ae7d89c46494|neg_synth,enron_ae7d89c46494,enron,test,neg_synth,0,2
enron_ae7d89c46494|A,enron_ae7d89c46494,enron,test,A,1,2
enron_ae7d89c46494|C,enron_ae7d89c46494,enron,test,C,1,2
enron_b0929eec4e3c|neg_real,enron_b0929eec4e3c,enron,test,neg_real,0,2
enron_b0929eec4e3c|neg_synth,enron_b0929eec4e3c,enron,test,neg_synth,0,2
enron_b0929eec4e3c|A,enron_b0929eec4e3c,enron,test,A,1,2
enron_b0929eec4e3c|C,enron_b0929eec4e3c,enron,test,C,1,2
enron_b0fdd2d411f8|neg_real,enron_b0fdd2d411f8,enron,validation,neg_real,0,2
enron_b0fdd2d411f8|neg_synth,enron_b0fdd2d411f8,enron,validation,neg_synth,0,2
enron_b0fdd2d411f8|A,enron_b0fdd2d411f8,enron,validation,A,1,2
enron_b0fdd2d411f8|C,enron_b0fdd2d411f8,enron,validation,C,1,2
enron_b1f69a040c9b|neg_real,enron_b1f69a040c9b,enron,test,neg_real,0,6
enron_b1f69a040c9b|neg_synth,enron_b1f69a040c9b,enron,test,neg_synth,0,6
enron_b1f69a040c9b|A,enron_b1f69a040c9b,enron,test,A,1,6
enron_b1f69a040c9b|C,enron_b1f69a040c9b,enron,test,C,1,6
enron_b4168d05cda7|neg_real,enron_b4168d05cda7,enron,train,neg_real,0,2
enron_b4168d05cda7|neg_synth,enron_b4168d05cda7,enron,train,neg_synth,0,2
enron_b4168d05cda7|A,enron_b4168d05cda7,enron,train,A,1,2
enron_b4168d05cda7|C,enron_b4168d05cda7,enron,train,C,1,2
enron_b49bda7a82a8|neg_real,enron_b49bda7a82a8,enron,train,neg_real,0,2
enron_b49bda7a82a8|neg_synth,enron_b49bda7a82a8,enron,train,neg_synth,0,2
enron_b49bda7a82a8|A,enron_b49bda7a82a8,enron,train,A,1,2
enron_b49bda7a82a8|C,enron_b49bda7a82a8,enron,train,C,1,2
enron_b49c9a0d5b95|neg_real,enron_b49c9a0d5b95,enron,train,neg_real,0,2
enron_b49c9a0d5b95|neg_synth,enron_b49c9a0d5b95,enron,train,neg_synth,0,2
enron_b49c9a0d5b95|A,enron_b49c9a0d5b95,enron,train,A,1,2
enron_b49c9a0d5b95|C,enron_b49c9a0d5b95,enron,train,C,1,2
enron_b559012b9716|neg_real,enron_b559012b9716,enron,train,neg_real,0,2
enron_b559012b9716|neg_synth,enron_b559012b9716,enron,train,neg_synth,0,2
enron_b559012b9716|A,enron_b559012b9716,enron,train,A,1,2
enron_b559012b9716|C,enron_b559012b9716,enron,train,C,1,2
enron_b6a00ce8fd34|neg_real,enron_b6a00ce8fd34,enron,validation,neg_real,0,5
enron_b6a00ce8fd34|neg_synth,enron_b6a00ce8fd34,enron,validation,neg_synth,0,5
enron_b6a00ce8fd34|A,enron_b6a00ce8fd34,enron,validation,A,1,5
enron_b6a00ce8fd34|C,enron_b6a00ce8fd34,enron,validation,C,1,5
enron_b70b3bdf3cba|neg_real,enron_b70b3bdf3cba,enron,train,neg_real,0,2
enron_b70b3bdf3cba|neg_synth,enron_b70b3bdf3cba,enron,train,neg_synth,0,2
enron_b70b3bdf3cba|A,enron_b70b3bdf3cba,enron,train,A,1,2
enron_b70b3bdf3cba|C,enron_b70b3bdf3cba,enron,train,C,1,2
enron_b7844cc23945|neg_real,enron_b7844cc23945,enron,train,neg_real,0,2
enron_b7844cc23945|neg_synth,enron_b7844cc23945,enron,train,neg_synth,0,2
enron_b7844cc23945|A,enron_b7844cc23945,enron,train,A,1,2
enron_b7844cc23945|C,enron_b7844cc23945,enron,train,C,1,2
enron_b8e0e2aa7549|neg_real,enron_b8e0e2aa7549,enron,validation,neg_real,0,2
enron_b8e0e2aa7549|neg_synth,enron_b8e0e2aa7549,enron,validation,neg_synth,0,2
enron_b8e0e2aa7549|A,enron_b8e0e2aa7549,enron,validation,A,1,2
enron_b8e0e2aa7549|C,enron_b8e0e2aa7549,enron,validation,C,1,2
enron_b94693ca4513|neg_real,enron_b94693ca4513,enron,train,neg_real,0,2
enron_b94693ca4513|neg_synth,enron_b94693ca4513,enron,train,neg_synth,0,2
enron_b94693ca4513|A,enron_b94693ca4513,enron,train,A,1,2
enron_b94693ca4513|C,enron_b94693ca4513,enron,train,C,1,2
enron_b9c2ea0d55de|neg_real,enron_b9c2ea0d55de,enron,train,neg_real,0,2
enron_b9c2ea0d55de|neg_synth,enron_b9c2ea0d55de,enron,train,neg_synth,0,2
enron_b9c2ea0d55de|A,enron_b9c2ea0d55de,enron,train,A,1,2
enron_b9c2ea0d55de|C,enron_b9c2ea0d55de,enron,train,C,1,2
enron_bc8122780f66|neg_real,enron_bc8122780f66,enron,validation,neg_real,0,2
enron_bc8122780f66|neg_synth,enron_bc8122780f66,enron,validation,neg_synth,0,2
enron_bc8122780f66|A,enron_bc8122780f66,enron,validation,A,1,2
enron_bc8122780f66|C,enron_bc8122780f66,enron,validation,C,1,2
enron_bec230dd0f5e|neg_real,enron_bec230dd0f5e,enron,train,neg_real,0,2
enron_bec230dd0f5e|neg_synth,enron_bec230dd0f5e,enron,train,neg_synth,0,2
enron_bec230dd0f5e|A,enron_bec230dd0f5e,enron,train,A,1,2
enron_bec230dd0f5e|C,enron_bec230dd0f5e,enron,train,C,1,2
enron_c17a95d186f5|neg_real,enron_c17a95d186f5,enron,train,neg_real,0,2
enron_c17a95d186f5|neg_synth,enron_c17a95d186f5,enron,train,neg_synth,0,2
enron_c17a95d186f5|A,enron_c17a95d186f5,enron,train,A,1,2
enron_c17a95d186f5|C,enron_c17a95d186f5,enron,train,C,1,2
enron_c1805c2b78e5|neg_real,enron_c1805c2b78e5,enron,test,neg_real,0,2
enron_c1805c2b78e5|neg_synth,enron_c1805c2b78e5,enron,test,neg_synth,0,2
enron_c1805c2b78e5|A,enron_c1805c2b78e5,enron,test,A,1,2
enron_c1805c2b78e5|C,enron_c1805c2b78e5,enron,test,C,1,2
enron_c1ed3cbc5a17|neg_real,enron_c1ed3cbc5a17,enron,train,neg_real,0,2
enron_c1ed3cbc5a17|neg_synth,enron_c1ed3cbc5a17,enron,train,neg_synth,0,2
enron_c1ed3cbc5a17|A,enron_c1ed3cbc5a17,enron,train,A,1,2
enron_c1ed3cbc5a17|C,enron_c1ed3cbc5a17,enron,train,C,1,2
enron_c1f87014f2c6|neg_real,enron_c1f87014f2c6,enron,test,neg_real,0,3
enron_c1f87014f2c6|neg_synth,enron_c1f87014f2c6,enron,test,neg_synth,0,3
enron_c1f87014f2c6|A,enron_c1f87014f2c6,enron,test,A,1,3
enron_c1f87014f2c6|C,enron_c1f87014f2c6,enron,test,C,1,3
enron_c25f74d7457e|neg_real,enron_c25f74d7457e,enron,train,neg_real,0,2
enron_c25f74d7457e|neg_synth,enron_c25f74d7457e,enron,train,neg_synth,0,2
enron_c25f74d7457e|A,enron_c25f74d7457e,enron,train,A,1,2
enron_c25f74d7457e|C,enron_c25f74d7457e,enron,train,C,1,2
enron_c27512f85ea5|neg_real,enron_c27512f85ea5,enron,train,neg_real,0,2
enron_c27512f85ea5|neg_synth,enron_c27512f85ea5,enron,train,neg_synth,0,2
enron_c27512f85ea5|A,enron_c27512f85ea5,enron,train,A,1,2
enron_c27512f85ea5|C,enron_c27512f85ea5,enron,train,C,1,2
enron_c362fffab9a6|neg_real,enron_c362fffab9a6,enron,train,neg_real,0,2
enron_c362fffab9a6|neg_synth,enron_c362fffab9a6,enron,train,neg_synth,0,2
enron_c362fffab9a6|A,enron_c362fffab9a6,enron,train,A,1,2
enron_c362fffab9a6|C,enron_c362fffab9a6,enron,train,C,1,2
enron_c49f51f06772|neg_real,enron_c49f51f06772,enron,train,neg_real,0,4
enron_c49f51f06772|neg_synth,enron_c49f51f06772,enron,train,neg_synth,0,4
enron_c49f51f06772|A,enron_c49f51f06772,enron,train,A,1,4
enron_c49f51f06772|C,enron_c49f51f06772,enron,train,C,1,4
enron_c58d8b595347|neg_real,enron_c58d8b595347,enron,train,neg_real,0,2
enron_c58d8b595347|neg_synth,enron_c58d8b595347,enron,train,neg_synth,0,2
enron_c58d8b595347|A,enron_c58d8b595347,enron,train,A,1,2
enron_c58d8b595347|C,enron_c58d8b595347,enron,train,C,1,2
enron_c59002819cf3|neg_real,enron_c59002819cf3,enron,train,neg_real,0,2
enron_c59002819cf3|neg_synth,enron_c59002819cf3,enron,train,neg_synth,0,2
enron_c59002819cf3|A,enron_c59002819cf3,enron,train,A,1,2
enron_c59002819cf3|C,enron_c59002819cf3,enron,train,C,1,2
enron_c77a7d96d4cd|neg_real,enron_c77a7d96d4cd,enron,test,neg_real,0,2
enron_c77a7d96d4cd|neg_synth,enron_c77a7d96d4cd,enron,test,neg_synth,0,2
enron_c77a7d96d4cd|A,enron_c77a7d96d4cd,enron,test,A,1,2
enron_c77a7d96d4cd|C,enron_c77a7d96d4cd,enron,test,C,1,2
enron_c83c63aa86fe|neg_real,enron_c83c63aa86fe,enron,test,neg_real,0,4
enron_c83c63aa86fe|neg_synth,enron_c83c63aa86fe,enron,test,neg_synth,0,4
enron_c83c63aa86fe|A,enron_c83c63aa86fe,enron,test,A,1,4
enron_c83c63aa86fe|C,enron_c83c63aa86fe,enron,test,C,1,4
enron_c8610b0dc166|neg_real,enron_c8610b0dc166,enron,train,neg_real,0,3
enron_c8610b0dc166|neg_synth,enron_c8610b0dc166,enron,train,neg_synth,0,3
enron_c8610b0dc166|A,enron_c8610b0dc166,enron,train,A,1,3
enron_c8610b0dc166|C,enron_c8610b0dc166,enron,train,C,1,3
enron_c9df57067467|neg_real,enron_c9df57067467,enron,train,neg_real,0,2
enron_c9df57067467|neg_synth,enron_c9df57067467,enron,train,neg_synth,0,2
enron_c9df57067467|A,enron_c9df57067467,enron,train,A,1,2
enron_c9df57067467|C,enron_c9df57067467,enron,train,C,1,2
enron_caad814c2e58|neg_real,enron_caad814c2e58,enron,train,neg_real,0,3
enron_caad814c2e58|neg_synth,enron_caad814c2e58,enron,train,neg_synth,0,3
enron_caad814c2e58|A,enron_caad814c2e58,enron,train,A,1,3
enron_caad814c2e58|C,enron_caad814c2e58,enron,train,C,1,3
enron_cb4f2d55f34e|neg_real,enron_cb4f2d55f34e,enron,train,neg_real,0,3
enron_cb4f2d55f34e|neg_synth,enron_cb4f2d55f34e,enron,train,neg_synth,0,3
enron_cb4f2d55f34e|A,enron_cb4f2d55f34e,enron,train,A,1,3
enron_cb4f2d55f34e|C,enron_cb4f2d55f34e,enron,train,C,1,3
enron_cb88cc50649e|neg_real,enron_cb88cc50649e,enron,train,neg_real,0,2
enron_cb88cc50649e|neg_synth,enron_cb88cc50649e,enron,train,neg_synth,0,2
enron_cb88cc50649e|A,enron_cb88cc50649e,enron,train,A,1,2
enron_cb88cc50649e|C,enron_cb88cc50649e,enron,train,C,1,2
enron_cca69ba936bd|neg_real,enron_cca69ba936bd,enron,train,neg_real,0,2
enron_cca69ba936bd|neg_synth,enron_cca69ba936bd,enron,train,neg_synth,0,2
enron_cca69ba936bd|A,enron_cca69ba936bd,enron,train,A,1,2
enron_cca69ba936bd|C,enron_cca69ba936bd,enron,train,C,1,2
enron_ccb595e58794|neg_real,enron_ccb595e58794,enron,train,neg_real,0,3
enron_ccb595e58794|neg_synth,enron_ccb595e58794,enron,train,neg_synth,0,3
enron_ccb595e58794|A,enron_ccb595e58794,enron,train,A,1,3
enron_ccb595e58794|C,enron_ccb595e58794,enron,train,C,1,3
enron_cccf4eced164|neg_real,enron_cccf4eced164,enron,train,neg_real,0,2
enron_cccf4eced164|neg_synth,enron_cccf4eced164,enron,train,neg_synth,0,2
enron_cccf4eced164|A,enron_cccf4eced164,enron,train,A,1,2
enron_cccf4eced164|C,enron_cccf4eced164,enron,train,C,1,2
enron_cce7b94752b9|neg_real,enron_cce7b94752b9,enron,test,neg_real,0,2
enron_cce7b94752b9|neg_synth,enron_cce7b94752b9,enron,test,neg_synth,0,2
enron_cce7b94752b9|A,enron_cce7b94752b9,enron,test,A,1,2
enron_cce7b94752b9|C,enron_cce7b94752b9,enron,test,C,1,2
enron_cd23ea13140a|neg_real,enron_cd23ea13140a,enron,test,neg_real,0,4
enron_cd23ea13140a|neg_synth,enron_cd23ea13140a,enron,test,neg_synth,0,4
enron_cd23ea13140a|A,enron_cd23ea13140a,enron,test,A,1,4
enron_cd23ea13140a|C,enron_cd23ea13140a,enron,test,C,1,4
enron_cd4b18ee67c3|neg_real,enron_cd4b18ee67c3,enron,train,neg_real,0,6
enron_cd4b18ee67c3|neg_synth,enron_cd4b18ee67c3,enron,train,neg_synth,0,6
enron_cd4b18ee67c3|A,enron_cd4b18ee67c3,enron,train,A,1,6
enron_cd4b18ee67c3|C,enron_cd4b18ee67c3,enron,train,C,1,6
enron_cd56a9c4e1f2|neg_real,enron_cd56a9c4e1f2,enron,train,neg_real,0,2
enron_cd56a9c4e1f2|neg_synth,enron_cd56a9c4e1f2,enron,train,neg_synth,0,2
enron_cd56a9c4e1f2|A,enron_cd56a9c4e1f2,enron,train,A,1,2
enron_cd56a9c4e1f2|C,enron_cd56a9c4e1f2,enron,train,C,1,2
enron_cd9396e9f661|neg_real,enron_cd9396e9f661,enron,test,neg_real,0,6
enron_cd9396e9f661|neg_synth,enron_cd9396e9f661,enron,test,neg_synth,0,6
enron_cd9396e9f661|A,enron_cd9396e9f661,enron,test,A,1,6
enron_cd9396e9f661|C,enron_cd9396e9f661,enron,test,C,1,6
enron_cde3d72f811f|neg_real,enron_cde3d72f811f,enron,train,neg_real,0,2
enron_cde3d72f811f|neg_synth,enron_cde3d72f811f,enron,train,neg_synth,0,2
enron_cde3d72f811f|A,enron_cde3d72f811f,enron,train,A,1,2
enron_cde3d72f811f|C,enron_cde3d72f811f,enron,train,C,1,2
enron_cdebd5536fff|neg_real,enron_cdebd5536fff,enron,test,neg_real,0,2
enron_cdebd5536fff|neg_synth,enron_cdebd5536fff,enron,test,neg_synth,0,2
enron_cdebd5536fff|A,enron_cdebd5536fff,enron,test,A,1,2
enron_cdebd5536fff|C,enron_cdebd5536fff,enron,test,C,1,2
enron_ce0810d03f18|neg_real,enron_ce0810d03f18,enron,test,neg_real,0,2
enron_ce0810d03f18|neg_synth,enron_ce0810d03f18,enron,test,neg_synth,0,2
enron_ce0810d03f18|A,enron_ce0810d03f18,enron,test,A,1,2
enron_ce0810d03f18|C,enron_ce0810d03f18,enron,test,C,1,2
enron_d03010c24b9a|neg_real,enron_d03010c24b9a,enron,train,neg_real,0,2
enron_d03010c24b9a|neg_synth,enron_d03010c24b9a,enron,train,neg_synth,0,2
enron_d03010c24b9a|A,enron_d03010c24b9a,enron,train,A,1,2
enron_d03010c24b9a|C,enron_d03010c24b9a,enron,train,C,1,2
enron_d084aa84899e|neg_real,enron_d084aa84899e,enron,train,neg_real,0,2
enron_d084aa84899e|neg_synth,enron_d084aa84899e,enron,train,neg_synth,0,2
enron_d084aa84899e|A,enron_d084aa84899e,enron,train,A,1,2
enron_d084aa84899e|C,enron_d084aa84899e,enron,train,C,1,2
enron_d12ab5ed1342|neg_real,enron_d12ab5ed1342,enron,train,neg_real,0,2
enron_d12ab5ed1342|neg_synth,enron_d12ab5ed1342,enron,train,neg_synth,0,2
enron_d12ab5ed1342|A,enron_d12ab5ed1342,enron,train,A,1,2
enron_d12ab5ed1342|C,enron_d12ab5ed1342,enron,train,C,1,2
enron_d162f6e9f40a|neg_real,enron_d162f6e9f40a,enron,validation,neg_real,0,3
enron_d162f6e9f40a|neg_synth,enron_d162f6e9f40a,enron,validation,neg_synth,0,3
enron_d162f6e9f40a|A,enron_d162f6e9f40a,enron,validation,A,1,3
enron_d162f6e9f40a|C,enron_d162f6e9f40a,enron,validation,C,1,3
enron_d2fc5e026a3b|neg_real,enron_d2fc5e026a3b,enron,train,neg_real,0,3
enron_d2fc5e026a3b|neg_synth,enron_d2fc5e026a3b,enron,train,neg_synth,0,3
enron_d2fc5e026a3b|A,enron_d2fc5e026a3b,enron,train,A,1,3
enron_d2fc5e026a3b|C,enron_d2fc5e026a3b,enron,train,C,1,3
enron_d501287f5d41|neg_real,enron_d501287f5d41,enron,train,neg_real,0,2
enron_d501287f5d41|neg_synth,enron_d501287f5d41,enron,train,neg_synth,0,2
enron_d501287f5d41|A,enron_d501287f5d41,enron,train,A,1,2
enron_d501287f5d41|C,enron_d501287f5d41,enron,train,C,1,2
enron_d550c7fff7a8|neg_real,enron_d550c7fff7a8,enron,train,neg_real,0,5
enron_d550c7fff7a8|neg_synth,enron_d550c7fff7a8,enron,train,neg_synth,0,5
enron_d550c7fff7a8|A,enron_d550c7fff7a8,enron,train,A,1,5
enron_d550c7fff7a8|C,enron_d550c7fff7a8,enron,train,C,1,5
enron_d5fe58c90daf|neg_real,enron_d5fe58c90daf,enron,validation,neg_real,0,2
enron_d5fe58c90daf|neg_synth,enron_d5fe58c90daf,enron,validation,neg_synth,0,2
enron_d5fe58c90daf|A,enron_d5fe58c90daf,enron,validation,A,1,2
enron_d5fe58c90daf|C,enron_d5fe58c90daf,enron,validation,C,1,2
enron_d724f525cfac|neg_real,enron_d724f525cfac,enron,train,neg_real,0,3
enron_d724f525cfac|neg_synth,enron_d724f525cfac,enron,train,neg_synth,0,3
enron_d724f525cfac|A,enron_d724f525cfac,enron,train,A,1,3
enron_d724f525cfac|C,enron_d724f525cfac,enron,train,C,1,3
enron_d8530dd993f3|neg_real,enron_d8530dd993f3,enron,train,neg_real,0,2
enron_d8530dd993f3|neg_synth,enron_d8530dd993f3,enron,train,neg_synth,0,2
enron_d8530dd993f3|A,enron_d8530dd993f3,enron,train,A,1,2
enron_d8530dd993f3|C,enron_d8530dd993f3,enron,train,C,1,2
enron_d8fa76b53f84|neg_real,enron_d8fa76b53f84,enron,train,neg_real,0,2
enron_d8fa76b53f84|neg_synth,enron_d8fa76b53f84,enron,train,neg_synth,0,2
enron_d8fa76b53f84|A,enron_d8fa76b53f84,enron,train,A,1,2
enron_d8fa76b53f84|C,enron_d8fa76b53f84,enron,train,C,1,2
enron_da5befb8bd6f|neg_real,enron_da5befb8bd6f,enron,train,neg_real,0,3
enron_da5befb8bd6f|neg_synth,enron_da5befb8bd6f,enron,train,neg_synth,0,3
enron_da5befb8bd6f|A,enron_da5befb8bd6f,enron,train,A,1,3
enron_da5befb8bd6f|C,enron_da5befb8bd6f,enron,train,C,1,3
enron_dde76076e543|neg_real,enron_dde76076e543,enron,train,neg_real,0,3
enron_dde76076e543|neg_synth,enron_dde76076e543,enron,train,neg_synth,0,3
enron_dde76076e543|A,enron_dde76076e543,enron,train,A,1,3
enron_dde76076e543|C,enron_dde76076e543,enron,train,C,1,3
enron_df517cf9ba02|neg_real,enron_df517cf9ba02,enron,test,neg_real,0,4
enron_df517cf9ba02|neg_synth,enron_df517cf9ba02,enron,test,neg_synth,0,4
enron_df517cf9ba02|A,enron_df517cf9ba02,enron,test,A,1,4
enron_df517cf9ba02|C,enron_df517cf9ba02,enron,test,C,1,4
enron_df960d3030cf|neg_real,enron_df960d3030cf,enron,train,neg_real,0,2
enron_df960d3030cf|neg_synth,enron_df960d3030cf,enron,train,neg_synth,0,2
enron_df960d3030cf|A,enron_df960d3030cf,enron,train,A,1,2
enron_df960d3030cf|C,enron_df960d3030cf,enron,train,C,1,2
enron_e05e227830ba|neg_real,enron_e05e227830ba,enron,train,neg_real,0,2
enron_e05e227830ba|neg_synth,enron_e05e227830ba,enron,train,neg_synth,0,2
enron_e05e227830ba|A,enron_e05e227830ba,enron,train,A,1,2
enron_e05e227830ba|C,enron_e05e227830ba,enron,train,C,1,2
enron_e0c824ff3fd8|neg_real,enron_e0c824ff3fd8,enron,train,neg_real,0,2
enron_e0c824ff3fd8|neg_synth,enron_e0c824ff3fd8,enron,train,neg_synth,0,2
enron_e0c824ff3fd8|A,enron_e0c824ff3fd8,enron,train,A,1,2
enron_e0c824ff3fd8|C,enron_e0c824ff3fd8,enron,train,C,1,2
enron_e148508d49cf|neg_real,enron_e148508d49cf,enron,train,neg_real,0,4
enron_e148508d49cf|neg_synth,enron_e148508d49cf,enron,train,neg_synth,0,4
enron_e148508d49cf|A,enron_e148508d49cf,enron,train,A,1,4
enron_e148508d49cf|C,enron_e148508d49cf,enron,train,C,1,4
enron_e17fc9deb65c|neg_real,enron_e17fc9deb65c,enron,train,neg_real,0,3
enron_e17fc9deb65c|neg_synth,enron_e17fc9deb65c,enron,train,neg_synth,0,3
enron_e17fc9deb65c|A,enron_e17fc9deb65c,enron,train,A,1,3
enron_e17fc9deb65c|C,enron_e17fc9deb65c,enron,train,C,1,3
enron_e1ac916e2f45|neg_real,enron_e1ac916e2f45,enron,train,neg_real,0,2
enron_e1ac916e2f45|neg_synth,enron_e1ac916e2f45,enron,train,neg_synth,0,2
enron_e1ac916e2f45|A,enron_e1ac916e2f45,enron,train,A,1,2
enron_e1ac916e2f45|C,enron_e1ac916e2f45,enron,train,C,1,2
enron_e2c92b6a927e|neg_real,enron_e2c92b6a927e,enron,train,neg_real,0,2
enron_e2c92b6a927e|neg_synth,enron_e2c92b6a927e,enron,train,neg_synth,0,2
enron_e2c92b6a927e|A,enron_e2c92b6a927e,enron,train,A,1,2
enron_e2c92b6a927e|C,enron_e2c92b6a927e,enron,train,C,1,2
enron_e2e2ccf92850|neg_real,enron_e2e2ccf92850,enron,train,neg_real,0,2
enron_e2e2ccf92850|neg_synth,enron_e2e2ccf92850,enron,train,neg_synth,0,2
enron_e2e2ccf92850|A,enron_e2e2ccf92850,enron,train,A,1,2
enron_e2e2ccf92850|C,enron_e2e2ccf92850,enron,train,C,1,2
enron_e3cbbb44ba5a|neg_real,enron_e3cbbb44ba5a,enron,train,neg_real,0,2
enron_e3cbbb44ba5a|neg_synth,enron_e3cbbb44ba5a,enron,train,neg_synth,0,2
enron_e3cbbb44ba5a|A,enron_e3cbbb44ba5a,enron,train,A,1,2
enron_e3cbbb44ba5a|C,enron_e3cbbb44ba5a,enron,train,C,1,2
enron_e4b7404b0cc6|neg_real,enron_e4b7404b0cc6,enron,train,neg_real,0,4
enron_e4b7404b0cc6|neg_synth,enron_e4b7404b0cc6,enron,train,neg_synth,0,4
enron_e4b7404b0cc6|A,enron_e4b7404b0cc6,enron,train,A,1,4
enron_e4b7404b0cc6|C,enron_e4b7404b0cc6,enron,train,C,1,4
enron_e62427c55fe2|neg_real,enron_e62427c55fe2,enron,train,neg_real,0,2
enron_e62427c55fe2|neg_synth,enron_e62427c55fe2,enron,train,neg_synth,0,2
enron_e62427c55fe2|A,enron_e62427c55fe2,enron,train,A,1,2
enron_e62427c55fe2|C,enron_e62427c55fe2,enron,train,C,1,2
enron_e7248c344d4e|neg_real,enron_e7248c344d4e,enron,train,neg_real,0,2
enron_e7248c344d4e|neg_synth,enron_e7248c344d4e,enron,train,neg_synth,0,2
enron_e7248c344d4e|A,enron_e7248c344d4e,enron,train,A,1,2
enron_e7248c344d4e|C,enron_e7248c344d4e,enron,train,C,1,2
enron_e831824d1ad4|neg_real,enron_e831824d1ad4,enron,test,neg_real,0,2
enron_e831824d1ad4|neg_synth,enron_e831824d1ad4,enron,test,neg_synth,0,2
enron_e831824d1ad4|A,enron_e831824d1ad4,enron,test,A,1,2
enron_e831824d1ad4|C,enron_e831824d1ad4,enron,test,C,1,2
enron_e98bb9572c9e|neg_real,enron_e98bb9572c9e,enron,test,neg_real,0,6
enron_e98bb9572c9e|neg_synth,enron_e98bb9572c9e,enron,test,neg_synth,0,6
enron_e98bb9572c9e|A,enron_e98bb9572c9e,enron,test,A,1,6
enron_e98bb9572c9e|C,enron_e98bb9572c9e,enron,test,C,1,6
enron_ea598d9c377c|neg_real,enron_ea598d9c377c,enron,train,neg_real,0,2
enron_ea598d9c377c|neg_synth,enron_ea598d9c377c,enron,train,neg_synth,0,2
enron_ea598d9c377c|A,enron_ea598d9c377c,enron,train,A,1,2
enron_ea598d9c377c|C,enron_ea598d9c377c,enron,train,C,1,2
enron_edb5ef6f8bd4|neg_real,enron_edb5ef6f8bd4,enron,train,neg_real,0,3
enron_edb5ef6f8bd4|neg_synth,enron_edb5ef6f8bd4,enron,train,neg_synth,0,3
enron_edb5ef6f8bd4|A,enron_edb5ef6f8bd4,enron,train,A,1,3
enron_edb5ef6f8bd4|C,enron_edb5ef6f8bd4,enron,train,C,1,3
enron_edf715a9ef34|neg_real,enron_edf715a9ef34,enron,train,neg_real,0,3
enron_edf715a9ef34|neg_synth,enron_edf715a9ef34,enron,train,neg_synth,0,3
enron_edf715a9ef34|A,enron_edf715a9ef34,enron,train,A,1,3
enron_edf715a9ef34|C,enron_edf715a9ef34,enron,train,C,1,3
enron_f00880af0b41|neg_real,enron_f00880af0b41,enron,train,neg_real,0,2
enron_f00880af0b41|neg_synth,enron_f00880af0b41,enron,train,neg_synth,0,2
enron_f00880af0b41|A,enron_f00880af0b41,enron,train,A,1,2
enron_f00880af0b41|C,enron_f00880af0b41,enron,train,C,1,2
enron_f08c4826d7b6|neg_real,enron_f08c4826d7b6,enron,train,neg_real,0,3
enron_f08c4826d7b6|neg_synth,enron_f08c4826d7b6,enron,train,neg_synth,0,3
enron_f08c4826d7b6|A,enron_f08c4826d7b6,enron,train,A,1,3
enron_f08c4826d7b6|C,enron_f08c4826d7b6,enron,train,C,1,3
enron_f0d690b0fc6a|neg_real,enron_f0d690b0fc6a,enron,train,neg_real,0,2
enron_f0d690b0fc6a|neg_synth,enron_f0d690b0fc6a,enron,train,neg_synth,0,2
enron_f0d690b0fc6a|A,enron_f0d690b0fc6a,enron,train,A,1,2
enron_f0d690b0fc6a|C,enron_f0d690b0fc6a,enron,train,C,1,2
enron_f0eb8c367842|neg_real,enron_f0eb8c367842,enron,validation,neg_real,0,2
enron_f0eb8c367842|neg_synth,enron_f0eb8c367842,enron,validation,neg_synth,0,2
enron_f0eb8c367842|A,enron_f0eb8c367842,enron,validation,A,1,2
enron_f0eb8c367842|C,enron_f0eb8c367842,enron,validation,C,1,2
enron_f122202e9a0b|neg_real,enron_f122202e9a0b,enron,validation,neg_real,0,2
enron_f122202e9a0b|neg_synth,enron_f122202e9a0b,enron,validation,neg_synth,0,2
enron_f122202e9a0b|A,enron_f122202e9a0b,enron,validation,A,1,2
enron_f122202e9a0b|C,enron_f122202e9a0b,enron,validation,C,1,2
enron_f133d22b08cf|neg_real,enron_f133d22b08cf,enron,train,neg_real,0,2
enron_f133d22b08cf|neg_synth,enron_f133d22b08cf,enron,train,neg_synth,0,2
enron_f133d22b08cf|A,enron_f133d22b08cf,enron,train,A,1,2
enron_f133d22b08cf|C,enron_f133d22b08cf,enron,train,C,1,2
enron_f259bcc50659|neg_real,enron_f259bcc50659,enron,train,neg_real,0,5
enron_f259bcc50659|neg_synth,enron_f259bcc50659,enron,train,neg_synth,0,5
enron_f259bcc50659|A,enron_f259bcc50659,enron,train,A,1,5
enron_f259bcc50659|C,enron_f259bcc50659,enron,train,C,1,5
enron_f27fa32d6cc4|neg_real,enron_f27fa32d6cc4,enron,validation,neg_real,0,2
enron_f27fa32d6cc4|neg_synth,enron_f27fa32d6cc4,enron,validation,neg_synth,0,2
enron_f27fa32d6cc4|A,enron_f27fa32d6cc4,enron,validation,A,1,2
enron_f27fa32d6cc4|C,enron_f27fa32d6cc4,enron,validation,C,1,2
enron_f43d8b47b72a|neg_real,enron_f43d8b47b72a,enron,train,neg_real,0,2
enron_f43d8b47b72a|neg_synth,enron_f43d8b47b72a,enron,train,neg_synth,0,2
enron_f43d8b47b72a|A,enron_f43d8b47b72a,enron,train,A,1,2
enron_f43d8b47b72a|C,enron_f43d8b47b72a,enron,train,C,1,2
enron_f5d702d57704|neg_real,enron_f5d702d57704,enron,train,neg_real,0,2
enron_f5d702d57704|neg_synth,enron_f5d702d57704,enron,train,neg_synth,0,2
enron_f5d702d57704|A,enron_f5d702d57704,enron,train,A,1,2
enron_f5d702d57704|C,enron_f5d702d57704,enron,train,C,1,2
enron_f6d4fa2f7ba9|neg_real,enron_f6d4fa2f7ba9,enron,train,neg_real,0,2
enron_f6d4fa2f7ba9|neg_synth,enron_f6d4fa2f7ba9,enron,train,neg_synth,0,2
enron_f6d4fa2f7ba9|A,enron_f6d4fa2f7ba9,enron,train,A,1,2
enron_f6d4fa2f7ba9|C,enron_f6d4fa2f7ba9,enron,train,C,1,2
enron_f7f15aa9eb90|neg_real,enron_f7f15aa9eb90,enron,train,neg_real,0,2
enron_f7f15aa9eb90|neg_synth,enron_f7f15aa9eb90,enron,train,neg_synth,0,2
enron_f7f15aa9eb90|A,enron_f7f15aa9eb90,enron,train,A,1,2
enron_f7f15aa9eb90|C,enron_f7f15aa9eb90,enron,train,C,1,2
enron_f84ff3c6f6a8|neg_real,enron_f84ff3c6f6a8,enron,train,neg_real,0,2
enron_f84ff3c6f6a8|neg_synth,enron_f84ff3c6f6a8,enron,train,neg_synth,0,2
enron_f84ff3c6f6a8|A,enron_f84ff3c6f6a8,enron,train,A,1,2
enron_f84ff3c6f6a8|C,enron_f84ff3c6f6a8,enron,train,C,1,2
enron_f89ef67e7273|neg_real,enron_f89ef67e7273,enron,validation,neg_real,0,2
enron_f89ef67e7273|neg_synth,enron_f89ef67e7273,enron,validation,neg_synth,0,2
enron_f89ef67e7273|A,enron_f89ef67e7273,enron,validation,A,1,2
enron_f89ef67e7273|C,enron_f89ef67e7273,enron,validation,C,1,2
enron_f936294ec03e|neg_real,enron_f936294ec03e,enron,train,neg_real,0,3
enron_f936294ec03e|neg_synth,enron_f936294ec03e,enron,train,neg_synth,0,3
enron_f936294ec03e|A,enron_f936294ec03e,enron,train,A,1,3
enron_f936294ec03e|C,enron_f936294ec03e,enron,train,C,1,3
enron_f93f8b23f096|neg_real,enron_f93f8b23f096,enron,train,neg_real,0,2
enron_f93f8b23f096|neg_synth,enron_f93f8b23f096,enron,train,neg_synth,0,2
enron_f93f8b23f096|A,enron_f93f8b23f096,enron,train,A,1,2
enron_f93f8b23f096|C,enron_f93f8b23f096,enron,train,C,1,2
enron_f9be242afdf3|neg_real,enron_f9be242afdf3,enron,train,neg_real,0,3
enron_f9be242afdf3|neg_synth,enron_f9be242afdf3,enron,train,neg_synth,0,3
enron_f9be242afdf3|A,enron_f9be242afdf3,enron,train,A,1,3
enron_f9be242afdf3|C,enron_f9be242afdf3,enron,train,C,1,3
enron_f9d640d42d7d|neg_real,enron_f9d640d42d7d,enron,test,neg_real,0,3
enron_f9d640d42d7d|neg_synth,enron_f9d640d42d7d,enron,test,neg_synth,0,3
enron_f9d640d42d7d|A,enron_f9d640d42d7d,enron,test,A,1,3
enron_f9d640d42d7d|C,enron_f9d640d42d7d,enron,test,C,1,3
enron_f9e82c26cceb|neg_real,enron_f9e82c26cceb,enron,train,neg_real,0,5
enron_f9e82c26cceb|neg_synth,enron_f9e82c26cceb,enron,train,neg_synth,0,5
enron_f9e82c26cceb|A,enron_f9e82c26cceb,enron,train,A,1,5
enron_f9e82c26cceb|C,enron_f9e82c26cceb,enron,train,C,1,5
enron_fb1c8af981fd|neg_real,enron_fb1c8af981fd,enron,train,neg_real,0,2
enron_fb1c8af981fd|neg_synth,enron_fb1c8af981fd,enron,train,neg_synth,0,2
enron_fb1c8af981fd|A,enron_fb1c8af981fd,enron,train,A,1,2
enron_fb1c8af981fd|C,enron_fb1c8af981fd,enron,train,C,1,2
enron_fe015f73e647|neg_real,enron_fe015f73e647,enron,test,neg_real,0,3
enron_fe015f73e647|neg_synth,enron_fe015f73e647,enron,test,neg_synth,0,3
enron_fe015f73e647|A,enron_fe015f73e647,enron,test,A,1,3
enron_fe015f73e647|C,enron_fe015f73e647,enron,test,C,1,3
enron_fe9f07a7e611|neg_real,enron_fe9f07a7e611,enron,train,neg_real,0,2
enron_fe9f07a7e611|neg_synth,enron_fe9f07a7e611,enron,train,neg_synth,0,2
enron_fe9f07a7e611|A,enron_fe9f07a7e611,enron,train,A,1,2
enron_fe9f07a7e611|C,enron_fe9f07a7e611,enron,train,C,1,2
enron_ff7b3b20646f|neg_real,enron_ff7b3b20646f,enron,train,neg_real,0,2
enron_ff7b3b20646f|neg_synth,enron_ff7b3b20646f,enron,train,neg_synth,0,2
enron_ff7b3b20646f|A,enron_ff7b3b20646f,enron,train,A,1,2
enron_ff7b3b20646f|C,enron_ff7b3b20646f,enron,train,C,1,2
